專屬碼	名稱	限制時間	拳館獲得經驗值	角色獲得經驗值	消耗行動力	失敗消耗行動力	次數限制	獎勵	NPC專屬碼	NPC_AI模式	NPC_難度	是否可重覆	獲得金幣倍率	賽場編號	賽場徽標	拳館等級需求	據點ICON	關卡敘述	NPC爬起次數 	讀秒區間1	讀秒區間2	圖紙	回合時間	勝利條件類型	勝利條件變數	爆衣機率	頭套ID
1001010	9013001	3	6	16	6	1	0	{"1000":{"0511007":{"base":3,"amount":2},"0501021":{"amount":1},"0501044":{"amount":1}}}	2001061	7	1.00	0	1.01	outer_floor_d	ring_floor_d	0		9113001	0	0	0	{}	0	0	0	0	
1001020	9013002	3	6	18	6	1	0	{"1000":{"0511007":{"base":3,"amount":2},"0501052":{"amount":1}}}	2001062	8	1.00	0	1.01	outer_floor_d	ring_floor_d	0		9113002	0	0	0	{}	0	0	0	0	
1001030	9013003	3	6	20	6	1	0	{"150":{"0202009":{"amount":1}},"1000":{"0511001":{"base":5,"amount":3},"0511007":{"base":3,"amount":2},"0503001":{"amount":1}}}	2001001	1	2.00	1	1.00	outer_floor_d	ring_floor_d	0	stage01map_point_01	9113003	0	0	0	{}	0	0	0	100	0107001
1001040	9013004	3	6	21	6	1	0	{"1000":{"0511001":{"base":3,"amount":2},"0503006":{"amount":1}}}	2001063	9	1.00	0	1.01	outer_floor_d	ring_floor_d	0		9113004	0	0	0	{}	0	0	0	0	
1001050	9013005	3	6	22	6	1	0	{"1000":{"0511001":{"base":3,"amount":2},"0503007":{"amount":1}}}	2001064	9	1.00	0	1.01	outer_floor_d	ring_floor_d	0		9113005	0	0	0	{}	0	0	0	0	
1001060	9013006	3	6	22	6	1	0	{"150":{"0202006":{"amount":1}},"1000":{"0511007":{"base":5,"amount":3},"0511019":{"base":3,"amount":2},"0501012":{"amount":1},"0501014":{"amount":1}}}	2001002	2	2.00	1	1.03	outer_floor_d	ring_floor_d	0	stage01map_point_02	9113006	1	2	7	{}	0	0	0	100	0107002
1001070	9013007	3	6	23	6	1	0	{"1000":{"0511019":{"base":3,"amount":2},"0501028":{"amount":1},"0501029":{"amount":1}}}	2001065	10	1.00	0	1.05	outer_floor_d	ring_floor_d	0		9113007	0	0	0	{}	0	0	0	0	
1001080	9013008	3	6	23	6	1	0	{"1000":{"0511019":{"base":3,"amount":2},"0501034":{"amount":1}}}	2001066	10	1.00	0	1.01	outer_floor_d	ring_floor_d	0		9113008	0	0	0	{}	0	0	0	0	
1001090	9013009	3	6	24	6	1	0	{"150":{"0202006":{"amount":1}},"1000":{"0511025":{"base":5,"amount":3},"0511013":{"base":3,"amount":2},"0501035":{"amount":1}}}	2001003	3	2.00	1	1.07	outer_floor_d	ring_floor_d	0	stage01map_point_03	9113009	0	0	0	{}	0	0	0	100	0107003
1001100	9013010	3	6	24	6	1	0	{"1000":{"0511013":{"base":3,"amount":2},"0501046":{"amount":1}}}	2001067	11	1.00	0	1.09	outer_floor_d	ring_floor_d	0		9113010	0	0	0	{}	0	0	0	0	
1001110	9013011	3	6	24	6	1	0	{"1000":{"0511013":{"base":3,"amount":2},"0501055":{"amount":1}}}	2001068	11	1.00	0	1.01	outer_floor_d	ring_floor_d	0		9113011	0	0	0	{}	0	0	0	0	
1001120	9013012	3	6	24	6	1	0	{"150":{"0202009":{"amount":1}},"1000":{"0511019":{"base":5,"amount":3},"0511025":{"base":3,"amount":2},"0502004":{"amount":1}}}	2001004	4	2.00	1	1.11	outer_floor_d	ring_floor_d	0	stage01map_point_04	9113012	0	0	0	{}	0	0	0	100	0107001
1001130	9013013	3	6	26	6	1	0	{"1000":{"0511001":{"base":3,"amount":2},"0502013":{"amount":1}}}	2001069	12	1.00	0	1.01	outer_floor_d	ring_floor_d	0		9113013	0	0	0	{}	0	0	0	0	
1001140	9013014	3	6	26	6	1	0	{"1000":{"0511001":{"base":3,"amount":2},"0502014":{"amount":1},"0502015":{"amount":1}}}	2001070	12	1.00	0	1.13	outer_floor_d	ring_floor_d	0		9113014	0	0	0	{}	0	0	0	0	
1001150	9013015	3	6	27	6	1	0	{"150":{"0202009":{"amount":1}},"1000":{"0511013":{"base":5,"amount":3},"0511025":{"base":3,"amount":2},"0502019":{"amount":1}}}	2001005	5	2.00	1	1.15	outer_floor_d	ring_floor_d	0	stage01map_point_05	9113015	0	0	0	{}	0	0	0	100	0107002
1001160	9013016	3	6	27	6	1	0	{"1000":{"0511025":{"base":3,"amount":2},"0502050":{"amount":1}}}	2001071	13	1.00	0	1.17	outer_floor_d	ring_floor_d	0		9113016	0	0	0	{}	0	0	0	0	
1001170	9013017	3	6	28	6	1	0	{"1000":{"0511025":{"base":3,"amount":2},"0502101":{"amount":1}}}	2001072	13	1.00	0	1.19	outer_floor_d	ring_floor_d	0		9113017	0	0	0	{}	0	0	0	0	
1001180	9013018	3	6	28	6	1	0	{"150":{"0202009":{"amount":1}},"1000":{"0511025":{"base":5,"amount":3},"0511019":{"base":3,"amount":2},"0502102":{"amount":1}}}	2001006	6	1.00	1	1.20	outer_floor_d	ring_floor_d	0	stage01map_point_06	9113018	1	3	7	{"200":{"5002035":{"base":1,"amount":1}},"400":{"5005501":{"base":1,"amount":1}},"600":{"5001024":{"base":1,"amount":1}}}	0	0	0	100	0107003
1002010	9013019	3	6	28	6	1	0	{"1000":{"0511014":{"base":3,"amount":2},"0502503":{"amount":1},"0502504":{"amount":3}}}	2001073	26	3.00	0	1.01	outer_floor_d1	ring_floor_d1	5		9113019	0	0	0	{}	0	0	0	0	
1002020	9013020	3	6	28	6	1	0	{"1000":{"0511014":{"base":3,"amount":2},"0502506":{"amount":1}}}	2001074	26	3.00	0	1.01	outer_floor_d1	ring_floor_d1	5		9113020	0	0	0	{}	0	0	0	0	
1002030	9013021	3	6	28	6	1	0	{"150":{"0202009":{"amount":1}},"1000":{"0511007":{"base":5,"amount":3},"0511019":{"base":3,"amount":2},"0503008":{"amount":1}}}	2001007	20	3.50	1	1.21	outer_floor_d1	ring_floor_d1	5	stage02map_point_01	9113021	1	3	7	{}	0	0	0	100	0107001
1002040	9013022	3	6	28	6	1	0	{"1000":{"0511008":{"base":3,"amount":2},"0503504":{"amount":1}}}	2001075	27	3.00	0	1.21	outer_floor_d1	ring_floor_d1	5		9113022	0	0	0	{}	0	0	0	0	
1002050	9013023	3	6	28	6	1	0	{"1000":{"0511008":{"base":3,"amount":2},"0503506":{"amount":1}}}	2001076	27	3.00	0	1.01	outer_floor_d1	ring_floor_d1	5		9113023	0	0	0	{}	0	0	0	0	
1002060	9013024	3	6	28	6	1	0	{"150":{"0202009":{"amount":1}},"1000":{"0511019":{"base":5,"amount":3},"0511025":{"base":3,"amount":2},"0505001":{"amount":1},"0505002":{"amount":1}}}	2001008	21	4.00	1	1.23	outer_floor_d1	ring_floor_d1	5	stage01map_point_05	9113024	1	3	7	{}	0	0	0	100	0107002
1002070	9013025	3	6	28	6	1	0	{"1000":{"0511015":{"base":3,"amount":2},"0505006":{"amount":1}}}	2001077	28	3.00	0	1.23	outer_floor_d1	ring_floor_d1	5		9113025	0	0	0	{}	0	0	0	0	
1002080	9013026	3	6	28	6	1	0	{"1000":{"0511015":{"base":3,"amount":2},"0505007":{"amount":1},"0505008":{"amount":1}}}	2001078	28	3.00	0	1.01	outer_floor_d1	ring_floor_d1	5		9113026	0	0	0	{}	0	0	0	0	
1002090	9013027	3	6	28	6	1	0	{"150":{"0202009":{"amount":1}},"1000":{"0511007":{"base":5,"amount":3},"0511013":{"base":3,"amount":2},"0505013":{"amount":1}}}	2001009	22	4.00	1	1.25	outer_floor_d1	ring_floor_d1	5	stage02map_point_03	9113027	1	3	7	{}	0	0	0	100	0107003
1002100	9013028	3	6	29	6	1	0	{"1000":{"0511020":{"base":3,"amount":2},"0505507":{"amount":1}}}	2001079	29	3.00	0	1.25	outer_floor_d1	ring_floor_d1	5		9113028	0	0	0	{}	0	0	0	0	
1002110	9013029	3	6	29	6	1	0	{"1000":{"0511020":{"base":3,"amount":2},"0505508":{"amount":1}}}	2001080	29	3.00	0	1.01	outer_floor_d1	ring_floor_d1	5		9113029	0	0	0	{}	0	0	0	0	
1002120	9013030	3	6	29	6	1	0	{"150":{"0202013":{"amount":1}},"1000":{"0511025":{"base":5,"amount":3},"0511019":{"base":3,"amount":2},"0510001":{"amount":1}}}	2001010	23	4.00	1	1.27	outer_floor_d1	ring_floor_d1	5	stage02map_point_04	9113030	1	3	7	{}	0	0	0	100	0107001
1002130	9013031	3	6	29	6	1	0	{"1000":{"0511026":{"base":3,"amount":2},"0510006":{"amount":1}}}	2001081	30	3.00	0	1.27	outer_floor_d1	ring_floor_d1	5		9113031	0	0	0	{}	0	0	0	0	
1002140	9013032	3	6	29	6	1	0	{"1000":{"0511026":{"base":3,"amount":2},"0510007":{"amount":1},"0510008":{"amount":1}}}	2001082	30	3.00	0	1.01	outer_floor_d1	ring_floor_d1	5		9113032	0	0	0	{}	0	0	0	0	
1002150	9013033	3	6	29	6	1	0	{"150":{"0202006":{"amount":1}},"1000":{"0511001":{"base":5,"amount":3},"0511013":{"base":3,"amount":2},"0510009":{"amount":1}}}	2001011	24	4.00	1	1.29	outer_floor_d1	ring_floor_d1	5	stage02map_point_05	9113033	1	3	7	{}	0	0	0	100	0107002
1002160	9013034	3	6	29	6	1	0	{"1000":{"0511002":{"base":3,"amount":2},"0510013":{"amount":1},"0510014":{"amount":1}}}	2001083	31	3.00	0	1.01	outer_floor_d1	ring_floor_d1	5		9113034	0	0	0	{}	0	0	0	0	
1002170	9013035	3	6	29	6	1	0	{"1000":{"0511002":{"base":3,"amount":2},"0510015":{"amount":2}}}	2001084	31	3.00	0	1.01	outer_floor_d1	ring_floor_d1	5		9113035	0	0	0	{}	0	0	0	0	
1002180	9013036	3	6	29	6	1	0	{"150":{"02020063":{"amount":1}},"1000":{"0511013":{"base":5,"amount":3},"0511001":{"base":3,"amount":2},"0510016":{"amount":1}}}	2001012	25	4.00	1	1.29	outer_floor_d1	ring_floor_d1	5	stage02map_point_06	9113036	1	3	7	{"200":{"5002040":{"base":1,"amount":1}},"400":{"5003501":{"base":1,"amount":1}},"600":{"5005502":{"base":1,"amount":1}}}	0	0	0	100	0107003
1003010	9013037	3	6	30	6	1	0	{"1000":{"0511026":{"base":3,"amount":2},"0510021":{"amount":1}}}	2001085	44	3.00	0	1.01	outer_floor_d2	ring_floor_d2	8		9113037	0	0	0	{}	0	0	0	0	
1003020	9013038	3	6	30	6	1	0	{"1000":{"0511026":{"base":3,"amount":2},"0510022":{"amount":1}}}	2001086	44	3.50	0	1.01	outer_floor_d2	ring_floor_d2	8		9113038	0	0	0	{}	0	0	0	0	
1003030	9013039	3	6	30	6	1	0	{"150":{"0202009":{"amount":1}},"1000":{"0511025":{"base":5,"amount":3},"0511001":{"base":3,"amount":2},"0510023":{"amount":1},"0510024":{"amount":1}}}	2001013	38	3.00	1	1.30	outer_floor_d2	ring_floor_d2	8	stage03map_point_01	9113039	2	3	7	{}	0	0	0	100	0107001
1003040	9013040	3	6	30	6	1	0	{"1000":{"0511001":{"base":3,"amount":2},"0501013":{"amount":1},"0501015":{"amount":1}}}	2001087	45	3.00	0	1.01	outer_floor_d2	ring_floor_d2	8		9113040	1	2	8	{}	0	0	0	0	
1003050	9013041	3	6	30	6	1	0	{"1000":{"0511001":{"base":3,"amount":2},"0501016":{"amount":1}}}	2001088	45	3.00	0	1.01	outer_floor_d2	ring_floor_d2	8		9113041	1	2	8	{}	0	0	0	0	
1003060	9013042	3	6	30	6	1	0	{"150":{"0202009":{"amount":1}},"1000":{"0511020":{"base":5,"amount":3},"0511013":{"base":3,"amount":2},"0501024":{"amount":1}}}	2001014	39	4.00	1	1.31	outer_floor_d2	ring_floor_d2	8	stage03map_point_02	9113042	0	0	0	{}	0	0	0	100	0107002
1003070	9013043	3	6	31	6	1	0	{"1000":{"0511019":{"base":3,"amount":2},"0501042":{"amount":1}}}	2001089	46	3.00	0	1.31	outer_floor_d2	ring_floor_d2	8		9113043	1	2	8	{}	0	0	0	0	
1003080	9013044	3	6	31	6	1	0	{"1000":{"0511019":{"base":3,"amount":2},"0501045":{"amount":1}}}	2001090	46	4.00	0	1.01	outer_floor_d2	ring_floor_d2	8		9113044	1	2	8	{}	0	0	0	0	
1003090	9013045	3	6	31	6	1	0	{"150":{"0202009":{"amount":1}},"1000":{"0511001":{"base":5,"amount":3},"0511019":{"base":3,"amount":2},"0501050":{"amount":1}}}	2001015	40	4.00	1	1.33	outer_floor_d2	ring_floor_d2	8	stage03map_point_03	9113045	1	3	7	{}	0	0	0	100	0107003
1003100	9013046	3	6	31	6	1	0	{"1000":{"0511013":{"base":3,"amount":2},"0502032":{"amount":1}}}	2001091	47	3.00	0	1.01	outer_floor_d2	ring_floor_d2	8		9113046	1	2	8	{}	0	0	0	0	
1003110	9013047	3	6	31	6	1	0	{"1000":{"0511013":{"base":3,"amount":2},"0502033":{"amount":1},"0502034":{"amount":1}}}	2001092	47	3.00	0	1.35	outer_floor_d2	ring_floor_d2	8		9113047	1	2	8	{}	0	0	0	0	
1003120	9013048	3	6	31	6	1	0	{"150":{"0202013":{"amount":1}},"1000":{"0511007":{"base":5,"amount":3},"0511001":{"base":3,"amount":2},"0502037":{"amount":1}}}	2001016	41	3.50	1	1.35	outer_floor_d2	ring_floor_d2	8	stage03map_point_04	9113048	2	3	7	{}	0	0	0	100	0107001
1003130	9013049	3	6	31	6	1	0	{"1000":{"0511007":{"base":3,"amount":2},"0502044":{"amount":1}}}	2001093	48	3.00	0	1.33	outer_floor_d2	ring_floor_d2	8		9113049	1	2	8	{}	0	0	0	0	
1003140	9013050	3	6	31	6	1	0	{"1000":{"0511007":{"base":3,"amount":2},"0502049":{"amount":1}}}	2001094	48	3.00	0	1.37	outer_floor_d2	ring_floor_d2	8		9113050	1	2	8	{}	0	0	0	0	
1003150	9013051	3	6	31	6	1	0	{"150":{"0202013":{"amount":1}},"1000":{"0511019":{"base":5,"amount":3},"0511013":{"base":3,"amount":2},"0502055":{"amount":1}}}	2001017	42	3.00	1	1.37	outer_floor_d2	ring_floor_d2	8	stage02map_point_03	9113051	2	3	7	{}	0	0	0	100	0107002
1003160	9013052	3	6	32	6	1	0	{"1000":{"0511025":{"base":3,"amount":2},"0503016":{"amount":1}}}	2001095	49	3.00	0	1.01	outer_floor_d2	ring_floor_d2	8		9113052	1	2	8	{}	0	0	0	0	
1003170	9013053	3	6	32	6	1	0	{"1000":{"0511025":{"base":3,"amount":2},"0503017":{"amount":1}}}	2001096	49	3.00	0	1.01	outer_floor_d2	ring_floor_d2	8		9113053	1	2	8	{}	0	0	0	0	
1003180	9013054	3	6	32	6	1	0	{"150":{"0202009":{"amount":2}},"1000":{"0511014":{"base":5,"amount":3},"0511002":{"base":3,"amount":2},"0503019":{"amount":1},"0503055":{"amount":1}}}	2001018	43	4.50	1	1.39	outer_floor_d2	ring_floor_d2	8	stage03map_point_05	9113054	2	3	7	{}	0	0	0	100	0107003
1004010	9013055	3	8	33	8	1	0	{"1000":{"0511003":{"base":3,"amount":2},"0503660":{"amount":6},"0504004":{"amount":1}}}	2001097	62	3.00	0	1.01	outer_floor_d3	ring_floor_d3	18		9113055	1	2	8	{}	0	0	0	0	
1004020	9013056	3	8	33	8	1	0	{"1000":{"0511003":{"base":3,"amount":2},"0505009":{"amount":1}}}	2001098	62	3.00	0	1.01	outer_floor_d3	ring_floor_d3	18		9113056	1	2	8	{}	0	0	0	0	
1004030	9013057	3	8	33	8	1	0	{"150":{"0202009":{"amount":1}},"1000":{"0511014":{"base":5,"amount":3},"0511020":{"base":3,"amount":2},"0505014":{"amount":1}}}	2001019	56	4.50	1	1.40	outer_floor_d3	ring_floor_d3	18	stage04map_point_01	9113057	2	3	7	{}	0	0	0	100	0107001
1004040	9013058	3	8	33	8	1	0	{"1000":{"0511015":{"base":3,"amount":2},"0505104":{"amount":1}}}	2001099	63	3.50	0	1.41	outer_floor_d3	ring_floor_d3	18		9113058	1	2	8	{}	0	0	0	0	
1004050	9013059	3	8	33	8	1	0	{"1000":{"0511015":{"base":3,"amount":2},"0505105":{"amount":1}}}	2001100	63	3.50	0	1.43	outer_floor_d3	ring_floor_d3	18		9113059	1	2	8	{}	0	0	0	0	
1004060	9013060	3	8	33	8	1	0	{"150":{"0202009":{"amount":1}},"1000":{"0511002":{"base":5,"amount":3},"0511014":{"base":3,"amount":2},"0505106":{"amount":1}}}	2001020	57	4.00	1	1.43	outer_floor_d3	ring_floor_d3	18	stage04map_point_01	9113060	2	3	7	{}	0	0	0	100	0107002
1004070	9013061	3	8	34	8	1	0	{"1000":{"0511009":{"base":3,"amount":2},"0505509":{"amount":1}}}	2001101	64	3.50	0	1.45	outer_floor_d3	ring_floor_d3	18		9113061	1	2	8	{}	0	0	0	0	
1004080	9013062	3	8	34	8	1	0	{"1000":{"0511009":{"base":3,"amount":2},"0505654":{"amount":6},"0505660":{"amount":6}}}	2001102	64	2.50	0	1.45	outer_floor_d3	ring_floor_d3	18		9113062	1	2	8	{}	0	0	0	0	
1004090	9013063	3	8	34	8	1	0	{"150":{"0202009":{"amount":1}},"1000":{"0511008":{"base":5,"amount":3},"0511002":{"base":3,"amount":2},"0506002":{"amount":1}}}	2001021	58	3.50	1	1.47	outer_floor_d3	ring_floor_d3	18	stage04map_point_01	9113063	2	3	7	{}	0	0	0	100	0107003
1004100	9013064	3	8	34	8	1	0	{"1000":{"0511014":{"base":3,"amount":2},"0501010":{"amount":1}}}	2001103	65	2.50	0	1.47	outer_floor_d3	ring_floor_d3	18		9113064	1	2	8	{}	0	0	0	0	
1004110	9013065	3	8	34	8	1	0	{"1000":{"0511019":{"base":3,"amount":2},"0501018":{"amount":1}}}	2001104	65	2.50	0	1.01	outer_floor_d3	ring_floor_d3	18		9113065	1	2	8	{}	0	0	0	0	
1004120	9013066	3	8	34	8	1	0	{"150":{"020208":{"amount":1}},"1000":{"0511008":{"base":5,"amount":3},"0511002":{"base":3,"amount":2},"0501019":{"amount":1}}}	2001022	59	4.00	1	1.01	outer_floor_d3	ring_floor_d3	18	stage04map_point_01	9113066	2	3	7	{}	0	0	0	100	0107001
1004130	9013067	3	8	34	8	1	0	{"1000":{"0511014":{"base":3,"amount":2},"0501033":{"amount":1}}}	2001105	66	3.00	0	1.01	outer_floor_d3	ring_floor_d3	18		9113067	1	2	8	{}	0	0	0	0	
1004140	9013068	3	8	34	8	1	0	{"1000":{"0511001":{"base":3,"amount":2},"0501041":{"amount":1}}}	2001106	66	2.00	0	1.01	outer_floor_d3	ring_floor_d3	18		9113068	1	2	8	{}	0	0	0	0	
1004150	9013069	3	8	34	8	1	0	{"150":{"020208":{"amount":1}},"1000":{"0511020":{"base":5,"amount":3},"0511002":{"base":3,"amount":2},"0501043":{"amount":1},"0501048":{"amount":1}}}	2001023	60	4.00	1	1.01	outer_floor_d3	ring_floor_d3	18	stage04map_point_01	9113069	2	3	7	{}	0	0	0	100	0107002
1004160	9013070	3	8	35	8	1	0	{"1000":{"0511013":{"base":3,"amount":2},"0501060":{"amount":3},"0501661":{"amount":3}}}	2001107	67	3.00	0	1.01	outer_floor_d3	ring_floor_d3	18		9113070	1	2	8	{}	0	0	0	0	
1004170	9013071	3	8	35	8	1	0	{"1000":{"0511013":{"base":3,"amount":2},"0502025":{"amount":1}}}	2001108	67	3.00	0	1.01	outer_floor_d3	ring_floor_d3	18		9113071	1	2	8	{}	0	0	0	0	
1004180	9013072	3	8	35	8	1	0	{"150":{"0202009":{"amount":1}},"1000":{"0511026":{"base":5,"amount":3},"0511014":{"base":3,"amount":2},"0502028":{"amount":1}}}	2001024	61	4.50	1	1.49	outer_floor_d3	ring_floor_d3	18	stage04map_point_01	9113072	2	3	7	{}	0	0	0	100	0107003
1005010	9013073	3	12	36	12	2	0	{"1000":{"0511019":{"base":3,"amount":2},"0502046":{"amount":1}}}	2001109	80	3.00	0	1.01	outer_floor_d4	ring_floor_d4	26		9113073	1	2	8	{}	0	0	0	0	
1005020	9013074	3	12	36	12	2	0	{"1000":{"0511001":{"base":3,"amount":2},"0502052":{"amount":3}}}	2001110	80	3.00	0	1.01	outer_floor_d4	ring_floor_d4	26		9113074	1	2	8	{}	0	0	0	0	
1005030	9013075	3	12	36	12	2	0	{"150":{"0202009":{"amount":1}},"1000":{"0511008":{"base":5,"amount":3},"0511020":{"base":3,"amount":2},"0502053":{"amount":3}}}	2001025	74	4.00	1	1.50	outer_floor_d4	ring_floor_d4	26	stage05map_point_01	9113075	2	3	7	{}	0	0	0	100	0107001
1005040	9013076	3	12	36	12	2	0	{"1000":{"0511001":{"base":3,"amount":2},"0502064":{"amount":3}}}	2001111	81	3.00	0	1.55	outer_floor_d4	ring_floor_d4	26		9113076	1	2	8	{}	0	0	0	0	
1005050	9013077	3	12	36	12	2	0	{"1000":{"0511009":{"base":3,"amount":2},"0502065":{"amount":3},"0502066":{"amount":6}}}	2001112	81	3.00	0	1.01	outer_floor_d4	ring_floor_d4	26		9113077	1	2	8	{}	0	0	0	0	
1005060	9013078	3	12	36	12	2	0	{"150":{"0202009":{"amount":1}},"1000":{"0511020":{"base":5,"amount":3},"0511026":{"base":3,"amount":2},"0502078":{"amount":6}}}	2001026	135	4.00	1	1.59	outer_floor_d4	ring_floor_d4	26	stage05map_point_02	9113078	2	3	7	{}	0	0	0	100	0107002
1005070	9013079	3	12	37	12	2	0	{"1000":{"0511014":{"base":3,"amount":2},"0502675":{"amount":3}}}	2001113	82	3.00	0	1.63	outer_floor_d4	ring_floor_d4	26		9113079	1	2	8	{}	0	0	0	0	
1005080	9013080	3	12	37	12	2	0	{"1000":{"0511002":{"base":3,"amount":2},"0502697":{"amount":3}}}	2001114	82	3.00	0	1.01	outer_floor_d4	ring_floor_d4	26		9113080	1	2	8	{}	0	0	0	0	
1005090	9013081	3	12	37	12	2	0	{"150":{"0202009":{"amount":1}},"1000":{"0511026":{"base":5,"amount":3},"0511020":{"base":3,"amount":2},"0502805":{"amount":3}}}	2001027	76	4.00	1	1.65	outer_floor_d4	ring_floor_d4	26	stage05map_point_02	9113081	2	3	7	{}	0	0	0	100	0107003
1005100	9013082	3	12	37	12	2	0	{"1000":{"0511001":{"base":3,"amount":2},"0503021":{"amount":3}}}	2001115	83	3.00	0	1.01	outer_floor_d4	ring_floor_d4	26		9113082	1	2	8	{}	0	0	0	0	
1005110	9013083	3	12	37	12	2	0	{"1000":{"0511008":{"base":3,"amount":2},"0503052":{"amount":3}}}	2001116	83	3.00	0	1.67	outer_floor_d4	ring_floor_d4	26		9113083	1	2	8	{}	0	0	0	0	
1005120	9013084	3	12	37	12	2	0	{"150":{"020208":{"amount":1}},"1000":{"0511002":{"base":5,"amount":3},"0511020":{"base":3,"amount":2},"0503053":{"amount":3},"0503054":{"amount":1}}}	2001028	77	4.00	1	1.69	outer_floor_d4	ring_floor_d4	26	stage05map_point_03	9113084	2	3	7	{}	0	0	0	100	0107001
1005130	9013085	3	12	37	12	2	0	{"1000":{"0511003":{"base":3,"amount":2},"0503063":{"amount":6},"0503068":{"amount":6}}}	2001117	84	3.00	0	1.01	outer_floor_d4	ring_floor_d4	26		9113085	1	2	8	{}	0	0	0	0	
1005140	9013086	3	12	37	12	2	0	{"1000":{"0511003":{"base":3,"amount":2},"0503069":{"amount":6}}}	2001118	84	3.00	0	1.01	outer_floor_d4	ring_floor_d4	26		9113086	1	2	8	{}	0	0	0	0	
1005150	9013087	3	12	37	12	2	0	{"150":{"020208":{"amount":1}},"1000":{"0511014":{"base":5,"amount":3},"0511026":{"base":3,"amount":2},"0503075":{"amount":3}}}	2001029	78	4.00	1	1.01	outer_floor_d4	ring_floor_d4	26	stage05map_point_04	9113087	2	3	7	{}	0	0	0	100	0107002
1005160	9013088	3	12	38	12	2	0	{"1000":{"0511026":{"base":3,"amount":2},"0503680":{"amount":3}}}	2001119	85	3.00	0	1.01	outer_floor_d4	ring_floor_d4	26		9113088	1	2	8	{}	0	0	0	0	
1005170	9013089	3	12	38	12	2	0	{"1000":{"0511014":{"base":3,"amount":2},"0503688":{"amount":3}}}	2001120	85	3.00	0	1.01	outer_floor_d4	ring_floor_d4	26		9113089	1	2	8	{}	0	0	0	0	
1005180	9013090	3	12	38	12	2	0	{"150":{"020208":{"amount":1}},"1000":{"0511008":{"base":5,"amount":3},"0511026":{"base":3,"amount":2},"0504005":{"amount":3},"0505010":{"amount":1}}}	2001030	79	4.00	1	1.73	outer_floor_d4	ring_floor_d4	26	stage05map_point_05	9113090	2	3	7	{}	0	0	0	100	0107003
1006010	9013091	3	12	39	12	2	0	{"1000":{"0511005":{"base":3,"amount":2},"0505052":{"amount":3}}}	2001121	98	3.00	0	1.01	outer_floor_d5	ring_floor_d5	40		9113091	1	2	8	{}	0	0	0	0	
1006020	9013092	3	12	39	12	2	0	{"1000":{"0511008":{"base":3,"amount":2},"0505053":{"amount":3},"0505054":{"amount":1}}}	2001122	98	3.00	0	1.01	outer_floor_d5	ring_floor_d5	40		9113092	1	2	8	{}	0	0	0	0	
1006030	9013093	3	12	39	12	2	0	{"150":{"0202009":{"amount":1}},"1000":{"0511008":{"base":5,"amount":3},"0511020":{"base":3,"amount":2},"0505057":{"amount":3}}}	2001031	92	4.00	1	1.75	outer_floor_d5	ring_floor_d5	40	stage06map_point_01	9113093	2	3	7	{}	0	0	0	100	0107001
1006040	9013094	3	12	39	12	2	0	{"1000":{"0511007":{"base":3,"amount":2},"0505071":{"amount":6}}}	2001123	99	3.00	0	1.01	outer_floor_d5	ring_floor_d5	40		9113094	1	2	8	{}	0	0	0	0	
1006050	9013095	3	12	39	12	2	0	{"1000":{"0511008":{"base":3,"amount":2},"0505077":{"amount":3}}}	2001124	99	3.00	0	1.01	outer_floor_d5	ring_floor_d5	40		9113095	1	2	8	{}	0	0	0	0	
1006060	9013096	3	12	39	12	2	0	{"150":{"0202009":{"amount":1}},"1000":{"0511020":{"base":5,"amount":3},"0511008":{"base":3,"amount":2},"0505080":{"amount":3}}}	2001032	93	4.00	1	1.77	outer_floor_d5	ring_floor_d5	40	stage06map_point_02	9113096	2	3	7	{}	0	0	0	100	0107002
1006070	9013097	3	12	40	12	2	0	{"1000":{"0511001":{"base":3,"amount":2},"0505682":{"amount":3}}}	2001125	100	3.00	0	1.01	outer_floor_d5	ring_floor_d5	40		9113097	1	2	8	{}	0	0	0	0	
1006080	9013098	3	12	40	12	2	0	{"1000":{"0511003":{"base":3,"amount":2},"0505690":{"amount":3},"0506001":{"amount":3}}}	2001126	100	3.00	0	1.01	outer_floor_d5	ring_floor_d5	40		9113098	1	2	8	{}	0	0	0	0	
1006090	9013099	3	12	40	12	2	0	{"150":{"0202009":{"amount":1}},"1000":{"0511026":{"base":5,"amount":3},"0511014":{"base":3,"amount":2},"0506052":{"amount":3}}}	2001033	94	4.00	1	1.79	outer_floor_d5	ring_floor_d5	40	stage06map_point_01	9113099	2	3	7	{}	0	0	0	100	0107003
1006100	9013100	3	12	40	12	2	0	{"1000":{"0511007":{"base":3,"amount":2},"0506058":{"amount":1},"0506060":{"amount":1}}}	2001127	101	3.00	0	1.01	outer_floor_d5	ring_floor_d5	40		9113100	1	2	8	{}	0	0	0	0	
1006110	9013101	3	12	40	12	2	0	{"1000":{"0511013":{"base":3,"amount":2},"0506064":{"amount":6}}}	2001128	101	3.00	0	1.01	outer_floor_d5	ring_floor_d5	40		9113101	1	2	8	{}	0	0	0	0	
1006120	9013102	3	12	40	12	2	0	{"150":{"020208":{"amount":1}},"1000":{"0511008":{"base":5,"amount":3},"0511026":{"base":3,"amount":2},"0506073":{"amount":6}}}	2001034	95	4.00	1	1.81	outer_floor_d5	ring_floor_d5	40	stage06map_point_03	9113102	2	3	7	{}	0	0	0	100	0107001
1006130	9013103	3	12	40	12	2	0	{"1000":{"0511014":{"base":3,"amount":2},"0501001":{"amount":6}}}	2001129	102	3.00	0	1.01	outer_floor_d5	ring_floor_d5	40		9113103	1	2	8	{}	0	0	0	0	
1006140	9013104	3	12	40	12	2	0	{"1000":{"0511010":{"base":3,"amount":2},"0501002":{"amount":6}}}	2001130	102	3.00	0	1.01	outer_floor_d5	ring_floor_d5	40		9113104	1	2	8	{}	0	0	0	0	
1006150	9013105	3	12	40	12	2	0	{"150":{"0202009":{"amount":1}},"1000":{"0511020":{"base":5,"amount":3},"0511014":{"base":3,"amount":2},"0501003":{"amount":6},"0501004":{"amount":6}}}	2001035	96	4.00	1	1.87	outer_floor_d5	ring_floor_d5	40	stage06map_point_04	9113105	2	3	7	{}	0	0	0	100	0107002
1006160	9013106	3	12	41	12	2	0	{"1000":{"0511019":{"base":3,"amount":2},"0501047":{"amount":6},"0501054":{"amount":6}}}	2001131	103	3.00	0	1.01	outer_floor_d5	ring_floor_d5	40		9113106	1	2	8	{}	0	0	0	0	
1006170	9013107	3	12	41	12	2	0	{"1000":{"0511002":{"base":3,"amount":2},"0501058":{"amount":6}}}	2001132	103	3.00	0	1.01	outer_floor_d5	ring_floor_d5	40		9113107	1	2	8	{}	0	0	0	0	
1006180	9013108	3	12	41	12	2	0	{"150":{"0202009":{"amount":1}},"1000":{"0511014":{"base":5,"amount":3},"0511002":{"base":3,"amount":2},"0501062":{"amount":6}}}	2001036	97	4.00	1	1.95	outer_floor_d5	ring_floor_d5	40	stage06map_point_01	9113108	2	3	7	{}	0	0	0	100	0107003
1007010	9013109	3	12	42	12	2	0	{"1000":{"0511003":{"base":1,"amount":0},"0501069":{"amount":6}}}	2001133	134	2.00	0	1.50	outer_floor_d	ring_floor_d	51		9113109	1	2	8	{}	0	0	0	0	
1007020	9013110	3	12	42	12	2	0	{"1000":{"0511028":{"base":1,"amount":0},"0501070":{"amount":6}}}	2001134	134	1.00	0	1.50	outer_floor_d	ring_floor_d	51		9113110	1	2	8	{}	0	0	0	0	
1007030	9013111	3	12	42	12	2	0	{"150":{"0202009":{"amount":1}},"1000":{"0511009":{"base":5,"amount":3},"0511021":{"base":3,"amount":2},"0501071":{"amount":6}}}	2001037	128	2.00	1	2.00	outer_floor_d	ring_floor_d	51	stage07map_point_01	9113111	2	3	7	{}	0	0	0	100	0107001
1007040	9013112	3	12	42	12	2	0	{"1000":{"0511008":{"base":1,"amount":0},"0502056":{"amount":6}}}	2001135	135	2.00	0	1.50	outer_floor_d	ring_floor_d	51		9113112	1	2	8	{}	0	0	0	0	
1007050	9013113	3	12	42	12	2	0	{"1000":{"0511022":{"base":1,"amount":0},"0502059":{"amount":6},"0502061":{"amount":6}}}	2001136	135	1.00	0	1.50	outer_floor_d	ring_floor_d	51		9113113	1	2	8	{}	0	0	0	0	
1007060	9013114	3	12	42	12	2	0	{"150":{"0202009":{"amount":1}},"1000":{"0511021":{"base":5,"amount":3},"0511009":{"base":3,"amount":2},"0502062":{"amount":3}}}	2001038	129	2.00	1	2.05	outer_floor_d	ring_floor_d	51	stage07map_point_02	9113114	2	3	7	{}	0	0	0	100	0107002
1007070	9013115	3	12	43	12	2	0	{"1000":{"0511028":{"base":1,"amount":0},"0502089":{"amount":6}}}	2001137	136	2.00	0	1.50	outer_floor_d	ring_floor_d	51		9113115	1	2	8	{}	0	0	0	0	
1007080	9013116	3	12	43	12	2	0	{"1000":{"0511016":{"base":1,"amount":0},"0502090":{"amount":6}}}	2001138	136	2.00	0	1.50	outer_floor_d	ring_floor_d	51		9113116	1	2	8	{}	0	0	0	0	
1007090	9013117	3	12	43	12	2	0	{"150":{"0202009":{"amount":2}},"1000":{"0511027":{"base":5,"amount":3},"0511015":{"base":3,"amount":2},"0502092":{"amount":6}}}	2001039	130	2.00	1	2.10	outer_floor_d	ring_floor_d	51	stage07map_point_03	9113117	2	3	7	{}	0	0	0	100	0107003
1007100	9013118	3	12	43	12	2	0	{"1000":{"0511028":{"base":1,"amount":0},"0502098":{"amount":3}}}	2001139	137	1.00	0	1.50	outer_floor_d	ring_floor_d	51		9113118	1	2	8	{}	0	0	0	0	
1007110	9013119	3	12	43	12	2	0	{"1000":{"0511010":{"base":1,"amount":0},"0502099":{"amount":6}}}	2001140	137	2.00	0	1.50	outer_floor_d	ring_floor_d	51		9113119	1	2	8	{}	0	0	0	0	
1007120	9013120	3	12	43	12	2	0	{"150":{"0202009":{"amount":1}},"1000":{"0511009":{"base":5,"amount":3},"0511027":{"base":3,"amount":2},"0502100":{"amount":3},"0502201":{"amount":6}}}	2001040	131	3.00	1	2.15	outer_floor_d	ring_floor_d	51	stage07map_point_04	9113120	2	3	7	{}	0	0	0	100	0107001
1007130	9013121	3	12	43	12	2	0	{"1000":{"0511015":{"base":1,"amount":0},"0502205":{"amount":3},"0502206":{"amount":3}}}	2001141	138	2.00	0	1.50	outer_floor_d	ring_floor_d	51		9113121	1	2	8	{}	0	0	0	0	
1007140	9013122	3	12	43	12	2	0	{"1000":{"0511002":{"base":1,"amount":0},"0502207":{"amount":3}}}	2001142	138	2.00	0	1.50	outer_floor_d	ring_floor_d	51		9113122	1	2	8	{}	0	0	0	0	
1007150	9013123	3	12	43	12	2	0	{"150":{"0202009":{"amount":1}},"1000":{"0511021":{"base":5,"amount":3},"0511015":{"base":3,"amount":2},"0502208":{"amount":6}}}	2001041	132	2.00	1	2.20	outer_floor_d	ring_floor_d	51	stage07map_point_05	9113123	2	3	7	{}	0	0	0	100	0107002
1007160	9013124	3	12	44	12	2	0	{"1000":{"0511016":{"base":1,"amount":0},"0502213":{"amount":6}}}	2001143	139	2.00	0	1.50	outer_floor_d	ring_floor_d	51		9113124	1	2	8	{}	0	0	0	0	
1007170	9013125	3	12	44	12	2	0	{"1000":{"0511022":{"base":1,"amount":0},"0502214":{"amount":6}}}	2001144	139	1.00	0	1.50	outer_floor_d	ring_floor_d	51		9113125	1	2	8	{}	0	0	0	0	
1007180	9013126	3	12	44	12	2	0	{"150":{"0202009":{"amount":2}},"1000":{"0511003":{"base":5,"amount":3},"0511004":{"base":3,"amount":2},"0502215":{"amount":6}}}	2001042	133	1.50	1	2.25	outer_floor_d	ring_floor_d	51	stage07map_point_06	9113126	2	3	7	{}	0	0	0	100	0107003
1008010	9013127	3	16	45	16	4	0	{"1000":{"0511010":{"base":1,"amount":0},"0502238":{"amount":6}}}	2001145	152	1.00	0	1.50	outer_floor_d1	ring_floor_d1	62		9113127	1	2	8	{}	0	0	0	0	
1008020	9013128	3	16	45	16	4	0	{"1000":{"0511015":{"base":1,"amount":0},"0502239":{"amount":6},"0502658":{"amount":6}}}	2001146	152	1.00	0	1.50	outer_floor_d1	ring_floor_d1	62		9113128	1	2	8	{}	0	0	0	0	
1008030	9013129	3	16	45	16	4	0	{"150":{"0202009":{"amount":1}},"1000":{"0511009":{"base":5,"amount":3},"0511021":{"base":3,"amount":2},"0502666":{"amount":6}}}	2001043	146	1.50	1	2.30	outer_floor_d1	ring_floor_d1	62	stage08map_point_01	9113129	2	3	7	{}	0	0	0	100	0107001
1008040	9013130	3	16	45	16	4	0	{"1000":{"0511010":{"base":1,"amount":0},"0503056":{"amount":6}}}	2001147	153	1.00	0	1.50	outer_floor_d1	ring_floor_d1	62		9113130	1	2	8	{}	0	0	0	0	
1008050	9013131	3	16	45	16	4	0	{"1000":{"0511021":{"base":1,"amount":0},"0503059":{"amount":6}}}	2001148	153	1.00	0	1.50	outer_floor_d1	ring_floor_d1	62		9113131	1	2	8	{}	0	0	0	0	
1008060	9013132	3	16	45	16	4	0	{"150":{"0202009":{"amount":1}},"1000":{"0511021":{"base":5,"amount":3},"0511009":{"base":3,"amount":2},"0503061":{"amount":6}}}	2001044	147	1.50	1	2.35	outer_floor_d1	ring_floor_d1	62	stage08map_point_05	9113132	2	3	7	{}	0	0	0	100	0107002
1008070	9013133	3	16	46	16	4	0	{"1000":{"0511015":{"base":1,"amount":0},"0503072":{"amount":6}}}	2001149	154	1.00	0	1.50	outer_floor_d1	ring_floor_d1	62		9113133	1	2	8	{}	0	0	0	0	
1008080	9013134	3	16	46	16	4	0	{"1000":{"0511008":{"base":1,"amount":0},"0503073":{"amount":6}}}	2001150	154	1.00	0	1.50	outer_floor_d1	ring_floor_d1	62		9113134	1	2	8	{}	0	0	0	0	
1008090	9013135	3	16	46	16	4	0	{"150":{"0202009":{"amount":1}},"1000":{"0511027":{"base":5,"amount":3},"0511015":{"base":3,"amount":2},"0503074":{"amount":6},"0503076":{"amount":3}}}	2001045	148	2.00	1	2.40	outer_floor_d1	ring_floor_d1	62	stage08map_point_03	9113135	2	3	7	{}	0	0	0	100	0107003
1008100	9013136	3	16	46	16	4	0	{"1000":{"0511025":{"base":1,"amount":0},"0503081":{"amount":3},"0503082":{"amount":6}}}	2001151	155	1.00	0	1.50	outer_floor_d1	ring_floor_d1	62		9113136	1	2	8	{}	0	0	0	0	
1008110	9013137	3	16	46	16	4	0	{"1000":{"0511021":{"base":1,"amount":0},"0503083":{"amount":3}}}	2001152	155	1.00	0	1.50	outer_floor_d1	ring_floor_d1	62		9113137	1	2	8	{}	0	0	0	0	
1008120	9013138	3	16	46	16	4	0	{"150":{"0202009":{"amount":1}},"1000":{"0511009":{"base":5,"amount":3},"0511027":{"base":3,"amount":2},"0503084":{"amount":6}}}	2001046	149	1.50	1	2.45	outer_floor_d1	ring_floor_d1	62	stage08map_point_04	9113138	2	3	7	{}	0	0	0	100	0107001
1008130	9013139	3	16	46	16	4	0	{"1000":{"0511025":{"base":1,"amount":0},"0503089":{"amount":3}}}	2001153	156	1.00	0	1.50	outer_floor_d1	ring_floor_d1	62		9113139	1	2	8	{}	0	0	0	0	
1008140	9013140	3	16	46	16	4	0	{"1000":{"0511020":{"base":1,"amount":0},"0503090":{"amount":3}}}	2001154	156	1.00	0	1.50	outer_floor_d1	ring_floor_d1	62		9113140	1	2	8	{}	0	0	0	0	
1008150	9013141	3	16	46	16	4	0	{"150":{"0202009":{"amount":1}},"1000":{"0511021":{"base":5,"amount":3},"0511015":{"base":3,"amount":2},"0503091":{"amount":6}}}	2001047	150	2.00	1	2.50	outer_floor_d1	ring_floor_d1	62	stage08map_point_05	9113141	2	3	7	{}	0	0	0	100	0107002
1008160	9013142	3	16	47	16	4	0	{"1000":{"0511008":{"base":1,"amount":0},"0503096":{"amount":6}}}	2001155	157	1.00	0	1.50	outer_floor_d1	ring_floor_d1	62		9113142	1	2	8	{}	0	0	0	0	
1008170	9013143	3	16	47	16	4	0	{"1000":{"0511020":{"base":1,"amount":0},"0503097":{"amount":6},"0503098":{"amount":6}}}	2001156	157	1.50	0	1.50	outer_floor_d1	ring_floor_d1	62		9113143	1	2	8	{}	0	0	0	0	
1008180	9013144	3	16	47	16	4	0	{"150":{"0202009":{"amount":1}},"1000":{"0511003":{"base":5,"amount":3},"0511015":{"base":3,"amount":2},"0503104":{"amount":6}}}	2001048	151	2.00	1	2.60	outer_floor_d1	ring_floor_d1	62	stage08map_point_06	9113144	2	3	7	{}	0	0	0	100	0107003
1009010	9013145	3	16	48	16	4	0	{"1000":{"0511020":{"base":1,"amount":0},"0503109":{"amount":6}}}	2001157	170	0.80	0	1.50	outer_floor_d2	ring_floor_d2	71		9113145	1	2	8	{}	0	0	0	0	
1009020	9013146	3	16	48	16	4	0	{"1000":{"0511004":{"base":1,"amount":0},"0503658":{"amount":6}}}	2001158	170	0.80	0	1.50	outer_floor_d2	ring_floor_d2	71		9113146	1	2	8	{}	0	0	0	0	
1009030	9013147	3	16	48	16	4	0	{"150":{"0202009":{"amount":1}},"1000":{"0511021":{"base":5,"amount":3},"0511003":{"base":3,"amount":2},"0503663":{"amount":6}}}	2001049	164	1.00	1	2.70	outer_floor_d2	ring_floor_d2	71	stage09map_point_01	9113147	2	3	7	{}	0	0	0	100	0107001
1009040	9013148	3	16	48	16	4	0	{"1000":{"0511016":{"base":1,"amount":0},"0505051":{"amount":3}}}	2001159	171	0.80	0	1.50	outer_floor_d2	ring_floor_d2	71		9113148	1	2	8	{}	0	0	0	0	
1009050	9013149	3	16	48	16	4	0	{"1000":{"0511020":{"base":1,"amount":0},"0505056":{"amount":6}}}	2001160	171	0.80	0	1.50	outer_floor_d2	ring_floor_d2	71		9113149	1	2	8	{}	0	0	0	0	
1009060	9013150	3	16	48	16	4	0	{"150":{"0202009":{"amount":1}},"1000":{"0511015":{"base":5,"amount":3},"0511009":{"base":3,"amount":2},"0505059":{"amount":6},"0505061":{"amount":6}}}	2001050	165	1.00	1	2.80	outer_floor_d2	ring_floor_d2	71	stage09map_point_02	9113150	2	3	7	{}	0	0	0	100	0107002
1009070	9013151	3	16	49	16	4	0	{"1000":{"0511010":{"base":1,"amount":0},"0505066":{"amount":6},"0505067":{"amount":6}}}	2001161	172	0.80	0	1.50	outer_floor_d2	ring_floor_d2	71		9113151	1	2	8	{}	0	0	0	0	
1009080	9013152	3	16	49	16	4	0	{"1000":{"0511016":{"base":1,"amount":0},"0505068":{"amount":6}}}	2001162	172	0.80	0	1.50	outer_floor_d2	ring_floor_d2	71		9113152	1	2	8	{}	0	0	0	0	
1009090	9013153	3	16	49	16	4	0	{"150":{"0202009":{"amount":1}},"1000":{"0511003":{"base":5,"amount":3},"0511015":{"base":3,"amount":2},"0505070":{"amount":6}}}	2001051	166	1.00	1	2.90	outer_floor_d2	ring_floor_d2	71	stage09map_point_03	9113153	2	3	7	{}	0	0	0	100	0107003
1009100	9013154	3	16	49	16	4	0	{"1000":{"0511027":{"base":1,"amount":0},"0505079":{"amount":6}}}	2001163	173	0.80	0	1.50	outer_floor_d2	ring_floor_d2	71		9113154	1	2	8	{}	0	0	0	0	
1009110	9013155	3	16	49	16	4	0	{"1000":{"0511004":{"base":1,"amount":0},"0505081":{"amount":6}}}	2001164	173	0.80	0	1.50	outer_floor_d2	ring_floor_d2	71		9113155	1	2	8	{}	0	0	0	0	
1009120	9013156	3	16	49	16	4	0	{"150":{"0202009":{"amount":1}},"1000":{"0511003":{"base":5,"amount":3},"0511021":{"base":3,"amount":2},"0505082":{"amount":3},"0505083":{"amount":3}}}	2001052	167	1.00	1	3.00	outer_floor_d2	ring_floor_d2	71	stage09map_point_04	9113156	2	3	7	{}	0	0	0	100	0107001
1009130	9013157	3	16	49	16	4	0	{"1000":{"0511010":{"base":1,"amount":0},"0505087":{"amount":6}}}	2001165	174	0.80	0	1.50	outer_floor_d2	ring_floor_d2	71		9113157	1	2	8	{}	0	0	0	0	
1009140	9013158	3	16	49	16	4	0	{"1000":{"0511020":{"base":1,"amount":0},"0505088":{"amount":6},"0505089":{"amount":6}}}	2001166	174	0.80	0	1.50	outer_floor_d2	ring_floor_d2	71		9113158	1	2	8	{}	0	0	0	0	
1009150	9013159	3	16	49	16	4	0	{"150":{"0202009":{"amount":1}},"1000":{"0511021":{"base":5,"amount":3},"0511027":{"base":3,"amount":2},"0505090":{"amount":3}}}	2001053	168	1.00	1	3.10	outer_floor_d2	ring_floor_d2	71	stage09map_point_05	9113159	2	3	7	{}	0	0	0	100	0107002
1009160	9013160	3	16	50	16	4	0	{"1000":{"0511004":{"base":1,"amount":0},"0505095":{"amount":6}}}	2001167	175	0.80	0	1.50	outer_floor_d2	ring_floor_d2	71		9113160	1	2	8	{}	0	0	0	0	
1009170	9013161	3	16	50	16	4	0	{"1000":{"0511027":{"base":1,"amount":0},"0505096":{"amount":6}}}	2001168	175	0.80	0	1.50	outer_floor_d2	ring_floor_d2	71		9113161	1	2	8	{}	0	0	0	0	
1009180	9013162	3	16	50	16	4	0	{"150":{"0202009":{"amount":1}},"1000":{"0511009":{"base":5,"amount":3},"0511003":{"base":3,"amount":2},"0505097":{"amount":6}}}	2001054	169	1.25	1	3.20	outer_floor_d2	ring_floor_d2	71	stage09map_point_06	9113162	2	3	7	{}	0	0	0	100	0107003
1010010	9013163	3	16	51	16	4	0	{"1000":{"0511016":{"base":1,"amount":0},"0505205":{"amount":6}}}	2001169	188	0.80	0	1.50	outer_floor_d3	ring_floor_d3	81		9113163	1	2	8	{}	0	0	0	0	
1010020	9013164	3	16	51	16	4	0	{"1000":{"0511028":{"base":1,"amount":0},"0505206":{"amount":6},"0505207":{"amount":6}}}	2001170	188	0.80	0	1.50	outer_floor_d3	ring_floor_d3	81		9113164	1	2	8	{}	0	0	0	0	
1010030	9013165	3	16	51	16	4	0	{"150":{"0202009":{"amount":1}},"1000":{"0511003":{"base":5,"amount":3},"0511014":{"base":3,"amount":2},"0505208":{"amount":6}}}	2001055	182	1.00	1	3.30	outer_floor_d3	ring_floor_d3	81	stage10map_point_01	9113165	2	3	7	{}	0	0	0	100	0107001
1010040	9013166	3	16	51	16	4	0	{"1000":{"0511010":{"base":1,"amount":0},"0506051":{"amount":3},"0506056":{"amount":6}}}	2001171	189	0.80	0	1.50	outer_floor_d3	ring_floor_d3	81		9113166	1	2	8	{}	0	0	0	0	
1010050	9013167	3	16	51	16	4	0	{"1000":{"0511022":{"base":1,"amount":0},"0506059":{"amount":6}}}	2001172	189	0.80	0	1.50	outer_floor_d3	ring_floor_d3	81		9113167	1	2	8	{}	0	0	0	0	
1010060	9013168	3	16	51	16	4	0	{"150":{"0202009":{"amount":1}},"1000":{"0511009":{"base":5,"amount":3},"0511021":{"base":3,"amount":2},"0506061":{"amount":6}}}	2001056	183	1.00	1	3.40	outer_floor_d3	ring_floor_d3	81	stage10map_point_02	9113168	2	3	7	{}	0	0	0	100	0107002
1010070	9013169	3	16	52	16	4	0	{"1000":{"0511028":{"base":1,"amount":0},"0506068":{"amount":6}}}	2001173	190	0.80	0	1.50	outer_floor_d3	ring_floor_d3	81		9113169	1	2	8	{}	0	0	0	0	
1010080	9013170	3	16	52	16	4	0	{"1000":{"0511016":{"base":1,"amount":0},"0506069":{"amount":6}}}	2001174	190	0.80	0	1.50	outer_floor_d3	ring_floor_d3	81		9113170	1	2	8	{}	0	0	0	0	
1010090	9013171	3	16	52	16	4	0	{"150":{"0202009":{"amount":1}},"1000":{"0511015":{"base":5,"amount":3},"0511003":{"base":3,"amount":2},"0506072":{"amount":6},"0506075":{"amount":6}}}	2001057	184	1.00	1	3.50	outer_floor_d3	ring_floor_d3	81	stage10map_point_03	9113171	2	3	7	{}	0	0	0	100	0107003
1010100	9013172	3	16	52	16	4	0	{"1000":{"0511010":{"base":1,"amount":0},"0506080":{"amount":6},"0506081":{"amount":3}}}	2001175	191	0.80	0	1.50	outer_floor_d3	ring_floor_d3	81		9113172	1	2	8	{}	0	0	0	0	
1010110	9013173	3	16	52	16	4	0	{"1000":{"0511022":{"base":1,"amount":0},"0506082":{"amount":3}}}	2001176	191	0.80	0	1.50	outer_floor_d3	ring_floor_d3	81		9113173	1	2	8	{}	0	0	0	0	
1010120	9013174	3	16	52	16	4	0	{"150":{"0202009":{"amount":1}},"1000":{"0511021":{"base":5,"amount":3},"0511015":{"base":3,"amount":2},"0506083":{"amount":6}}}	2001058	185	1.00	1	3.60	outer_floor_d3	ring_floor_d3	81	stage10map_point_04	9113174	2	3	7	{}	0	0	0	100	0107001
1010130	9013175	3	16	52	16	4	0	{"1000":{"0511004":{"base":1,"amount":0},"0506088":{"amount":3}}}	2001177	192	0.80	0	1.50	outer_floor_d3	ring_floor_d3	81		9113175	1	2	8	{}	0	0	0	0	
1010140	9013176	3	16	52	16	4	0	{"1000":{"0511028":{"base":1,"amount":0},"0506089":{"amount":3}}}	2001178	192	0.80	0	1.50	outer_floor_d3	ring_floor_d3	81		9113176	1	2	8	{}	0	0	0	0	
1010150	9013177	3	16	52	16	4	0	{"150":{"0202009":{"amount":1}},"1000":{"0511021":{"base":5,"amount":3},"0511027":{"base":3,"amount":2},"0506090":{"amount":6}}}	2001059	186	1.00	1	3.70	outer_floor_d3	ring_floor_d3	81	stage10map_point_05	9113177	2	3	7	{}	0	0	0	100	0107002
1010160	9013178	3	16	53	16	4	0	{"1000":{"0511002":{"base":1,"amount":0},"0506098":{"amount":6}}}	2001179	193	0.80	0	1.50	outer_floor_d3	ring_floor_d3	81		9113178	1	2	8	{}	0	0	0	0	
1010170	9013179	3	16	53	16	4	0	{"1000":{"0511004":{"base":1,"amount":0},"0506099":{"amount":6},"0506100":{"amount":6}}}	2001180	193	0.80	0	1.50	outer_floor_d3	ring_floor_d3	81		9113179	1	2	8	{}	0	0	0	0	
1010180	9013180	3	16	53	16	4	0	{"150":{"0202009":{"amount":1}},"1000":{"0511003":{"base":5,"amount":3},"0511015":{"base":3,"amount":2},"0506101":{"amount":6}}}	2001060	187	1.25	1	3.80	outer_floor_d3	ring_floor_d3	81	stage10map_point_06	9113180	2	3	7	{}	0	0	0	100	0107003
1011010	9013180	3	12	32	12	2	3	{"1000":{"0503003":{"base":1,"amount":2},"0511001":{"base":5,"amount":3},"0511007":{"base":3,"amount":2},"0502501":{"amount":1}}}	2001001	14	2.00	1	1.30	outer_floor_d	ring_floor_d	0	stage01map_point_01	9113180	0	0	0	{}	0	0	0	0	0107001
1001031	9013003	3	12	32	12	2	0	{"1000":{"0511001":{"base":1,"amount":2},"0511008":{"base":5,"amount":3},"0511014":{"base":3,"amount":2},"0503002":{"amount":1}}}	2001001	14	2.00	1	1.30	outer_floor_d	ring_floor_d	0	stage01map_point_01	9113003	0	0	0	{}	0	0	0	60	
1001032	9013003	3	12	32	12	2	0	{"1000":{"0511002":{"base":1,"amount":2},"0511001":{"base":5,"amount":3},"0511008":{"base":3,"amount":3},"0503003":{"amount":1},"0503004":{"amount":1}}}	2001001	14	2.00	1	1.30	outer_floor_d	ring_floor_d	0	stage01map_point_01	9113003	0	0	0	{}	0	0	0	30	
1001033	9013003	3	12	32	12	2	0	{"150":{"0503003":{"amount":5}},"1000":{"0511002":{"base":1,"amount":2},"0511001":{"base":5,"amount":3},"0511008":{"base":3,"amount":3},"0503005":{"amount":1}}}	2001001	14	2.00	1	1.30	outer_floor_d	ring_floor_d	0	stage01map_point_01	9113003	0	0	0	{}	0	0	0	10	
1001061	9013006	3	12	32	12	2	0	{"150":{"0202009":{"amount":1}},"1000":{"0511002":{"base":5,"amount":3},"0511007":{"base":5,"amount":3},"0511019":{"base":3,"amount":2},"0501017":{"amount":1}}}	2001002	15	2.50	1	1.31	outer_floor_d	ring_floor_d	0	stage01map_point_02	9113006	0	0	0	{}	0	0	0	60	
1001062	9013006	3	12	32	12	2	0	{"150":{"0202009":{"amount":1}},"1000":{"0511020":{"base":1,"amount":2},"0511007":{"base":5,"amount":3},"0511019":{"base":3,"amount":2},"0501022":{"amount":1}}}	2001002	15	2.50	1	1.31	outer_floor_d	ring_floor_d	0	stage01map_point_02	9113006	0	0	0	{}	0	0	0	30	
1001063	9013006	3	12	32	12	2	0	{"150":{"0202009":{"amount":1},"0502020":{"amount":5}},"1000":{"0511020":{"base":1,"amount":2},"0511007":{"base":5,"amount":3},"0511019":{"base":3,"amount":2},"0501026":{"amount":1}}}	2001002	15	2.50	1	1.31	outer_floor_d	ring_floor_d	0	stage01map_point_02	9113006	0	0	0	{}	0	0	0	10	
1001091	9013009	3	12	32	12	2	0	{"150":{"0202009":{"amount":1}},"1000":{"0505002":{"base":1,"amount":2},"0511026":{"base":5,"amount":3},"0511013":{"base":3,"amount":2},"0501036":{"amount":1}}}	2001003	16	3.00	1	1.32	outer_floor_d	ring_floor_d	0	stage01map_point_03	9113009	0	0	0	{}	0	0	0	60	
1001092	9013009	3	12	32	12	2	0	{"150":{"0202009":{"amount":1}},"1000":{"0511002":{"base":1,"amount":2},"0511026":{"base":5,"amount":3},"0511014":{"base":3,"amount":2},"0501038":{"amount":1}}}	2001003	16	3.00	1	1.32	outer_floor_d	ring_floor_d	0	stage01map_point_03	9113009	0	0	0	{}	0	0	0	30	
1001093	9013009	3	12	32	12	2	0	{"150":{"0202009":{"amount":1},"0505002":{"amount":5}},"1000":{"0511002":{"base":1,"amount":2},"0511026":{"base":5,"amount":3},"0511014":{"base":3,"amount":2},"0501039":{"amount":1},"0501040":{"amount":1}}}	2001003	16	3.00	1	1.32	outer_floor_d	ring_floor_d	0	stage01map_point_03	9113009	0	0	0	{}	0	0	0	10	
1001121	9013012	3	12	35	12	2	0	{"150":{"0202009":{"amount":1}},"1000":{"0501006":{"base":1,"amount":2},"0511019":{"base":5,"amount":3},"0511020":{"base":3,"amount":2},"0502005":{"amount":1},"0502007":{"amount":1}}}	2001004	17	2.00	1	1.33	outer_floor_d	ring_floor_d	0	stage01map_point_04	9113012	1	4	8	{}	0	0	0	60	
1001122	9013012	3	12	35	12	2	0	{"150":{"0202009":{"amount":1}},"1000":{"0511008":{"base":1,"amount":2},"0511019":{"base":5,"amount":3},"0511020":{"base":3,"amount":2},"0502011":{"amount":1}}}	2001004	17	2.00	1	1.33	outer_floor_d	ring_floor_d	0	stage01map_point_04	9113012	1	4	8	{}	0	0	0	30	
1001123	9013012	3	12	35	12	2	0	{"150":{"0202009":{"amount":1},"0505002":{"amount":5}},"1000":{"0511008":{"base":1,"amount":2},"0511019":{"base":5,"amount":3},"0511020":{"base":3,"amount":2},"0502012":{"amount":1}}}	2001004	17	2.00	1	1.33	outer_floor_d	ring_floor_d	0	stage01map_point_04	9113012	1	4	8	{}	0	0	0	10	
1001151	9013015	3	12	35	12	2	0	{"150":{"0202009":{"amount":1}},"1000":{"0511002":{"base":5,"amount":3},"0511013":{"base":5,"amount":3},"0511026":{"base":3,"amount":2},"0502020":{"amount":1}}}	2001005	18	2.00	1	1.35	outer_floor_d	ring_floor_d	0	stage01map_point_05	9113015	1	4	8	{}	0	0	0	60	
1001152	9013015	3	12	35	12	2	0	{"150":{"0202009":{"amount":1}},"1000":{"0511001":{"base":1,"amount":2},"0511014":{"base":5,"amount":3},"0511026":{"base":3,"amount":2},"0502024":{"amount":3}}}	2001005	18	2.00	1	1.35	outer_floor_d	ring_floor_d	0	stage01map_point_05	9113015	1	4	8	{}	0	0	0	30	
1001153	9013015	3	12	35	12	2	0	{"150":{"0202009":{"amount":1},"0503003":{"amount":5}},"1000":{"0511001":{"base":1,"amount":2},"0511014":{"base":5,"amount":3},"0511026":{"base":3,"amount":2},"0502035":{"amount":1},"0502040":{"amount":1}}}	2001005	18	2.00	1	1.35	outer_floor_d	ring_floor_d	0	stage01map_point_05	9113015	1	4	8	{}	0	0	0	10	
1001181	9013018	3	12	35	12	2	0	{"150":{"0202009":{"amount":1}},"1000":{"0511001":{"base":5,"amount":3},"0511026":{"base":5,"amount":3},"0511020":{"base":3,"amount":2},"0502103":{"amount":1}}}	2001006	19	3.00	1	1.38	outer_floor_d	ring_floor_d	0	stage01map_point_06	9113018	1	4	8	{}	0	0	0	60	
1001182	9013018	3	12	35	12	2	0	{"150":{"0202009":{"amount":1}},"1000":{"0511001":{"base":1,"amount":2},"0511026":{"base":5,"amount":3},"0511020":{"base":3,"amount":2},"0502104":{"amount":1},"0502105":{"amount":1}}}	2001006	19	3.00	1	1.38	outer_floor_d	ring_floor_d	0	stage01map_point_06	9113018	1	4	8	{}	0	0	0	30	
1001183	9013018	3	12	35	12	2	0	{"150":{"0202009":{"amount":1},"0502020":{"amount":5}},"1000":{"0511001":{"base":1,"amount":2},"0511026":{"base":5,"amount":3},"0511020":{"base":3,"amount":2},"0502106":{"amount":1}}}	2001006	19	3.00	1	1.38	outer_floor_d	ring_floor_d	0	stage01map_point_06	9113018	1	4	8	{"332":{"5002035":{"base":1,"amount":1}}}	0	0	0	10	
1002031	9013021	3	12	38	12	2	0	{"1000":{"0511013":{"base":5,"amount":3},"0511008":{"base":5,"amount":3},"0501032":{"base":3,"amount":2},"0503009":{"amount":1}}}	2001007	32	4.00	1	1.40	outer_floor_d1	ring_floor_d1	5	stage02map_point_01	9113021	1	4	8	{}	0	0	0	60	
1002032	9013021	3	12	38	12	2	0	{"1000":{"0511014":{"base":1,"amount":2},"0511008":{"base":5,"amount":3},"0511020":{"base":3,"amount":2},"0503013":{"amount":1},"0503501":{"amount":1}}}	2001007	32	4.00	1	1.40	outer_floor_d1	ring_floor_d1	5	stage02map_point_01	9113021	1	4	8	{}	0	0	0	30	
1002033	9013021	3	12	38	12	2	0	{"150":{"0503055":{"amount":5}},"1000":{"0511014":{"base":1,"amount":2},"0511008":{"base":5,"amount":3},"0511020":{"base":3,"amount":2},"0503503":{"amount":1}}}	2001007	32	4.00	1	1.40	outer_floor_d1	ring_floor_d1	5	stage02map_point_01	9113021	1	4	8	{}	0	0	0	10	
1002061	9013024	3	12	38	12	2	0	{"150":{"0202009":{"amount":1}},"1000":{"0511014":{"base":5,"amount":3},"0511026":{"base":5,"amount":3},"0501034":{"base":3,"amount":2},"0505003":{"amount":1}}}	2001008	33	4.00	1	1.42	outer_floor_d1	ring_floor_d1	5	stage01map_point_05	9113024	1	4	8	{}	0	0	0	60	
1002062	9013024	3	12	38	12	2	0	{"150":{"0202009":{"amount":1}},"1000":{"0511020":{"base":1,"amount":2},"0511026":{"base":5,"amount":3},"0501048":{"base":3,"amount":2},"0505004":{"amount":1}}}	2001008	33	4.00	1	1.42	outer_floor_d1	ring_floor_d1	5	stage01map_point_05	9113024	1	4	8	{}	0	0	0	30	
1002063	9013024	3	12	38	12	2	0	{"150":{"0502055":{"amount":5}},"1000":{"0511020":{"base":1,"amount":2},"0511026":{"base":5,"amount":3},"0501048":{"base":3,"amount":2},"0505005":{"amount":1}}}	2001008	33	4.00	1	1.42	outer_floor_d1	ring_floor_d1	5	stage01map_point_05	9113024	1	4	8	{}	0	0	0	10	
1002091	9013027	3	12	38	12	2	0	{"150":{"0202009":{"amount":1}},"1000":{"0511013":{"base":5,"amount":3},"0511007":{"base":5,"amount":3},"0501035":{"base":3,"amount":2},"0505015":{"amount":1}}}	2001009	34	4.00	1	1.44	outer_floor_d1	ring_floor_d1	5	stage02map_point_03	9113027	1	4	8	{}	0	0	0	60	
1002092	9013027	3	12	38	12	2	0	{"150":{"0202009":{"amount":1}},"1000":{"0511014":{"base":1,"amount":2},"0511008":{"base":5,"amount":3},"0501048":{"base":3,"amount":2},"0505018":{"amount":1}}}	2001009	34	4.00	1	1.44	outer_floor_d1	ring_floor_d1	5	stage02map_point_03	9113027	1	4	8	{}	0	0	0	30	
1002093	9013027	3	12	38	12	2	0	{"150":{"0501014":{"amount":5}},"1000":{"0511014":{"base":1,"amount":2},"0511008":{"base":5,"amount":3},"0501048":{"base":3,"amount":2},"0505501":{"amount":1},"0505502":{"amount":1}}}	2001009	34	4.00	1	1.44	outer_floor_d1	ring_floor_d1	5	stage02map_point_03	9113027	1	4	8	{}	0	0	0	10	
1002121	9013030	3	12	40	12	2	0	{"150":{"0202009":{"amount":1}},"1000":{"0501001":{"base":1,"amount":2},"0511025":{"base":5,"amount":3},"0501044":{"base":3,"amount":2},"0510002":{"amount":1},"0510003":{"amount":1}}}	2001010	35	4.50	1	1.46	outer_floor_d1	ring_floor_d1	5	stage02map_point_04	9113030	2	4	8	{}	0	0	0	60	
1002122	9013030	3	12	40	12	2	0	{"150":{"0202009":{"amount":1}},"1000":{"0511002":{"base":1,"amount":2},"0511025":{"base":5,"amount":3},"0501050":{"base":3,"amount":2},"0510004":{"amount":1}}}	2001010	35	4.50	1	1.46	outer_floor_d1	ring_floor_d1	5	stage02map_point_04	9113030	2	4	8	{}	0	0	0	30	
1002123	9013030	3	12	40	12	2	0	{"150":{"0503055":{"amount":5}},"1000":{"0501001":{"base":1,"amount":2},"0511025":{"base":5,"amount":3},"0511026":{"base":3,"amount":2},"0510005":{"amount":2}}}	2001010	35	4.50	1	1.46	outer_floor_d1	ring_floor_d1	5	stage02map_point_04	9113030	2	4	8	{}	0	0	0	10	
1002151	9013033	3	12	40	12	2	0	{"150":{"0202009":{"amount":1}},"1000":{"0511002":{"base":5,"amount":3},"0511001":{"base":5,"amount":3},"0501045":{"base":3,"amount":2},"0510010":{"amount":2}}}	2001011	36	4.00	1	1.47	outer_floor_d1	ring_floor_d1	5	stage02map_point_05	9113033	2	4	8	{}	0	0	0	60	
1002152	9013033	3	12	40	12	2	0	{"150":{"0202009":{"amount":1}},"1000":{"0511002":{"base":1,"amount":2},"0511001":{"base":5,"amount":3},"0501052":{"base":3,"amount":2},"0510011":{"amount":1}}}	2001011	36	4.00	1	1.47	outer_floor_d1	ring_floor_d1	5	stage02map_point_05	9113033	2	4	8	{}	0	0	0	30	
1002153	9013033	3	12	40	12	2	0	{"150":{"0506055":{"amount":5}},"1000":{"0511002":{"base":1,"amount":2},"0511001":{"base":5,"amount":3},"0501052":{"base":3,"amount":2},"0510012":{"amount":1}}}	2001011	36	4.00	1	1.47	outer_floor_d1	ring_floor_d1	5	stage02map_point_05	9113033	2	4	8	{}	0	0	0	10	
1002181	9013036	3	12	40	12	2	0	{"150":{"0202009":{"amount":1}},"1000":{"0511013":{"base":1,"amount":2},"0511014":{"base":5,"amount":3},"0501046":{"base":3,"amount":2},"0510017":{"amount":1}}}	2001012	37	4.50	1	1.48	outer_floor_d1	ring_floor_d1	5	stage02map_point_06	9113036	2	4	8	{}	0	0	0	60	
1002182	9013036	3	12	40	12	2	0	{"150":{"0202009":{"amount":1}},"1000":{"0511014":{"base":1,"amount":2},"0511013":{"base":5,"amount":3},"0501055":{"base":3,"amount":2},"0510018":{"amount":1},"0510019":{"amount":1}}}	2001012	37	4.50	1	1.48	outer_floor_d1	ring_floor_d1	5	stage02map_point_06	9113036	2	4	8	{}	0	0	0	30	
1002183	9013036	3	12	40	12	2	0	{"150":{"0506055":{"amount":5}},"1000":{"0511014":{"base":1,"amount":2},"0511013":{"base":5,"amount":3},"0501055":{"base":3,"amount":2},"0510020":{"amount":2}}}	2001012	37	4.50	1	1.48	outer_floor_d1	ring_floor_d1	5	stage02map_point_06	9113036	2	4	8	{}	0	0	0	10	
1003031	9013039	3	12	43	12	2	0	{"1000":{"0511007":{"base":1,"amount":2},"0511025":{"base":5,"amount":3},"0511001":{"base":3,"amount":2},"0510025":{"amount":2}}}	2001013	50	4.00	1	1.50	outer_floor_d2	ring_floor_d2	8	stage03map_point_01	9113039	1	4	8	{}	0	0	0	60	
1003032	9013039	3	12	43	12	2	0	{"1000":{"0501032":{"base":1,"amount":2},"0511025":{"base":5,"amount":3},"0503006":{"base":3,"amount":2},"0501009":{"amount":1}}}	2001013	50	4.00	1	1.50	outer_floor_d2	ring_floor_d2	8	stage03map_point_01	9113039	1	4	8	{}	0	0	0	30	
1003033	9013039	3	12	43	12	2	0	{"150":{"0505003":{"amount":5}},"1000":{"0501032":{"base":1,"amount":2},"0511025":{"base":5,"amount":3},"0503006":{"base":3,"amount":2},"0501011":{"amount":1}}}	2001013	50	4.00	1	1.50	outer_floor_d2	ring_floor_d2	8	stage03map_point_01	9113039	1	4	8	{}	0	0	0	10	
1003061	9013042	3	12	43	12	2	0	{"150":{"0202009":{"amount":1}},"1000":{"0511013":{"base":1,"amount":2},"0511019":{"base":5,"amount":3},"0511001":{"base":3,"amount":2},"0501025":{"amount":1}}}	2001014	51	3.00	1	1.52	outer_floor_d2	ring_floor_d2	8	stage03map_point_02	9113042	0	0	0	{}	0	0	0	60	
1003062	9013042	3	12	43	12	2	0	{"150":{"0202009":{"amount":1}},"1000":{"5002035":{"amount":1},"0501034":{"base":1,"amount":2},"0511020":{"base":5,"amount":3},"0501027":{"amount":1}}}	2001014	51	3.00	1	1.52	outer_floor_d2	ring_floor_d2	8	stage03map_point_02	9113042	0	0	0	{}	0	0	0	30	
1003063	9013042	3	12	43	12	2	0	{"150":{"0502033":{"amount":5}},"1000":{"5002035":{"amount":1},"0501034":{"base":1,"amount":2},"0511020":{"base":5,"amount":3},"0501032":{"amount":1},"0501037":{"amount":1}}}	2001014	51	3.00	1	1.52	outer_floor_d2	ring_floor_d2	8	stage03map_point_02	9113042	0	0	0	{}	0	0	0	10	
1003091	9013045	3	12	43	12	2	0	{"150":{"0202009":{"amount":1}},"1000":{"0511013":{"base":1,"amount":2},"0511001":{"base":5,"amount":3},"0511019":{"base":3,"amount":2},"0502016":{"amount":1},"0502017":{"amount":1}}}	2001015	52	3.00	1	1.54	outer_floor_d2	ring_floor_d2	8	stage03map_point_03	9113045	1	4	8	{}	0	0	0	60	
1003092	9013045	3	12	43	12	2	0	{"150":{"0202009":{"amount":1}},"1000":{"0501035":{"base":1,"amount":2},"0511002":{"base":5,"amount":3},"0505006":{"base":3,"amount":2},"0502018":{"amount":1}}}	2001015	52	3.00	1	1.54	outer_floor_d2	ring_floor_d2	8	stage03map_point_03	9113045	1	4	8	{}	0	0	0	30	
1003093	9013045	3	12	43	12	2	0	{"150":{"0503002":{"amount":5}},"1000":{"0501035":{"base":1,"amount":2},"0511002":{"base":5,"amount":3},"0505006":{"base":3,"amount":2},"0502026":{"amount":1}}}	2001015	52	3.00	1	1.54	outer_floor_d2	ring_floor_d2	8	stage03map_point_03	9113045	1	4	8	{}	0	0	0	10	
1003121	9013048	3	12	45	12	2	0	{"150":{"0202009":{"amount":1}},"1000":{"0511013":{"base":1,"amount":2},"0511008":{"base":5,"amount":3},"0511002":{"base":3,"amount":2},"0502038":{"amount":1}}}	2001016	53	3.50	1	1.56	outer_floor_d2	ring_floor_d2	8	stage03map_point_04	9113048	2	4	8	{}	0	0	0	60	
1003122	9013048	3	12	45	12	2	0	{"150":{"0202009":{"amount":1}},"1000":{"5002035":{"amount":1},"0501044":{"base":1,"amount":2},"0511008":{"base":5,"amount":3},"0502039":{"amount":1}}}	2001016	53	3.50	1	1.56	outer_floor_d2	ring_floor_d2	8	stage03map_point_04	9113048	2	4	8	{}	0	0	0	30	
1003123	9013048	3	12	45	12	2	0	{"150":{"0502033":{"amount":5}},"1000":{"5002035":{"amount":1},"0501044":{"base":1,"amount":2},"0511008":{"base":5,"amount":3},"0502041":{"amount":1},"0502042":{"amount":1}}}	2001016	53	3.50	1	1.56	outer_floor_d2	ring_floor_d2	8	stage03map_point_04	9113048	2	4	8	{}	0	0	0	10	
1003151	9013051	3	12	45	12	2	0	{"1000":{"0511001":{"base":1,"amount":2},"0511019":{"base":5,"amount":3},"0511013":{"base":3,"amount":2},"0502505":{"amount":1}}}	2001017	54	3.00	1	1.57	outer_floor_d2	ring_floor_d2	8	stage02map_point_03	9113051	2	4	8	{}	0	0	0	60	
1003152	9013051	3	12	45	12	2	0	{"150":{"0202009":{"base":1,"amount":2}},"1000":{"0501045":{"base":1,"amount":2},"0511020":{"base":5,"amount":3},"0505006":{"base":3,"amount":2},"0502654":{"amount":6},"0502660":{"amount":6}}}	2001017	54	3.00	1	1.57	outer_floor_d2	ring_floor_d2	8	stage02map_point_03	9113051	2	4	8	{}	0	0	0	30	
1003153	9013051	3	12	45	12	2	0	{"150":{"0505003":{"amount":5}},"1000":{"0501045":{"base":1,"amount":2},"0511020":{"base":5,"amount":3},"0505006":{"base":3,"amount":2},"0503014":{"amount":1}}}	2001017	54	3.00	1	1.57	outer_floor_d2	ring_floor_d2	8	stage02map_point_03	9113051	2	4	8	{}	0	0	0	10	
1003181	9013054	3	12	45	12	2	0	{"1000":{"0511001":{"base":1,"amount":2},"0511013":{"base":5,"amount":3},"0511007":{"base":3,"amount":2},"0503502":{"amount":1}}}	2001018	55	4.00	1	1.59	outer_floor_d2	ring_floor_d2	8	stage03map_point_05	9113054	2	4	8	{}	0	0	0	60	
1003182	9013054	3	12	45	12	2	0	{"150":{"0202009":{"base":1,"amount":2}},"1000":{"0501046":{"base":1,"amount":2},"0511014":{"base":5,"amount":3},"0503006":{"base":3,"amount":2},"0503505":{"amount":1}}}	2001018	55	4.00	1	1.59	outer_floor_d2	ring_floor_d2	8	stage03map_point_05	9113054	2	4	8	{}	0	0	0	30	
1003183	9013054	3	12	45	12	2	0	{"150":{"0503002":{"amount":5}},"1000":{"0501046":{"base":1,"amount":2},"0511014":{"base":5,"amount":3},"0503006":{"base":3,"amount":2},"0503654":{"amount":6}}}	2001018	55	4.00	1	1.59	outer_floor_d2	ring_floor_d2	8	stage03map_point_05	9113054	2	4	8	{}	0	0	0	10	
1004031	9013057	3	16	48	16	4	0	{"1000":{"0511008":{"base":1,"amount":2},"0511015":{"base":5,"amount":3},"0511020":{"base":3,"amount":2},"0505017":{"amount":1}}}	2001019	68	5.00	1	1.60	outer_floor_d3	ring_floor_d3	18	stage04map_point_01	9113057	1	4	8	{}	0	0	0	60	
1004032	9013057	3	16	48	16	4	0	{"1000":{"0511009":{"base":1,"amount":2},"0511015":{"base":5,"amount":3},"0503001":{"base":3,"amount":2},"0505055":{"amount":1},"0505101":{"amount":1}}}	2001019	68	5.00	1	1.60	outer_floor_d3	ring_floor_d3	18	stage04map_point_01	9113057	1	4	8	{}	0	0	0	30	
1004033	9013057	3	16	48	16	4	0	{"150":{"0503060":{"amount":5}},"1000":{"0511009":{"base":1,"amount":2},"0511015":{"base":5,"amount":3},"0503001":{"base":3,"amount":2},"0505103":{"amount":1}}}	2001019	68	5.00	1	1.60	outer_floor_d3	ring_floor_d3	18	stage04map_point_01	9113057	1	4	8	{}	0	0	0	10	
1004061	9013060	3	16	48	16	4	0	{"150":{"0202009":{"amount":1}},"1000":{"0511014":{"base":1,"amount":2},"0511002":{"base":5,"amount":3},"0511013":{"base":3,"amount":2},"0505503":{"amount":1},"0505504":{"amount":1}}}	2001020	69	4.50	1	1.69	outer_floor_d3	ring_floor_d3	18	stage04map_point_01	9113060	1	4	8	{}	0	0	0	60	
1004062	9013060	3	16	48	16	4	0	{"150":{"0202009":{"amount":1}},"1000":{"0511003":{"base":1,"amount":2},"0511009":{"base":5,"amount":3},"0503001":{"base":3,"amount":2},"0505505":{"amount":1}}}	2001020	69	4.50	1	1.69	outer_floor_d3	ring_floor_d3	18	stage04map_point_01	9113060	1	4	8	{}	0	0	0	30	
1004063	9013060	3	16	48	16	4	0	{"150":{"0505060":{"amount":5}},"1000":{"0511003":{"base":1,"amount":2},"0511009":{"base":5,"amount":3},"0503001":{"base":3,"amount":2},"0505506":{"amount":1}}}	2001020	69	4.50	1	1.69	outer_floor_d3	ring_floor_d3	18	stage04map_point_01	9113060	1	4	8	{}	0	0	0	10	
1004091	9013063	3	16	48	16	4	0	{"150":{"0202009":{"amount":1}},"1000":{"0511008":{"base":1,"amount":2},"0511019":{"base":5,"amount":3},"0511002":{"base":3,"amount":2},"0506055":{"amount":1}}}	2001021	70	5.00	1	1.73	outer_floor_d3	ring_floor_d3	18	stage04map_point_01	9113063	1	4	8	{}	0	0	0	60	
1004092	9013063	3	16	48	16	4	0	{"150":{"0202009":{"amount":1}},"1000":{"0511003":{"base":1,"amount":2},"0511009":{"base":5,"amount":3},"0502011":{"base":3,"amount":2},"0506654":{"amount":6}}}	2001021	70	5.00	1	1.73	outer_floor_d3	ring_floor_d3	18	stage04map_point_01	9113063	1	4	8	{}	0	0	0	30	
1004093	9013063	3	16	48	16	4	0	{"150":{"0502060":{"amount":5}},"1000":{"0511003":{"base":1,"amount":2},"0511009":{"base":5,"amount":3},"0502011":{"base":3,"amount":2},"0506660":{"amount":6},"0501008":{"amount":1}}}	2001021	70	5.00	1	1.73	outer_floor_d3	ring_floor_d3	18	stage04map_point_01	9113063	1	4	8	{}	0	0	0	10	
1004121	9013066	3	16	50	16	4	0	{"150":{"0202009":{"amount":1}},"1000":{"0511020":{"base":1,"amount":2},"0511008":{"base":5,"amount":3},"0511007":{"base":3,"amount":2},"0501020":{"amount":3}}}	2001022	71	5.50	1	1.01	outer_floor_d3	ring_floor_d3	18	stage04map_point_01	9113066	2	4	8	{}	0	0	0	60	
1004122	9013066	3	16	50	16	4	0	{"150":{"0202009":{"amount":1}},"1000":{"0511015":{"base":1,"amount":2},"0511008":{"base":5,"amount":3},"0502011":{"base":3,"amount":2},"0501023":{"amount":1},"0501030":{"amount":1}}}	2001022	71	5.50	1	1.01	outer_floor_d3	ring_floor_d3	18	stage04map_point_01	9113066	2	4	8	{}	0	0	0	30	
1004123	9013066	3	16	50	16	4	0	{"150":{"0502060":{"amount":5}},"1000":{"0511015":{"base":1,"amount":2},"0511008":{"base":5,"amount":3},"0502011":{"base":3,"amount":2},"0501031":{"amount":2}}}	2001022	71	5.50	1	1.01	outer_floor_d3	ring_floor_d3	18	stage04map_point_01	9113066	2	4	8	{}	0	0	0	10	
1004151	9013069	3	16	50	16	4	0	{"150":{"0202009":{"base":1,"amount":2}},"1000":{"0511007":{"base":1,"amount":2},"0511020":{"base":5,"amount":3},"0511002":{"base":3,"amount":2},"0501049":{"amount":1}}}	2001023	72	5.50	1	1.01	outer_floor_d3	ring_floor_d3	18	stage04map_point_01	9113069	2	4	8	{}	0	0	0	60	
1004152	9013069	3	16	50	16	4	0	{"150":{"0202009":{"base":1,"amount":2}},"1000":{"0511009":{"base":1,"amount":2},"0511021":{"base":5,"amount":3},"0505005":{"base":3,"amount":2},"0501057":{"amount":6}}}	2001023	72	5.50	1	1.01	outer_floor_d3	ring_floor_d3	18	stage04map_point_01	9113069	2	4	8	{}	0	0	0	30	
1004153	9013069	3	16	50	16	4	0	{"150":{"0506060":{"amount":5}},"1000":{"0511009":{"base":1,"amount":2},"0511021":{"base":5,"amount":3},"0505005":{"base":3,"amount":2},"0501059":{"amount":6}}}	2001023	72	5.50	1	1.01	outer_floor_d3	ring_floor_d3	18	stage04map_point_01	9113069	2	4	8	{}	0	0	0	10	
1004181	9013072	3	16	50	16	4	0	{"150":{"0202009":{"base":1,"amount":2}},"1000":{"0511014":{"base":1,"amount":2},"0511026":{"base":5,"amount":3},"0511002":{"base":3,"amount":2},"0502029":{"amount":3}}}	2001024	73	5.50	1	1.77	outer_floor_d3	ring_floor_d3	18	stage04map_point_01	9113072	2	4	8	{}	0	0	0	60	
1004182	9013072	3	16	50	16	4	0	{"150":{"0202009":{"base":1,"amount":2}},"1000":{"0511014":{"base":1,"amount":2},"0511026":{"base":5,"amount":3},"0505005":{"base":3,"amount":2},"0502036":{"amount":1},"0502043":{"amount":3}}}	2001024	73	5.50	1	1.77	outer_floor_d3	ring_floor_d3	18	stage04map_point_01	9113072	2	4	8	{}	0	0	0	30	
1004183	9013072	3	16	50	16	4	0	{"150":{"0506060":{"amount":5}},"1000":{"0511014":{"base":1,"amount":2},"0511026":{"base":5,"amount":3},"0505005":{"base":3,"amount":2},"0502045":{"amount":1}}}	2001024	73	5.50	1	1.77	outer_floor_d3	ring_floor_d3	18	stage04map_point_01	9113072	2	4	8	{}	0	0	0	10	
1005031	9013075	3	24	53	24	4	0	{"1000":{"0511014":{"base":1,"amount":2},"0511008":{"base":5,"amount":3},"0501036":{"base":3,"amount":2},"0502054":{"amount":1},"0502057":{"amount":3}}}	2001025	86	4.00	1	1.81	outer_floor_d4	ring_floor_d4	26	stage05map_point_01	9113075	1	4	8	{}	0	0	0	60	
1005032	9013075	3	24	53	24	4	0	{"1000":{"0501032":{"base":1,"amount":2},"0511008":{"base":5,"amount":3},"0503004":{"base":3,"amount":2},"0502058":{"amount":3}}}	2001025	86	4.00	1	1.81	outer_floor_d4	ring_floor_d4	26	stage05map_point_01	9113075	1	4	8	{}	0	0	0	30	
1005033	9013075	3	24	53	24	4	0	{"150":{"0503008":{"amount":5}},"1000":{"0501032":{"base":1,"amount":2},"0511008":{"base":5,"amount":3},"0503004":{"base":3,"amount":2},"0502060":{"amount":1}}}	2001025	86	4.00	1	1.81	outer_floor_d4	ring_floor_d4	26	stage05map_point_01	9113075	1	4	8	{}	0	0	0	10	
1005061	9013078	3	24	53	24	4	0	{"150":{"0202009":{"amount":1}},"1000":{"0511007":{"base":1,"amount":2},"0511026":{"base":5,"amount":3},"0501037":{"base":3,"amount":2},"0502079":{"amount":6}}}	2001026	87	2.00	1	1.84	outer_floor_d4	ring_floor_d4	26	stage05map_point_02	9113078	1	4	8	{}	0	0	0	60	
1005062	9013078	3	24	53	24	4	0	{"150":{"0202009":{"amount":1}},"1000":{"0501037":{"base":1,"amount":2},"0511026":{"base":5,"amount":3},"0505007":{"base":3,"amount":2},"0502091":{"amount":3}}}	2001026	87	2.00	1	1.84	outer_floor_d4	ring_floor_d4	26	stage05map_point_02	9113078	1	4	8	{}	0	0	0	30	
1005063	9013078	3	24	53	24	4	0	{"150":{"0503008":{"amount":5}},"1000":{"0501037":{"base":1,"amount":2},"0511026":{"base":5,"amount":3},"0505007":{"base":3,"amount":2},"0502095":{"amount":3},"0502668":{"amount":6}}}	2001026	87	2.00	1	1.84	outer_floor_d4	ring_floor_d4	26	stage05map_point_02	9113078	1	4	8	{}	0	0	0	10	
1005091	9013081	3	24	53	24	4	0	{"150":{"0202009":{"amount":1}},"1000":{"0511014":{"base":1,"amount":2},"0511020":{"base":5,"amount":3},"0501038":{"base":3,"amount":2},"0503010":{"amount":1},"0503011":{"amount":3}}}	2001027	88	3.00	1	1.88	outer_floor_d4	ring_floor_d4	26	stage05map_point_02	9113081	1	4	8	{}	0	0	0	60	
1005092	9013081	3	24	53	24	4	0	{"150":{"0202009":{"amount":1}},"1000":{"0501038":{"base":1,"amount":2},"0511020":{"base":5,"amount":3},"0502502":{"base":3,"amount":2},"0503012":{"amount":3}}}	2001027	88	3.00	1	1.88	outer_floor_d4	ring_floor_d4	26	stage05map_point_02	9113081	1	4	8	{}	0	0	0	30	
1005093	9013081	3	24	53	24	4	0	{"150":{"0502015":{"amount":5}},"1000":{"0501038":{"base":1,"amount":2},"0511020":{"base":5,"amount":3},"0502502":{"base":3,"amount":2},"0503018":{"amount":1}}}	2001027	88	3.00	1	1.88	outer_floor_d4	ring_floor_d4	26	stage05map_point_02	9113081	1	4	8	{}	0	0	0	10	
1005121	9013084	3	24	55	24	4	0	{"150":{"0202009":{"amount":1}},"1000":{"0511014":{"base":1,"amount":2},"0511002":{"base":5,"amount":3},"0501039":{"base":3,"amount":2},"0503057":{"amount":3}}}	2001028	89	4.00	1	1.92	outer_floor_d4	ring_floor_d4	26	stage05map_point_03	9113084	2	4	8	{}	0	0	0	60	
1005122	9013084	3	24	55	24	4	0	{"150":{"0202009":{"amount":1}},"1000":{"0501039":{"base":1,"amount":2},"0511002":{"base":5,"amount":3},"0503004":{"base":3,"amount":2},"0503058":{"amount":3}}}	2001028	89	4.00	1	1.92	outer_floor_d4	ring_floor_d4	26	stage05map_point_03	9113084	2	4	8	{}	0	0	0	30	
1005123	9013084	3	24	55	24	4	0	{"150":{"0502015":{"amount":5}},"1000":{"0501039":{"base":1,"amount":2},"0511002":{"base":5,"amount":3},"0503004":{"base":3,"amount":2},"0503060":{"amount":1}}}	2001028	89	4.00	1	1.92	outer_floor_d4	ring_floor_d4	26	stage05map_point_03	9113084	2	4	8	{}	0	0	0	10	
1005151	9013087	3	24	55	24	4	0	{"1000":{"0511007":{"base":1,"amount":2},"0511014":{"base":5,"amount":3},"0501040":{"base":3,"amount":2},"0503078":{"amount":3}}}	2001029	90	4.00	1	1.01	outer_floor_d4	ring_floor_d4	26	stage05map_point_04	9113087	2	4	8	{}	0	0	0	60	
1005152	9013087	3	24	55	24	4	0	{"150":{"0202009":{"base":1,"amount":2}},"1000":{"0501040":{"base":1,"amount":2},"0511015":{"base":5,"amount":3},"0502502":{"base":3,"amount":2},"0503507":{"amount":3},"0503651":{"amount":6}}}	2001029	90	4.00	1	1.01	outer_floor_d4	ring_floor_d4	26	stage05map_point_04	9113087	2	4	8	{}	0	0	0	30	
1005153	9013087	3	24	55	24	4	0	{"150":{"0505008":{"amount":5}},"1000":{"0501040":{"base":1,"amount":2},"0511015":{"base":5,"amount":3},"0502502":{"base":3,"amount":2},"0503666":{"amount":3}}}	2001029	90	4.00	1	1.01	outer_floor_d4	ring_floor_d4	26	stage05map_point_04	9113087	2	4	8	{}	0	0	0	10	
1005181	9013090	3	24	55	24	4	0	{"150":{"0202009":{"base":1,"amount":2}},"1000":{"0511001":{"base":1,"amount":2},"0511007":{"base":5,"amount":3},"0501042":{"base":3,"amount":2},"0505011":{"amount":3}}}	2001030	91	5.00	1	1.96	outer_floor_d4	ring_floor_d4	26	stage05map_point_05	9113090	2	4	8	{}	0	0	0	60	
1005182	9013090	3	24	55	24	4	0	{"150":{"0202009":{"base":1,"amount":2}},"1000":{"0501042":{"base":1,"amount":2},"0511008":{"base":5,"amount":3},"0505007":{"base":3,"amount":2},"0505012":{"amount":3}}}	2001030	91	5.00	1	1.96	outer_floor_d4	ring_floor_d4	26	stage05map_point_05	9113090	2	4	8	{}	0	0	0	30	
1005183	9013090	3	24	55	24	4	0	{"150":{"0505008":{"amount":5}},"1000":{"0501042":{"base":1,"amount":2},"0511008":{"base":5,"amount":3},"0505007":{"base":3,"amount":2},"0505016":{"amount":1}}}	2001030	91	5.00	1	1.96	outer_floor_d4	ring_floor_d4	26	stage05map_point_05	9113090	2	4	8	{}	0	0	0	10	
1006031	9013093	3	24	58	24	4	0	{"1000":{"051100.":{"base":1,"amount":2},"0511009":{"base":5,"amount":3},"0511021":{"base":3,"amount":2},"0505058":{"amount":3}}}	2001031	104	4.00	1	2.00	outer_floor_d5	ring_floor_d5	40	stage06map_point_01	9113093	1	4	8	{}	0	0	0	60	
1006032	9013093	3	24	58	24	4	0	{"1000":{"0511003":{"base":1,"amount":2},"0511008":{"base":5,"amount":3},"0503005":{"base":3,"amount":2},"0505060":{"amount":1}}}	2001031	104	4.00	1	2.00	outer_floor_d5	ring_floor_d5	40	stage06map_point_01	9113093	1	4	8	{}	0	0	0	30	
1006033	9013093	3	24	58	24	4	0	{"150":{"0503054":{"amount":5}},"1000":{"0511003":{"base":1,"amount":2},"0511008":{"base":5,"amount":3},"0503005":{"base":3,"amount":2},"0505064":{"amount":6},"0505069":{"amount":6}}}	2001031	104	4.00	1	2.00	outer_floor_d5	ring_floor_d5	40	stage06map_point_01	9113093	1	4	8	{}	0	0	0	10	
1006061	9013096	3	24	58	24	4	0	{"150":{"0202008":{"amount":1}},"1000":{"0511026":{"base":1,"amount":2},"0511021":{"base":5,"amount":3},"0511009":{"base":3,"amount":2},"0505102":{"amount":3},"0505107":{"amount":3}}}	2001032	105	4.50	1	2.04	outer_floor_d5	ring_floor_d5	40	stage06map_point_02	9113096	1	4	8	{}	0	0	0	60	
1006062	9013096	3	24	58	24	4	0	{"150":{"0202008":{"amount":1}},"1000":{"0511009":{"base":1,"amount":2},"0511020":{"base":5,"amount":3},"0502036":{"base":3,"amount":2},"0505651":{"amount":6}}}	2001032	105	4.50	1	2.04	outer_floor_d5	ring_floor_d5	40	stage06map_point_02	9113096	1	4	8	{}	0	0	0	30	
1006063	9013096	3	24	58	24	4	0	{"150":{"0503054":{"amount":5}},"1000":{"0511009":{"base":1,"amount":2},"0511020":{"base":5,"amount":3},"0502036":{"base":3,"amount":2},"0505667":{"amount":3}}}	2001032	105	4.50	1	2.04	outer_floor_d5	ring_floor_d5	40	stage06map_point_02	9113096	1	4	8	{}	0	0	0	10	
1006091	9013099	3	24	58	24	4	0	{"150":{"0202008":{"amount":1}},"1000":{"0511003":{"base":1,"amount":2},"0511027":{"base":5,"amount":3},"0511015":{"base":3,"amount":2},"0506053":{"amount":3}}}	2001033	106	3.00	1	2.10	outer_floor_d5	ring_floor_d5	40	stage06map_point_01	9113099	1	4	8	{}	0	0	0	60	
1006092	9013099	3	24	58	24	4	0	{"150":{"0202007":{"amount":1}},"1000":{"0511021":{"base":1,"amount":2},"0511026":{"base":5,"amount":3},"0505004":{"base":3,"amount":2},"0506054":{"amount":1}}}	2001033	106	3.00	1	2.10	outer_floor_d5	ring_floor_d5	40	stage06map_point_01	9113099	1	4	8	{}	0	0	0	30	
1006093	9013099	3	24	58	24	4	0	{"150":{"0502054":{"amount":1}},"1000":{"0511021":{"base":1,"amount":2},"0511026":{"base":5,"amount":3},"0505004":{"base":3,"amount":2},"0506057":{"amount":1}}}	2001033	106	3.00	1	2.10	outer_floor_d5	ring_floor_d5	40	stage06map_point_01	9113099	1	4	8	{}	0	0	0	10	
1006121	9013102	3	24	60	24	4	0	{"150":{"0202008":{"amount":1}},"1000":{"0511002":{"base":1,"amount":2},"0511009":{"base":5,"amount":3},"0511021":{"base":3,"amount":2},"0506079":{"amount":3}}}	2001034	107	3.50	1	2.14	outer_floor_d5	ring_floor_d5	40	stage06map_point_03	9113102	2	4	8	{}	0	0	0	60	
1006122	9013102	3	24	60	24	4	0	{"150":{"0202008":{"amount":1}},"1000":{"0511003":{"base":1,"amount":2},"0511008":{"base":5,"amount":3},"0505004":{"base":3,"amount":2},"0506651":{"amount":6},"0506668":{"amount":3}}}	2001034	107	3.50	1	2.14	outer_floor_d5	ring_floor_d5	40	stage06map_point_03	9113102	2	4	8	{}	0	0	0	30	
1006123	9013102	3	24	60	24	4	0	{"150":{"0502054":{"amount":5}},"1000":{"0511003":{"base":1,"amount":2},"0511008":{"base":5,"amount":3},"0505004":{"base":3,"amount":2},"0506687":{"amount":3}}}	2001034	107	3.50	1	2.14	outer_floor_d5	ring_floor_d5	40	stage06map_point_03	9113102	2	4	8	{}	0	0	0	10	
1006151	9013105	3	24	60	24	4	0	{"150":{"0202008":{"base":1,"amount":2}},"1000":{"0511003":{"base":1,"amount":2},"0511021":{"base":5,"amount":3},"0511015":{"base":3,"amount":2},"0501005":{"amount":6}}}	2001035	108	4.00	1	2.18	outer_floor_d5	ring_floor_d5	40	stage06map_point_04	9113105	2	4	8	{}	0	0	0	60	
1006152	9013105	3	24	60	24	4	0	{"150":{"0202007":{"base":1,"amount":2}},"1000":{"0511015":{"base":1,"amount":2},"0511014":{"base":5,"amount":3},"0503005":{"base":3,"amount":2},"0501006":{"amount":6}}}	2001035	108	4.00	1	2.18	outer_floor_d5	ring_floor_d5	40	stage06map_point_04	9113105	2	4	8	{}	0	0	0	30	
1006153	9013105	3	24	60	24	4	0	{"150":{"0506054":{"amount":5}},"1000":{"0511015":{"base":1,"amount":2},"0511014":{"base":5,"amount":3},"0503005":{"base":3,"amount":2},"0501007":{"amount":6}}}	2001035	108	4.00	1	2.18	outer_floor_d5	ring_floor_d5	40	stage06map_point_04	9113105	2	4	8	{}	0	0	0	10	
1006181	9013108	3	24	60	24	4	0	{"150":{"0202008":{"base":1,"amount":2}},"1000":{"0511003":{"base":1,"amount":2},"0511002":{"base":5,"amount":3},"0511009":{"base":3,"amount":2},"0501063":{"amount":6}}}	2001036	109	6.00	1	2.25	outer_floor_d5	ring_floor_d5	40	stage06map_point_01	9113108	2	4	8	{}	0	0	0	60	
1006182	9013108	3	24	60	24	4	0	{"150":{"0202007":{"base":1,"amount":2}},"1000":{"0511027":{"base":1,"amount":2},"0511003":{"base":5,"amount":3},"0502036":{"base":3,"amount":2},"0501065":{"amount":6}}}	2001036	109	6.00	1	2.25	outer_floor_d5	ring_floor_d5	40	stage06map_point_01	9113108	2	4	8	{}	0	0	0	30	
1006183	9013108	3	24	60	24	4	0	{"150":{"0506054":{"amount":5}},"1000":{"0511027":{"base":1,"amount":2},"0511003":{"base":5,"amount":3},"0502036":{"base":3,"amount":2},"0501066":{"amount":6},"0501068":{"amount":6}}}	2001036	109	6.00	1	2.25	outer_floor_d5	ring_floor_d5	40	stage06map_point_01	9113108	2	4	8	{}	0	0	0	10	
1007031	9013111	3	24	63	24	4	0	{"1000":{"0511004":{"base":1,"amount":2},"0511022":{"base":5,"amount":3},"0511027":{"base":3,"amount":2},"0501072":{"amount":1},"0502009":{"amount":6}}}	2001037	140	1.50	1	2.30	outer_floor_d	ring_floor_d	51	stage07map_point_01	9113111	2	4	8	{}	0	0	0	60	
1007032	9013111	3	24	63	24	4	0	{"1000":{"0503004":{"base":1,"amount":2},"051107":{"base":5,"amount":3},"0511020":{"base":3,"amount":2},"0502047":{"amount":6}}}	2001037	140	1.50	1	2.30	outer_floor_d	ring_floor_d	51	stage07map_point_01	9113111	2	4	8	{}	0	0	0	30	
1007033	9013111	3	24	63	24	4	0	{"1000":{"0503004":{"base":1,"amount":2},"051107":{"base":5,"amount":3},"0511020":{"base":3,"amount":2},"0502051":{"amount":3}}}	2001037	140	1.50	1	2.30	outer_floor_d	ring_floor_d	51	stage07map_point_01	9113111	2	4	8	{"332":{"5003505":{"base":1,"amount":1}}}	0	0	0	10	
1007061	9013114	3	24	63	24	4	0	{"150":{"0202008":{"amount":1}},"1000":{"0511004":{"base":1,"amount":2},"0511022":{"base":5,"amount":3},"0511010":{"base":3,"amount":2},"0502074":{"amount":6}}}	2001038	141	2.00	1	2.34	outer_floor_d	ring_floor_d	51	stage07map_point_02	9113114	1	4	8	{}	0	0	0	60	
1007062	9013114	3	24	63	24	4	0	{"150":{"0202008":{"amount":1}},"1000":{"0511016":{"base":1,"amount":2},"0511020":{"base":5,"amount":3},"0511009":{"base":3,"amount":2},"0502075":{"amount":6}}}	2001038	141	2.00	1	2.34	outer_floor_d	ring_floor_d	51	stage07map_point_02	9113114	1	4	8	{}	0	0	0	30	
1007063	9013114	3	24	63	24	4	0	{"150":{"0202008":{"amount":1}},"1000":{"0511016":{"base":1,"amount":2},"0511020":{"base":5,"amount":3},"0511009":{"base":3,"amount":2},"0502077":{"amount":6},"0502080":{"amount":6}}}	2001038	141	2.00	1	2.34	outer_floor_d	ring_floor_d	51	stage07map_point_02	9113114	1	4	8	{"332":{"5003505":{"base":1,"amount":1}}}	0	0	0	10	
1007091	9013117	3	24	63	24	4	0	{"150":{"0202009":{"amount":1}},"1000":{"0511004":{"base":1,"amount":2},"0511028":{"base":5,"amount":3},"0511016":{"base":3,"amount":2},"0502093":{"amount":3}}}	2001039	142	2.50	1	2.38	outer_floor_d	ring_floor_d	51	stage07map_point_03	9113117	2	4	8	{}	0	0	0	60	
1007092	9013117	3	24	63	24	4	0	{"150":{"0202009":{"amount":1}},"1000":{"0511004":{"base":1,"amount":2},"0511026":{"base":5,"amount":3},"0511015":{"base":3,"amount":2},"0502094":{"amount":6},"0502096":{"amount":6}}}	2001039	142	2.50	1	2.38	outer_floor_d	ring_floor_d	51	stage07map_point_03	9113117	2	4	8	{}	0	0	0	30	
1007093	9013117	3	24	63	24	4	0	{"150":{"0202009":{"amount":1}},"1000":{"0511004":{"base":1,"amount":2},"0511026":{"base":5,"amount":3},"0511015":{"base":3,"amount":2},"0502097":{"amount":3}}}	2001039	142	2.50	1	2.38	outer_floor_d	ring_floor_d	51	stage07map_point_03	9113117	2	4	8	{"332":{"5002503":{"base":1,"amount":1}}}	0	0	0	10	
1007121	9013120	3	24	65	24	4	0	{"150":{"0202008":{"amount":1}},"1000":{"0511016":{"base":1,"amount":2},"0511010":{"base":5,"amount":3},"0511028":{"base":3,"amount":2},"0502202":{"amount":6}}}	2001040	143	3.50	1	2.42	outer_floor_d	ring_floor_d	51	stage07map_point_04	9113120	1	4	8	{}	0	0	0	60	
1007122	9013120	3	24	65	24	4	0	{"150":{"0202008":{"amount":1}},"1000":{"0511016":{"base":1,"amount":2},"0511008":{"base":5,"amount":3},"0511027":{"base":3,"amount":2},"0502203":{"amount":6}}}	2001040	143	3.50	1	2.42	outer_floor_d	ring_floor_d	51	stage07map_point_04	9113120	1	4	8	{}	0	0	0	30	
1007123	9013120	3	24	65	24	4	0	{"150":{"0202008":{"amount":1}},"1000":{"0511016":{"base":1,"amount":2},"0511008":{"base":5,"amount":3},"0511027":{"base":3,"amount":2},"0502204":{"amount":6}}}	2001040	143	3.50	1	2.42	outer_floor_d	ring_floor_d	51	stage07map_point_04	9113120	1	4	8	{"332":{"5002503":{"base":1,"amount":1}}}	0	0	0	10	
1007151	9013123	3	24	65	24	4	0	{"150":{"0202009":{"base":1,"amount":2}},"1000":{"0511003":{"base":1,"amount":2},"0511022":{"base":5,"amount":3},"0511016":{"base":3,"amount":2},"0502209":{"amount":6}}}	2001041	144	2.00	1	2.46	outer_floor_d	ring_floor_d	51	stage07map_point_05	9113123	2	4	8	{}	0	0	0	60	
1007152	9013123	3	24	65	24	4	0	{"150":{"0202008":{"base":1,"amount":2}},"1000":{"0511010":{"base":1,"amount":2},"0511020":{"base":5,"amount":3},"0511015":{"base":3,"amount":2},"0502210":{"amount":6}}}	2001041	144	2.00	1	2.46	outer_floor_d	ring_floor_d	51	stage07map_point_05	9113123	2	4	8	{}	0	0	0	30	
1007153	9013123	3	24	65	24	4	0	{"150":{"0202008":{"base":1,"amount":2}},"1000":{"0511010":{"base":1,"amount":2},"0511020":{"base":5,"amount":3},"0511015":{"base":3,"amount":2},"0502211":{"amount":6},"0502212":{"amount":6}}}	2001041	144	2.00	1	2.46	outer_floor_d	ring_floor_d	51	stage07map_point_05	9113123	2	4	8	{"332":{"5001028":{"base":1,"amount":1}}}	0	0	0	10	
1007181	9013126	3	24	65	24	4	0	{"150":{"0202009":{"base":1,"amount":2}},"1000":{"0511004":{"base":1,"amount":2},"0511003":{"base":5,"amount":3},"0511022":{"base":3,"amount":2},"0502230":{"amount":6},"0502231":{"amount":6}}}	2001042	145	2.50	1	2.50	outer_floor_d	ring_floor_d	51	stage07map_point_06	9113126	1	4	8	{}	0	0	0	60	
1007182	9013126	3	24	65	24	4	0	{"150":{"0202008":{"base":1,"amount":2}},"1000":{"0511004":{"base":1,"amount":2},"0511002":{"base":5,"amount":3},"0511021":{"base":3,"amount":2},"0502232":{"amount":6}}}	2001042	145	2.50	1	2.50	outer_floor_d	ring_floor_d	51	stage07map_point_06	9113126	1	4	8	{}	0	0	0	30	
1007183	9013126	3	24	65	24	4	0	{"150":{"0202008":{"base":1,"amount":2}},"1000":{"0511004":{"base":1,"amount":2},"0511002":{"base":5,"amount":3},"0511021":{"base":3,"amount":2},"0502233":{"amount":6}}}	2001042	145	2.50	1	2.50	outer_floor_d	ring_floor_d	51	stage07map_point_06	9113126	1	4	8	{"332":{"5001028":{"base":1,"amount":1}}}	0	0	0	10	
1008031	9013129	3	28	73	28	6	0	{"150":{"0202009":{"amount":1}},"1000":{"0511016":{"base":1,"amount":2},"0511010":{"base":5,"amount":3},"0511022":{"base":3,"amount":2},"0503015":{"amount":6}}}	2001043	158	1.50	1	2.60	outer_floor_d1	ring_floor_d1	62	stage08map_point_01	9113129	2	4	8	{}	0	0	0	60	
1008032	9013129	3	28	73	28	6	0	{"150":{"0202008":{"amount":1}},"1000":{"0511016":{"base":1,"amount":2},"0511008":{"base":5,"amount":3},"0511021":{"base":3,"amount":2},"0503020":{"amount":6}}}	2001043	158	1.50	1	2.60	outer_floor_d1	ring_floor_d1	62	stage08map_point_01	9113129	2	4	8	{}	0	0	0	30	
1008033	9013129	3	28	73	28	6	0	{"150":{"0202008":{"amount":1}},"1000":{"0511016":{"base":1,"amount":2},"0511008":{"base":5,"amount":3},"0511021":{"base":3,"amount":2},"0503022":{"amount":3},"0503051":{"amount":3}}}	2001043	158	1.50	1	2.60	outer_floor_d1	ring_floor_d1	62	stage08map_point_01	9113129	2	4	8	{"332":{"5003506":{"base":1,"amount":1}}}	0	0	0	10	
1008061	9013132	3	28	73	28	6	0	{"1000":{"0511004":{"base":1,"amount":2},"0511022":{"base":5,"amount":3},"0511010":{"base":3,"amount":2},"0503062":{"amount":3}}}	2001044	159	2.00	1	2.70	outer_floor_d1	ring_floor_d1	62	stage08map_point_05	9113132	1	4	8	{}	0	0	0	60	
1008062	9013132	3	28	73	28	6	0	{"1000":{"0511022":{"base":1,"amount":2},"0511020":{"base":5,"amount":3},"0511009":{"base":3,"amount":2},"0503065":{"amount":6},"0503066":{"amount":6}}}	2001044	159	2.00	1	2.70	outer_floor_d1	ring_floor_d1	62	stage08map_point_05	9113132	1	4	8	{}	0	0	0	30	
1008063	9013132	3	28	73	28	6	0	{"1000":{"0511022":{"base":1,"amount":2},"0511020":{"base":5,"amount":3},"0511009":{"base":3,"amount":2},"0503067":{"amount":6}}}	2001044	159	2.00	1	2.70	outer_floor_d1	ring_floor_d1	62	stage08map_point_05	9113132	1	4	8	{"332":{"5003506":{"base":1,"amount":1}}}	0	0	0	10	
1008091	9013135	3	28	73	28	6	0	{"150":{"0202008":{"amount":1}},"1000":{"0511010":{"base":1,"amount":2},"0511028":{"base":5,"amount":3},"0511016":{"base":3,"amount":2},"0503077":{"amount":6}}}	2001045	160	2.00	1	2.80	outer_floor_d1	ring_floor_d1	62	stage08map_point_03	9113135	2	4	8	{}	0	0	0	60	
1008092	9013135	3	28	73	28	6	0	{"150":{"0202008":{"amount":1}},"1000":{"0511010":{"base":1,"amount":2},"0511026":{"base":5,"amount":3},"0511015":{"base":3,"amount":2},"0503079":{"amount":6}}}	2001045	160	2.00	1	2.80	outer_floor_d1	ring_floor_d1	62	stage08map_point_03	9113135	2	4	8	{}	0	0	0	30	
1008093	9013135	3	28	73	28	6	0	{"150":{"0202008":{"amount":1}},"1000":{"0511010":{"base":1,"amount":2},"0511026":{"base":5,"amount":3},"0511015":{"base":3,"amount":2},"0503080":{"amount":3}}}	2001045	160	2.00	1	2.80	outer_floor_d1	ring_floor_d1	62	stage08map_point_03	9113135	2	4	8	{"332":{"5002504":{"base":1,"amount":1}}}	0	0	0	10	
1008121	9013138	3	28	75	28	6	0	{"150":{"0202009":{"amount":1}},"1000":{"0511010":{"base":1,"amount":2},"0511004":{"base":5,"amount":3},"0511028":{"base":3,"amount":2},"0503085":{"amount":6}}}	2001046	161	2.00	1	2.90	outer_floor_d1	ring_floor_d1	62	stage08map_point_04	9113138	1	4	8	{}	0	0	0	60	
1008122	9013138	3	28	75	28	6	0	{"150":{"0202008":{"amount":1}},"1000":{"0511004":{"base":1,"amount":2},"0511008":{"base":5,"amount":3},"0511027":{"base":3,"amount":2},"0503086":{"amount":6},"0503087":{"amount":6}}}	2001046	161	2.00	1	2.90	outer_floor_d1	ring_floor_d1	62	stage08map_point_04	9113138	1	4	8	{}	0	0	0	30	
1008123	9013138	3	28	75	28	6	0	{"150":{"0202008":{"amount":1}},"1000":{"0511004":{"base":1,"amount":2},"0511008":{"base":5,"amount":3},"0511027":{"base":3,"amount":2},"0503088":{"amount":3}}}	2001046	161	2.00	1	2.90	outer_floor_d1	ring_floor_d1	62	stage08map_point_04	9113138	1	4	8	{"332":{"5002504":{"base":1,"amount":1}}}	0	0	0	10	
1008151	9013141	3	28	75	28	6	0	{"150":{"0202008":{"base":1,"amount":2}},"1000":{"0511004":{"base":1,"amount":2},"0511022":{"base":5,"amount":3},"0511016":{"base":3,"amount":2},"0503092":{"amount":6},"0503093":{"amount":6}}}	2001047	162	1.50	1	2.90	outer_floor_d1	ring_floor_d1	62	stage08map_point_05	9113141	2	4	8	{}	0	0	0	60	
1008152	9013141	3	28	75	28	6	0	{"150":{"0202008":{"base":1,"amount":2}},"1000":{"0511004":{"base":1,"amount":2},"0511020":{"base":5,"amount":3},"0511015":{"base":3,"amount":2},"0503094":{"amount":6}}}	2001047	162	1.50	1	2.90	outer_floor_d1	ring_floor_d1	62	stage08map_point_05	9113141	2	4	8	{}	0	0	0	30	
1008153	9013141	3	28	75	28	6	0	{"150":{"0202008":{"base":1,"amount":2}},"1000":{"0511004":{"base":1,"amount":2},"0511020":{"base":5,"amount":3},"0511015":{"base":3,"amount":2},"0503095":{"amount":6}}}	2001047	162	1.50	1	2.90	outer_floor_d1	ring_floor_d1	62	stage08map_point_05	9113141	2	4	8	{"332":{"5005507":{"base":1,"amount":1}}}	0	0	0	10	
1008181	9013144	3	28	75	28	6	0	{"150":{"0202009":{"base":1,"amount":2}},"1000":{"0511009":{"base":1,"amount":2},"0511004":{"base":5,"amount":3},"0511022":{"base":3,"amount":2},"0503105":{"amount":6}}}	2001048	163	2.00	1	3.00	outer_floor_d1	ring_floor_d1	62	stage08map_point_06	9113144	1	4	8	{}	0	0	0	60	
1008182	9013144	3	28	75	28	6	0	{"150":{"0202008":{"base":1,"amount":2}},"1000":{"0511010":{"base":1,"amount":2},"0511002":{"base":5,"amount":3},"0511003":{"base":3,"amount":2},"0503106":{"amount":6}}}	2001048	163	2.00	1	3.00	outer_floor_d1	ring_floor_d1	62	stage08map_point_06	9113144	1	4	8	{}	0	0	0	30	
1008183	9013144	3	28	75	28	6	0	{"150":{"0202008":{"base":1,"amount":2}},"1000":{"0511010":{"base":1,"amount":2},"0511002":{"base":5,"amount":3},"0511003":{"base":3,"amount":2},"0503107":{"amount":6},"0503108":{"amount":6}}}	2001048	163	2.00	1	3.00	outer_floor_d1	ring_floor_d1	62	stage08map_point_06	9113144	1	4	8	{"332":{"5005507":{"base":1,"amount":1}}}	0	0	0	10	
1009031	9013147	3	28	78	28	6	0	{"150":{"0202009":{"amount":1}},"1000":{"0511009":{"base":1,"amount":2},"0511021":{"base":5,"amount":3},"0511010":{"base":3,"amount":2},"0504001":{"amount":6},"0504002":{"amount":6}}}	2001049	176	1.25	1	3.10	outer_floor_d2	ring_floor_d2	71	stage09map_point_01	9113147	2	4	8	{}	0	0	0	60	
1009032	9013147	3	28	78	28	6	0	{"150":{"0202008":{"amount":1}},"1000":{"0511010":{"base":1,"amount":2},"0511020":{"base":5,"amount":3},"0511021":{"base":3,"amount":2},"0504003":{"amount":6}}}	2001049	176	1.25	1	3.10	outer_floor_d2	ring_floor_d2	71	stage09map_point_01	9113147	2	4	8	{}	0	0	0	30	
1009033	9013147	3	28	78	28	6	0	{"150":{"0202008":{"amount":1}},"1000":{"0511010":{"base":1,"amount":2},"0511020":{"base":5,"amount":3},"0511021":{"base":3,"amount":2},"0505019":{"amount":3}}}	2001049	176	1.25	1	3.10	outer_floor_d2	ring_floor_d2	71	stage09map_point_01	9113147	2	4	8	{"332":{"5003507":{"base":1,"amount":1}}}	0	0	0	10	
1009061	9013150	3	28	78	28	6	0	{"1000":{"0511004":{"base":1,"amount":2},"0511016":{"base":5,"amount":3},"0511010":{"base":3,"amount":2},"0505062":{"amount":3}}}	2001050	177	1.25	1	3.10	outer_floor_d2	ring_floor_d2	71	stage09map_point_02	9113150	1	4	8	{}	0	0	0	60	
1009062	9013150	3	28	78	28	6	0	{"1000":{"0511004":{"base":1,"amount":2},"0511014":{"base":5,"amount":3},"0511009":{"base":3,"amount":2},"0505063":{"amount":6}}}	2001050	177	1.25	1	3.10	outer_floor_d2	ring_floor_d2	71	stage09map_point_02	9113150	1	4	8	{}	0	0	0	30	
1009063	9013150	3	28	78	28	6	0	{"1000":{"0511004":{"base":1,"amount":2},"0511014":{"base":5,"amount":3},"0511009":{"base":3,"amount":2},"0505065":{"amount":6}}}	2001050	177	1.25	1	3.10	outer_floor_d2	ring_floor_d2	71	stage09map_point_02	9113150	1	4	8	{"332":{"5003507":{"base":1,"amount":1}}}	0	0	0	10	
1009091	9013153	3	28	78	28	6	0	{"150":{"0202008":{"amount":1}},"1000":{"0511016":{"base":1,"amount":2},"0511022":{"base":5,"amount":3},"0511015":{"base":3,"amount":2},"0505074":{"amount":6}}}	2001051	178	1.25	1	3.20	outer_floor_d2	ring_floor_d2	71	stage09map_point_03	9113153	2	4	8	{}	0	0	0	60	
1009092	9013153	3	28	78	28	6	0	{"150":{"0202008":{"amount":1}},"1000":{"0511016":{"base":1,"amount":2},"0511020":{"base":5,"amount":3},"0511003":{"base":3,"amount":2},"0505075":{"amount":6},"0505076":{"amount":6}}}	2001051	178	1.25	1	3.20	outer_floor_d2	ring_floor_d2	71	stage09map_point_03	9113153	2	4	8	{}	0	0	0	30	
1009093	9013153	3	28	78	28	6	0	{"150":{"0202008":{"amount":1}},"1000":{"0511016":{"base":1,"amount":2},"0511020":{"base":5,"amount":3},"0511003":{"base":3,"amount":2},"0505078":{"amount":3}}}	2001051	178	1.25	1	3.20	outer_floor_d2	ring_floor_d2	71	stage09map_point_03	9113153	2	4	8	{"332":{"5002505":{"base":1,"amount":1}}}	0	0	0	10	
1009121	9013156	3	28	80	28	6	0	{"150":{"0202009":{"amount":1}},"1000":{"0511010":{"base":1,"amount":2},"0511004":{"base":5,"amount":3},"0511022":{"base":3,"amount":2},"0505084":{"amount":6}}}	2001052	179	1.50	1	3.30	outer_floor_d2	ring_floor_d2	71	stage09map_point_04	9113156	1	4	8	{}	0	0	0	60	
1009122	9013156	3	28	80	28	6	0	{"150":{"0202007":{"amount":1}},"1000":{"0511022":{"base":1,"amount":2},"0511002":{"base":5,"amount":3},"0511021":{"base":3,"amount":2},"0505085":{"amount":3}}}	2001052	179	1.50	1	3.30	outer_floor_d2	ring_floor_d2	71	stage09map_point_04	9113156	1	4	8	{}	0	0	0	30	
1009123	9013156	3	28	80	28	6	0	{"150":{"0202007":{"amount":1}},"1000":{"0511022":{"base":1,"amount":2},"0511002":{"base":5,"amount":3},"0511021":{"base":3,"amount":2},"0505086":{"amount":6}}}	2001052	179	1.50	1	3.30	outer_floor_d2	ring_floor_d2	71	stage09map_point_04	9113156	1	4	8	{"332":{"5002505":{"base":1,"amount":1}}}	0	0	0	10	
1009151	9013159	3	28	80	28	6	0	{"150":{"0202008":{"base":1,"amount":2}},"1000":{"0511010":{"base":1,"amount":2},"0511028":{"base":5,"amount":3},"0511027":{"base":3,"amount":2},"0505091":{"amount":3}}}	2001053	180	1.50	1	3.40	outer_floor_d2	ring_floor_d2	71	stage09map_point_05	9113159	2	4	8	{}	0	0	0	60	
1009152	9013159	3	28	80	28	6	0	{"150":{"0202008":{"base":1,"amount":2}},"1000":{"0511010":{"base":1,"amount":2},"0511026":{"base":5,"amount":3},"0511027":{"base":3,"amount":2},"0505092":{"amount":3}}}	2001053	180	1.50	1	3.40	outer_floor_d2	ring_floor_d2	71	stage09map_point_05	9113159	2	4	8	{}	0	0	0	30	
1009153	9013159	3	28	80	28	6	0	{"150":{"0202008":{"base":1,"amount":2}},"1000":{"0511010":{"base":1,"amount":2},"0511026":{"base":5,"amount":3},"0511027":{"base":3,"amount":2},"0505093":{"amount":6},"0505094":{"amount":6}}}	2001053	180	1.50	1	3.40	outer_floor_d2	ring_floor_d2	71	stage09map_point_05	9113159	2	4	8	{"332":{"5005508":{"base":1,"amount":1}}}	0	0	0	10	
1009181	9013162	3	28	80	28	6	0	{"150":{"0202008":{"base":1,"amount":2}},"1000":{"0511016":{"base":1,"amount":2},"0511010":{"base":5,"amount":3},"0511004":{"base":3,"amount":2},"0505098":{"amount":6},"0505099":{"amount":6}}}	2001054	181	1.75	1	3.50	outer_floor_d2	ring_floor_d2	71	stage09map_point_06	9113162	1	4	8	{}	0	0	0	60	
1009182	9013162	3	28	80	28	6	0	{"150":{"0202008":{"base":1,"amount":2}},"1000":{"0511016":{"base":1,"amount":2},"0511008":{"base":5,"amount":3},"0511003":{"base":3,"amount":2},"0505100":{"amount":6}}}	2001054	181	1.75	1	3.50	outer_floor_d2	ring_floor_d2	71	stage09map_point_06	9113162	1	4	8	{}	0	0	0	30	
1009183	9013162	3	28	80	28	6	0	{"150":{"0202008":{"base":1,"amount":2}},"1000":{"0511016":{"base":1,"amount":2},"0511008":{"base":5,"amount":3},"0511003":{"base":3,"amount":2},"0505203":{"amount":6}}}	2001054	181	1.75	1	3.50	outer_floor_d2	ring_floor_d2	71	stage09map_point_06	9113162	1	4	8	{"332":{"5005508":{"base":1,"amount":1}}}	0	0	0	10	
1010031	9013165	3	28	83	28	6	0	{"150":{"0202008":{"amount":1}},"1000":{"0511010":{"base":1,"amount":2},"0511004":{"base":5,"amount":3},"0511016":{"base":3,"amount":2},"0505209":{"amount":6}}}	2001055	194	2.00	1	3.60	outer_floor_d3	ring_floor_d3	81	stage10map_point_01	9113165	2	4	8	{}	0	0	0	60	
1010032	9013165	3	28	83	28	6	0	{"150":{"0202008":{"amount":1}},"1000":{"0511022":{"base":1,"amount":2},"0511002":{"base":5,"amount":3},"0511009":{"base":3,"amount":2},"0505658":{"amount":6}}}	2001055	194	2.00	1	3.60	outer_floor_d3	ring_floor_d3	81	stage10map_point_01	9113165	2	4	8	{}	0	0	0	30	
1010033	9013165	3	28	83	28	6	0	{"150":{"0202008":{"amount":1}},"1000":{"0511022":{"base":1,"amount":2},"0511002":{"base":5,"amount":3},"0511009":{"base":3,"amount":2},"0505664":{"amount":6}}}	2001055	194	2.00	1	3.60	outer_floor_d3	ring_floor_d3	81	stage10map_point_01	9113165	2	4	8	{"332":{"5005509":{"base":1,"amount":1}}}	0	0	0	10	
1010061	9013168	3	28	83	28	6	0	{"1000":{"0511009":{"base":1,"amount":2},"0511010":{"base":5,"amount":3},"0511028":{"base":3,"amount":2},"0506062":{"amount":3}}}	2001056	195	2.00	1	3.60	outer_floor_d3	ring_floor_d3	81	stage10map_point_02	9113168	2	4	8	{}	0	0	0	60	
1010062	9013168	3	28	83	28	6	0	{"1000":{"0511010":{"base":1,"amount":2},"0511008":{"base":5,"amount":3},"0511027":{"base":3,"amount":2},"0506063":{"amount":6},"0506003":{"amount":3}}}	2001056	195	2.00	1	3.60	outer_floor_d3	ring_floor_d3	81	stage10map_point_02	9113168	2	4	8	{}	0	0	0	30	
1010063	9013168	3	28	83	28	6	0	{"1000":{"0511010":{"base":1,"amount":2},"0511008":{"base":5,"amount":3},"0511027":{"base":3,"amount":2},"0506067":{"amount":6}}}	2001056	195	2.00	1	3.60	outer_floor_d3	ring_floor_d3	81	stage10map_point_02	9113168	2	4	8	{"332":{"5005509":{"base":1,"amount":1}}}	0	0	0	10	
1010091	9013171	3	28	83	28	6	0	{"150":{"0202008":{"amount":1}},"1000":{"0511004":{"base":1,"amount":2},"0511016":{"base":5,"amount":3},"0511003":{"base":3,"amount":2},"0506076":{"amount":6}}}	2001057	196	2.00	1	3.70	outer_floor_d3	ring_floor_d3	81	stage10map_point_03	9113171	2	4	8	{}	0	0	0	60	
1010092	9013171	3	28	83	28	6	0	{"150":{"0202008":{"amount":1}},"1000":{"0511022":{"base":1,"amount":2},"0511014":{"base":5,"amount":3},"0511003":{"base":3,"amount":2},"0506077":{"amount":3}}}	2001057	196	2.00	1	3.70	outer_floor_d3	ring_floor_d3	81	stage10map_point_03	9113171	2	4	8	{}	0	0	0	30	
1010093	9013171	3	28	83	28	6	0	{"150":{"0502039":{"amount":1}},"1000":{"0511022":{"base":1,"amount":2},"0511014":{"base":5,"amount":3},"0511003":{"base":3,"amount":2},"0506078":{"amount":6}}}	2001057	196	2.00	1	3.70	outer_floor_d3	ring_floor_d3	81	stage10map_point_03	9113171	2	4	8	{}	0	0	0	10	
1010121	9013174	3	28	85	28	6	0	{"150":{"0202009":{"amount":1}},"1000":{"0511016":{"base":1,"amount":2},"0511028":{"base":5,"amount":3},"0511022":{"base":3,"amount":2},"0506084":{"amount":6}}}	2001058	197	2.00	1	3.80	outer_floor_d3	ring_floor_d3	81	stage10map_point_04	9113174	2	4	8	{}	0	0	0	60	
1010122	9013174	3	28	85	28	6	0	{"150":{"0202008":{"amount":1}},"1000":{"0511016":{"base":1,"amount":2},"0511020":{"base":5,"amount":3},"0511021":{"base":3,"amount":2},"0506085":{"amount":6}}}	2001058	197	2.00	1	3.80	outer_floor_d3	ring_floor_d3	81	stage10map_point_04	9113174	2	4	8	{}	0	0	0	30	
1010123	9013174	3	28	85	28	6	0	{"150":{"0502039":{"amount":1}},"1000":{"0511016":{"base":1,"amount":2},"0511020":{"base":5,"amount":3},"0511021":{"base":3,"amount":2},"0506086":{"amount":6},"0506087":{"amount":3}}}	2001058	197	2.00	1	3.80	outer_floor_d3	ring_floor_d3	81	stage10map_point_04	9113174	2	4	8	{}	0	0	0	10	
1010151	9013177	3	28	85	28	6	0	{"150":{"0202008":{"base":1,"amount":2}},"1000":{"0511016":{"base":1,"amount":2},"0511028":{"base":5,"amount":3},"0511004":{"base":3,"amount":2},"0506091":{"amount":6},"0506092":{"amount":6}}}	2001059	198	2.00	1	3.90	outer_floor_d3	ring_floor_d3	81	stage10map_point_05	9113177	2	4	8	{}	0	0	0	60	
1010152	9013177	3	28	85	28	6	0	{"150":{"0202008":{"base":1,"amount":2}},"1000":{"0511016":{"base":1,"amount":2},"0511026":{"base":5,"amount":3},"0511029":{"base":3,"amount":2},"0506093":{"amount":6}}}	2001059	198	2.00	1	3.90	outer_floor_d3	ring_floor_d3	81	stage10map_point_05	9113177	2	4	8	{}	0	0	0	30	
1010153	9013177	3	28	85	28	6	0	{"150":{"0501027":{"amount":5}},"1000":{"0511016":{"base":1,"amount":2},"0511026":{"base":5,"amount":3},"0511029":{"base":3,"amount":2},"0506097":{"amount":6}}}	2001059	198	2.00	1	3.90	outer_floor_d3	ring_floor_d3	81	stage10map_point_05	9113177	2	4	8	{}	0	0	0	10	
1010181	9013180	3	28	85	28	6	0	{"150":{"0202009":{"base":1,"amount":2}},"1000":{"0511016":{"base":1,"amount":2},"0511004":[{"base":5,"amount":3},{"base":3,"amount":2}],"0506658":{"amount":6}}}	2001060	199	2.00	1	4.00	outer_floor_d3	ring_floor_d3	81	stage10map_point_06	9113180	2	4	8	{}	0	0	0	60	
1010182	9013180	3	28	85	28	6	0	{"150":{"0202008":{"base":1,"amount":2}},"1000":{"0511016":{"base":1,"amount":2},"0511002":{"base":5,"amount":3},"0511021":{"base":3,"amount":2},"0506664":{"amount":6}}}	2001060	199	2.00	1	4.00	outer_floor_d3	ring_floor_d3	81	stage10map_point_06	9113180	2	4	8	{}	0	0	0	30	
1010183	9013180	3	28	85	28	6	0	{"150":{"0501027":{"amount":5}},"1000":{"0511016":{"base":1,"amount":2},"0511002":{"base":5,"amount":3},"0511021":{"base":3,"amount":2},"0506680":{"amount":6}}}	2001060	199	2.00	1	4.00	outer_floor_d3	ring_floor_d3	81	stage10map_point_06	9113180	2	4	8	{}	0	0	0	10	
1011011	9013180	3	12	32	12	2	3	{"1000":{"0503003":{"base":1,"amount":2},"0511001":{"base":5,"amount":3},"0511007":{"base":3,"amount":2},"0502502":{"amount":1}}}	2001001	14	2.00	1	1.30	outer_floor_d	ring_floor_d	0	stage01map_point_01	9113180	0	0	0	{}	0	0	0	0	
1501001	9015001	3	6	50	6	1	2	{"1000":{"0202006":{"base":10,"amount":5}},"300":{"0202006":{"amount":2}}}	2001197	110	1.00	1	1.00	outer_floor_d6	ring_floor_d6	14		9115001	0	0	0	{}	0	0	0	0	
1501002	9015002	3	6	60	6	1	2	{"1000":{"0202006":{"base":5,"amount":5},"0202005":{"base":3,"amount":2}},"300":{"0202005":{"amount":2}}}	2001198	110	2.00	1	5.00	outer_floor_d6	ring_floor_d6	30		9115001	1	3	8	{}	0	0	0	0	
1501003	9015003	3	12	70	12	2	3	{"1000":{"0202006":{"base":2,"amount":3},"0202005":{"base":3,"amount":2},"0202004":{"base":3,"amount":2}},"300":{"0202004":{"amount":2}}}	2001199	110	3.00	1	10.00	outer_floor_d6	ring_floor_d6	50		9115001	2	4	7	{}	0	0	0	0	
1502001	9015005	3	6	50	6	1	2	{"1000":{"0202009":{"base":5,"amount":5}},"300":{"0202009":{"amount":2}}}	2001201	111	1.00	1	1.00	outer_floor_d7	ring_floor_d7	14		9115002	0	0	0	{}	0	0	0	0	
1502002	9015006	3	6	60	6	1	2	{"1000":{"0202009":{"base":5,"amount":3},"0202008":{"base":1,"amount":2}},"300":{"0202008":{"amount":2}}}	2001202	111	2.00	1	5.00	outer_floor_d7	ring_floor_d7	30		9115002	1	3	8	{}	0	0	0	0	
1502003	9015007	3	12	70	12	2	3	{"1000":{"0202009":{"base":5,"amount":3},"0202008":{"base":1,"amount":2},"0202007":{"base":1,"amount":2}},"300":{"0202007":{"amount":2}}}	2001203	111	3.00	1	10.00	outer_floor_d7	ring_floor_d7	50		9115002	2	4	7	{}	0	0	0	0	
1601001	9016001	3	6	50	6	1	3	{"1000":{"0511002":{"base":5,"amount":5},"0511003":{"base":5,"amount":5},"0510006":{"base":5,"amount":5}}}	2001181	112	1.00	1	1.00	outer_floor_d8	ring_floor_d8	20		9116001	0	0	0	{}	0	0	0	0	
1601002	9016002	3	6	60	6	1	3	{"1000":{"0511031":{"base":5,"amount":5},"0511004":{"base":5,"amount":5},"0510007":{"base":5,"amount":5}}}	2001182	112	2.00	1	5.00	outer_floor_d8	ring_floor_d8	30		9116001	1	3	8	{}	0	0	0	0	
1601003	9016003	3	12	70	12	2	3	{"1000":{"0511032":{"base":5,"amount":5},"0511005":{"base":5,"amount":5},"0510011":{"base":5,"amount":5}}}	2001183	112	3.00	1	10.00	outer_floor_d8	ring_floor_d8	60		9116001	2	4	7	{}	0	0	0	0	
1602001	9016005	3	6	50	6	1	3	{"1000":{"0511008":{"base":5,"amount":5},"0511009":{"base":5,"amount":5},"0510001":{"base":5,"amount":5}}}	2001185	113	1.00	1	1.00	outer_floor_d8	ring_floor_d8	20		9116002	0	0	0	{}	0	0	0	0	
1602002	9016006	3	6	60	6	1	3	{"1000":{"0511037":{"base":5,"amount":5},"0511010":{"base":5,"amount":5},"0510002":{"base":5,"amount":5}}}	2001186	113	2.00	1	5.00	outer_floor_d8	ring_floor_d8	30		9116002	1	3	8	{}	0	0	0	0	
1602003	9016007	3	12	70	12	2	3	{"1000":{"0511038":{"base":5,"amount":5},"0511011":{"base":5,"amount":5},"0510016":{"base":5,"amount":5}}}	2001187	113	3.00	1	10.00	outer_floor_d8	ring_floor_d8	60		9116002	2	4	7	{}	0	0	0	0	
1603001	9016009	3	6	50	6	1	3	{"1000":{"0511014":{"base":5,"amount":5},"0511015":{"base":5,"amount":5},"0510006":{"base":5,"amount":5}}}	2001189	114	1.00	1	1.00	outer_floor_d8	ring_floor_d8	20		9116003	0	0	0	{}	0	0	0	0	
1603002	9016010	3	6	60	6	1	3	{"1000":{"0511043":{"base":5,"amount":5},"0511016":{"base":5,"amount":5},"0510002":{"base":5,"amount":5}}}	2001190	114	2.00	1	5.00	outer_floor_d8	ring_floor_d8	30		9116003	1	3	8	{}	0	0	0	0	
1603003	9016011	3	12	70	12	2	3	{"1000":{"0511044":{"base":5,"amount":5},"0511017":{"base":5,"amount":5},"0510011":{"base":5,"amount":5}}}	2001191	114	3.00	1	10.00	outer_floor_d8	ring_floor_d8	60		9116003	2	4	7	{}	0	0	0	0	
1604001	9016013	1	6	50	6	1	3	{"1000":{"0511026":{"base":5,"amount":5},"0511020":{"base":5,"amount":5},"0510001":{"base":5,"amount":5}}}	2001193	115	1.00	1	1.00	outer_floor_d8	ring_floor_d8	20		9116004	0	0	0	{}	0	0	0	0	
1604002	9016014	1	6	60	6	1	3	{"1000":{"0511027":{"base":5,"amount":5},"0511021":{"base":5,"amount":5},"0510007":{"base":5,"amount":5}}}	2001194	115	2.00	1	5.00	outer_floor_d8	ring_floor_d8	30		9116004	1	3	8	{}	0	0	0	0	
1604003	9016015	1	12	70	12	2	3	{"1000":{"0511028":{"base":5,"amount":5},"0511022":{"base":5,"amount":5},"0510016":{"base":5,"amount":5}}}	2001195	115	3.00	1	10.00	outer_floor_d8	ring_floor_d8	60		9116004	2	4	7	{}	0	0	0	0	
1801001	あかの他人1	3	0	0	0	0	0	{"1000":{"AP":{"amount":2}}}	1100001	1010	1.00	0	0.00	outer_floor_d6	ring_floor_d6	0			3	4	8	{}	0	0	0	0	
1801002	あかの他人2	3	0	0	0	0	0	{"1000":{"AP":{"amount":2}}}	1100002	1011	1.00	0	0.00	outer_floor_d6	ring_floor_d6	0			3	4	8	{}	0	0	0	0	
1801003	あかの他人3	3	0	0	0	0	0	{"1000":{"AP":{"amount":2}}}	1100003	1012	1.00	0	0.00	outer_floor_d6	ring_floor_d6	0			3	4	8	{}	0	0	0	0	
1801004	あかの他人4	3	0	0	0	0	0	{"1000":{"AP":{"amount":2}}}	1100004	1013	1.00	0	0.00	outer_floor_d6	ring_floor_d6	0			3	4	8	{}	0	0	0	0	
1801005	あかの他人5	3	0	0	0	0	0	{"1000":{"AP":{"amount":2}}}	1100005	1014	1.00	0	0.00	outer_floor_d6	ring_floor_d6	0			3	4	8	{}	0	0	0	0	
1801006	あかの他人6	3	0	0	0	0	0	{"1000":{"AP":{"amount":2}}}	1100006	1015	1.00	0	0.00	outer_floor_d6	ring_floor_d6	0			3	4	8	{}	0	0	0	0	
1901001	PVP1	3	0	0	0	0	0	{}	1100001	1010	1.00	0	0.00	outer_floor_d6	ring_floor_d6	0			3	4	8	{}	0	0	0	0	
1901002	PVP2	3	0	0	0	0	0	{}	1100002	1011	1.00	0	0.00	outer_floor_d6	ring_floor_d6	0			3	4	8	{}	0	0	0	0	
1901003	PVP3	3	0	0	0	0	0	{}	1100003	1012	1.00	0	0.00	outer_floor_d6	ring_floor_d6	0			3	4	8	{}	0	0	0	0	
1901004	PVP4	3	0	0	0	0	0	{}	1100004	1013	1.00	0	0.00	outer_floor_d6	ring_floor_d6	0			3	4	8	{}	0	0	0	0	
1901005	PVP5	3	0	0	0	0	0	{}	1100005	1014	1.00	0	0.00	outer_floor_d6	ring_floor_d6	0			3	4	8	{}	0	0	0	0	
1901006	PVP6	3	0	0	0	0	0	{}	1100006	1015	1.00	0	0.00	outer_floor_d6	ring_floor_d6	0			3	4	8	{}	0	0	0	0	
3101001	エリート覇権争いD1	3	0	0	0	0	0	{}	2001196	1010	0.20	0	0.80	outer_floor_d6	ring_floor_d6	0			0	0	0	{}	0	0	0	0	
3101002	エリート覇権争いD2	3	0	0	0	0	0	{}	2001196	1011	0.20	0	1.00	outer_floor_d6	ring_floor_d6	0			0	0	0	{}	0	0	0	0	
3101003	エリート覇権争いD3	3	0	0	0	0	0	{}	2001196	1012	0.20	0	1.10	outer_floor_d6	ring_floor_d6	0			0	0	0	{}	0	0	0	0	
3101004	宝箱１	3	0	0	0	0	1	{"1000":{"ecoin":{"amount":50}}}	2001196	1013	1.00	0	0.00	outer_floor_d6	ring_floor_d6	0	寶箱群組D		0	0	0	{}	0	0	0	0	
3101005	エリート覇権争いC1	3	0	0	0	0	0	{}	2001196	1014	0.40	0	1.20	outer_floor_d6	ring_floor_d6	0			0	0	0	{}	0	0	0	0	
3101006	エリート覇権争いC2	3	0	0	0	0	0	{}	2001196	1015	0.40	0	1.50	outer_floor_d6	ring_floor_d6	0			0	0	0	{}	0	0	0	0	
3101007	エリート覇権争いC3	3	0	0	0	0	0	{}	2001196	1016	0.40	0	1.80	outer_floor_d6	ring_floor_d6	0			0	0	0	{}	0	0	0	0	
3101008	宝箱２	3	0	0	0	0	1	{"1000":{"ecoin":{"amount":100}}}	2001196	1010	1.00	0	0.00	outer_floor_d7	ring_floor_d7	0	寶箱群組C		0	0	0	{}	0	0	0	0	
3101009	エリート覇権争いB1	3	0	0	0	0	0	{}	2001196	1011	0.50	0	2.00	outer_floor_d7	ring_floor_d7	0			1	4	8	{}	0	0	0	0	
3101010	エリート覇権争いB2	3	0	0	0	0	0	{}	2001196	1012	0.50	0	2.20	outer_floor_d7	ring_floor_d7	0			1	4	8	{}	0	0	0	0	
3101011	エリート覇権争いB3	3	0	0	0	0	0	{}	2001196	1013	0.50	0	2.50	outer_floor_d7	ring_floor_d7	0			1	4	8	{}	0	0	0	0	
3101012	宝箱３	3	0	0	0	0	1	{"1000":{"ecoin":{"amount":100}}}	2001196	1014	1.00	0	0.00	outer_floor_d7	ring_floor_d7	0	寶箱群組B		0	0	0	{}	0	0	0	0	
3101013	エリート覇権争いA1	3	0	0	0	0	0	{}	2001196	1015	0.60	0	2.60	outer_floor_d7	ring_floor_d7	0			1	4	8	{}	0	0	0	0	
3101014	エリート覇権争いA2	3	0	0	0	0	0	{}	2001196	1016	0.60	0	2.70	outer_floor_d7	ring_floor_d7	0			1	4	8	{}	0	0	0	0	
3101015	エリート覇権争いA3	3	0	0	0	0	0	{}	2001196	1010	0.60	0	2.80	outer_floor_d7	ring_floor_d7	0			1	4	8	{}	0	0	0	0	
3101016	宝箱４	3	0	0	0	0	1	{"1000":{"ecoin":{"amount":200}}}	2001196	1011	1.00	0	0.00	outer_floor_d8	ring_floor_d8	0	寶箱群組A		0	0	0	{}	0	0	0	0	
3101017	エリート覇権争いS1	3	0	0	0	0	0	{}	2001196	1012	0.80	0	3.00	outer_floor_d8	ring_floor_d8	0			2	8	9	{}	0	0	0	0	
3101018	エリート覇権争いS2	3	0	0	0	0	0	{}	2001196	1013	0.80	0	3.50	outer_floor_d8	ring_floor_d8	0			2	8	9	{}	0	0	0	0	
3101019	エリート覇権争いS3	3	0	0	0	0	0	{}	2001196	1014	0.80	0	4.00	outer_floor_d8	ring_floor_d8	0			2	8	9	{}	0	0	0	0	
3101020	宝箱５	3	0	0	0	0	1	{"1000":{"ecoin":{"amount":250}}}	2001196	1015	1.00	0	0.00	outer_floor_d8	ring_floor_d8	0	寶箱群組S		0	0	0	{}	0	0	0	0	
3201030	9013903	3	0	0	0	0	0	{}	2001205	7	1.00	1	0.00	outer_floor_d	ring_floor_d	0	stage00map_point_01	9113903	0	0	0	{}	0	0	0	0	
3201060	9013906	3	6	0	0	0	0	{"1000":{"vcoin":{"amount":50},"0201019":{"amount":2},"gcoin":{"amount":1500}}}	2001208	2	1.00	1	0.80	outer_floor_d	ring_floor_d	0	stage00map_point_02	9113906	0	0	0	{}	0	0	0	0	
3201090	9013909	3	6	0	0	0	0	{"1000":{"vcoin":{"amount":50},"0201026":{"amount":2},"gcoin":{"amount":1500}}}	2001209	2	1.00	1	0.80	outer_floor_d	ring_floor_d	0	stage00map_point_02	9113909	0	0	0	{"1000":{"5002035":{"base":1,"amount":1}}}	0	0	0	0	
8001010	9082001	1	6	28	6	1	0	{"1000":{"0511004":{"amount":25},"6001040":{"amount":1}}}	2001210	1013	1.00	0	1.20	outer_floor_d	ring_floor_d	0	stage01map_point_06	9182001	1	3	7	{}	50	9	1	0	
8001011	9082002	1	6	28	6	1	0	{"1000":{"0511010":{"amount":25},"6001040":{"amount":1}}}	2001211	1011	1.00	0	1.20	outer_floor_d	ring_floor_d	0	stage01map_point_06	9182001	1	3	7	{}	50	6	1	0	
8001012	9082003	1	6	28	6	1	0	{"1000":{"0511016":{"amount":25},"6001040":{"amount":1}}}	2001212	1017	1.00	0	1.20	outer_floor_d	ring_floor_d	0	stage01map_point_06	9182001	1	3	7	{}	50	5	30	0	
8001013	9082004	1	6	28	6	1	0	{"1000":{"0511004":{"amount":25},"6001040":{"amount":1}}}	2001213	1014	1.00	0	1.20	outer_floor_d	ring_floor_d	0	stage01map_point_06	9182001	1	3	7	{}	50	7	200	0	
8001014	9082005	1	6	28	6	1	0	{"1000":{"0511010":{"amount":25},"6001040":{"amount":1}}}	2001214	1011	1.00	0	1.20	outer_floor_d	ring_floor_d	0	stage01map_point_06	9182001	1	3	7	{}	50	1	2000	0	
8001015	9082006	3	6	28	6	1	0	{"1000":{"0511016":{"amount":25},"6001040":{"amount":2}}}	2001215	1011	1.00	0	1.20	outer_floor_d	ring_floor_d	0	stage01map_point_06	9182001	1	1	3	{}	50	2	30	0	
8001016	9082007	1	6	28	6	1	0	{"1000":{"0511004":{"amount":25},"6001040":{"amount":2}}}	2001216	1013	1.00	0	1.20	outer_floor_d	ring_floor_d	0	stage01map_point_06	9182001	1	3	7	{}	50	4	30	0	
8001017	9082008	1	6	28	6	1	0	{"1000":{"0511010":{"amount":25},"6001040":{"amount":2}}}	2001217	1010	1.00	0	1.20	outer_floor_d	ring_floor_d	0	stage01map_point_06	9182001	1	3	7	{}	50	3	2	0	
8001018	9082009	3	6	28	6	1	0	{"1000":{"0511016":{"amount":25},"6001040":{"amount":2}}}	2001218	1015	1.00	0	1.20	outer_floor_d	ring_floor_d	0	stage01map_point_06	9182001	2	3	7	{}	50	9	2	0	
8001019	9082010	1	6	28	6	1	0	{"1000":{"0511056":{"amount":20},"0105097":{"amount":1},"6001040":{"amount":2}}}	2001219	1010	1.00	0	1.20	outer_floor_d	ring_floor_d	0	stage01map_point_06	9182002	2	1	3	{}	60	8	3	0	
8001020	9082011	1	6	28	6	1	0	{"1000":{"0511005":{"amount":25},"6001040":{"amount":3}}}	2001220	1013	1.00	0	1.20	outer_floor_d	ring_floor_d	0	stage01map_point_06	9182001	2	3	7	{}	50	9	2	0	
8001021	9082012	1	6	28	6	1	0	{"1000":{"0511011":{"amount":25},"6001040":{"amount":3}}}	2001221	1011	1.00	0	1.20	outer_floor_d	ring_floor_d	0	stage01map_point_06	9182001	2	3	7	{}	50	6	2	0	
8001022	9082013	1	6	28	6	1	0	{"1000":{"0511017":{"amount":25},"6001040":{"amount":3}}}	2001222	1017	1.00	0	1.20	outer_floor_d	ring_floor_d	0	stage01map_point_06	9182001	2	3	7	{}	50	5	35	0	
8001023	9082014	1	6	28	6	1	0	{"1000":{"0511005":{"amount":25},"6001040":{"amount":3}}}	2001223	1014	1.00	0	1.20	outer_floor_d	ring_floor_d	0	stage01map_point_06	9182001	2	3	7	{}	55	7	2000	0	
8001024	9082015	2	6	28	6	1	0	{"1000":{"0511011":{"amount":25},"6001040":{"amount":3}}}	2001224	1011	1.00	0	1.20	outer_floor_d	ring_floor_d	0	stage01map_point_06	9182001	2	3	7	{}	50	1	5000	0	
8001025	9082016	1	6	28	6	1	0	{"1000":{"0511017":{"amount":25},"6001040":{"amount":4}}}	2001225	1011	1.00	0	1.20	outer_floor_d	ring_floor_d	0	stage01map_point_06	9182001	2	1	3		60	2	50	0	
8001026	9082017	1	6	28	6	1	0	{"1000":{"0511005":{"amount":25},"6001040":{"amount":4}}}	2001226	1013	1.00	0	1.20	outer_floor_d	ring_floor_d	0	stage01map_point_06	9182001	2	3	7		60	4	60	0	
8001027	9082018	1	6	28	6	1	0	{"1000":{"0511011":{"amount":25},"6001040":{"amount":4}}}	2001227	1010	1.00	0	1.20	outer_floor_d	ring_floor_d	0	stage01map_point_06	9182001	2	3	7		60	3	1	0	
8001028	9082019	2	6	28	6	1	0	{"1000":{"0511017":{"amount":25},"6001040":{"amount":4}}}	2001228	1015	1.00	0	1.20	outer_floor_d	ring_floor_d	0	stage01map_point_06	9182001	5	3	7		45	9	4	0	
8001029	9082020	1	6	28	6	1	0	{"1000":{"0511052":{"amount":20},"0103095":{"amount":1},"6001040":{"amount":4}}}	2001229	1010	1.00	0	1.20	outer_floor_d	ring_floor_d	0	stage01map_point_06	9182002	2	1	3		60	8	1	0	
8001030	9082021	2	6	28	6	1	0	{"1000":{"0511029":{"amount":35},"6001040":{"amount":5}}}	2001230	1013	1.00	0	1.20	outer_floor_d	ring_floor_d	0	stage01map_point_06	9182001	2	1	3		40	9	3	0	
8001031	9082022	2	6	28	6	1	0	{"1000":{"0511023":{"amount":35},"6001040":{"amount":5}}}	2001231	1011	1.00	0	1.20	outer_floor_d	ring_floor_d	0	stage01map_point_06	9182001	6	3	7		50	6	5	0	
8001032	9082023	1	6	28	6	1	0	{"1000":{"0511029":{"amount":35},"6001040":{"amount":5}}}	2001232	1017	1.00	0	1.20	outer_floor_d	ring_floor_d	0	stage01map_point_06	9182001	1	3	7		50	5	20	0	
8001033	9082024	1	6	28	6	1	0	{"1000":{"0511023":{"amount":35},"6001040":{"amount":5}}}	2001233	1014	1.00	0	1.20	outer_floor_d	ring_floor_d	0	stage01map_point_06	9182001	1	3	7		40	7	10000	0	
8001034	9082025	2	6	28	6	1	0	{"1000":{"0511029":{"amount":35},"6001040":{"amount":5}}}	2001234	1011	1.00	0	1.20	outer_floor_d	ring_floor_d	0	stage01map_point_06	9182001	1	3	7		60	1	25000	0	
8001035	9082026	1	6	28	6	1	0	{"1000":{"0511023":{"amount":35},"6001040":{"amount":5}}}	2001235	1011	1.00	0	1.20	outer_floor_d	ring_floor_d	0	stage01map_point_06	9182001	1	5	7		60	2	80	0	
8001036	9082027	1	6	28	6	1	0	{"1000":{"0511029":{"amount":35},"6001040":{"amount":5}}}	2001236	1013	1.00	0	1.20	outer_floor_d	ring_floor_d	0	stage01map_point_06	9182001	1	3	7		60	4	70	0	
8001037	9082028	1	6	28	6	1	0	{"1000":{"0511023":{"amount":35},"6001040":{"amount":5}}}	2001237	1010	1.00	0	1.20	outer_floor_d	ring_floor_d	0	stage01map_point_06	9182001	1	3	7		50	3	0	0	
8001038	9082029	3	6	28	6	1	0	{"1000":{"0511058":{"amount":20},"6001040":{"amount":5}}}	2001238	1015	1.00	0	1.20	outer_floor_d	ring_floor_d	0	stage01map_point_06	9182001	6	3	7		45	9	6	0	
8001039	9082030	1	6	28	6	1	0	{"1000":{"0511051":{"amount":20},"0102212":{"amount":1},"6001040":{"amount":5}}}	2001239	1010	1.00	0	1.20	outer_floor_d	ring_floor_d	0	stage01map_point_06	9182002	2	1	3		60	8	0	0	