專屬碼	名稱	lv1成長係數	lv2成長係數	lv3成長係數	lv4成長係數	lv5成長係數	回收價格	販賣價格	說明	裝備等級	套裝編號	ICON編號	MODEL編號	初始品質	初始屬性	隱藏	(舊)品質1插槽格式	(舊)品質2插槽格式	(舊)品質3插槽格式	(舊)品質4插槽格式	(舊)品質5插槽格式	(舊)品質6插槽格式	品質1插槽格式	品質2插槽格式	品質3插槽格式	品質4插槽格式	品質5插槽格式	品質6插槽格式	分類標籤	爆衣ID	出處	顯示稀有度	碎片轉換數	初始星數	附魔次數限制
0103001	9003001	[1.5,1.5,1.5,1,1,1,1,1]	[3,3,3,1,1,1,1,1]	[5,5,5,1,1,1,1,1]	[7.5,7.5,7.5,1,1,1,1,1]	[10,10,10,1,1,1,1,1]	7500	{"1":75000,"2":100,"3":1000,"4":500}	9103001	0		UI_CH00G001	CH00G001	1	[58,34,37,0,0,0,0,0]	0	[1,1,1,1,1,1]	[2,2,1,1,1,1]	[3,2,1,1,1,1]	[4,4,3,2,1,1]	[5,5,4,3,3,1]	[6,6,5,3,2,1]	["0201001","0201001","0201001","0201001","0201007","0201013"]	["0201002","0201002","0201007","0201007","0201013","0201013"]	[]	[]	[]	[]	0		shop	D	10	1	0
0103002	9003002	[1.5,1.5,1.5,1,1,1,1,1]	[3,3,3,1,1,1,1,1]	[5,5,5,1,1,1,1,1]	[7.5,7.5,7.5,1,1,1,1,1]	[10,10,10,1,1,1,1,1]	7500	{"1":75000,"2":100,"3":1000,"4":500}	9103002	0		UI_CH00G002	CH00G002	1	[33,38,55,0,0,0,0,0]	0	[1,1,1,1,1,1]	[2,2,1,1,1,1]	[3,2,1,1,1,1]	[4,4,3,2,1,1]	[5,5,4,3,3,1]	[6,6,5,3,2,1]	["0201013","0201013","0201013","0201013","0201001","0201007"]	["0201014","0201014","0201001","0201001","0201007","0201007"]	[]	[]	[]	[]	0		drop	D	10	1	0
0103003	9003003	[1.5,1.5,1.5,1,1,1,1,1]	[3,3,3,1,1,1,1,1]	[5,5,5,1,1,1,1,1]	[7.5,7.5,7.5,1,1,1,1,1]	[10,10,10,1,1,1,1,1]	7500	{"1":75000,"2":100,"3":1000,"4":500}	9103003	0		UI_CH00G003	CH00G003	1	[55,30,35,0,0,0,0,0]	0	[1,1,1,1,1,1]	[2,2,1,1,1,1]	[3,2,1,1,1,1]	[4,4,3,2,1,1]	[5,5,4,3,3,1]	[6,6,5,3,2,1]	["0201001","0201001","0201001","0201001","0201007","0201013"]	["0201002","0201002","0201007","0201007","0201013","0201013"]	[]	[]	[]	[]	0		drop	D	10	1	0
0103004	9003004	[1.5,1.5,1.5,1,1,1,1,1]	[3,3,3,1,1,1,1,1]	[5,5,5,1,1,1,1,1]	[7.5,7.5,7.5,1,1,1,1,1]	[10,10,10,1,1,1,1,1]	7500	{"1":75000,"2":100,"3":1000,"4":500}	9103004	0		UI_CH00G004	CH00G004	1	[35,58,39,0,0,0,0,0]	0	[1,1,1,1,1,1]	[2,2,1,1,1,1]	[3,2,1,1,1,1]	[4,4,3,2,1,1]	[5,5,4,3,3,1]	[6,6,5,3,2,1]	["0201007","0201007","0201007","0201007","0201001","0201013"]	["0201008","0201008","0201001","0201001","0201013","0201013"]	[]	[]	[]	[]	0		drop	D	10	1	0
0103005	9003005	[1.5,1.5,1.5,1,1,1,1,1]	[3,3,3,1,1,1,1,1]	[5,5,5,1,1,1,1,1]	[7.5,7.5,7.5,1,1,1,1,1]	[10,10,10,1,1,1,1,1]	7500	{"1":75000,"2":100,"3":1000,"4":500}	9103005	0		UI_CH00G005	CH00G005	1	[45,32,55,0,0,0,0,0]	0	[1,1,1,1,1,1]	[2,2,1,1,1,1]	[3,2,1,1,1,1]	[4,4,3,2,1,1]	[5,5,4,3,3,1]	[6,6,5,3,2,1]	["0201013","0201013","0201013","0201013","0201001","0201007"]	["0201014","0201014","0201001","0201001","0201007","0201007"]	[]	[]	[]	[]	0		drop	D	10	1	0
0103006	9003006	[1.5,1.5,1.5,1,1,1,1,1]	[3,3,3,1,1,1,1,1]	[5,5,5,1,1,1,1,1]	[7.5,7.5,7.5,1,1,1,1,1]	[10,10,10,1,1,1,1,1]	7500	{"1":75000,"2":100,"3":1000,"4":500}	9103006	0		UI_CH00G006	CH00G006	1	[42,42,42,0,0,0,0,0]	0	[1,1,1,1,1,1]	[2,2,1,1,1,1]	[3,2,1,1,1,1]	[4,4,3,2,1,1]	[5,5,4,3,3,1]	[6,6,5,3,2,1]	["0201001","0201001","0201007","0201007","0201013","0201013"]	["0201002","0201002","0201007","0201007","0201013","0201013"]	[]	[]	[]	[]	0		drop	D	10	1	0
0103007	9003007	[1.5,1.5,1.5,1,1,1,1,1]	[3,3,3,1,1,1,1,1]	[5,5,5,1,1,1,1,1]	[7.5,7.5,7.5,1,1,1,1,1]	[10,10,10,1,1,1,1,1]	7500	{"1":75000,"2":100,"3":1000,"4":500}	9103007	0	0601023	UI_CH00G007	CH00G007	1	[26,58,45,0,0,0,0,0]	0	[1,1,1,1,1,1]	[2,2,1,1,1,1]	[3,2,1,1,1,1]	[4,4,3,2,1,1]	[5,5,4,3,3,1]	[6,6,5,3,2,1]	["0201007","0201007","0201007","0201007","0201001","0201013"]	["0201008","0201008","0201001","0201001","0201013","0201013"]	[]	[]	[]	[]	0		shop	D	10	1	0
0103008	9003008	[1.5,1.5,1.5,1,1,1,1,1]	[3,3,3,1,1,1,1,1]	[5,5,5,1,1,1,1,1]	[7.5,7.5,7.5,1,1,1,1,1]	[10,10,10,1,1,1,1,1]	7500	{"1":75000,"2":100,"3":1000,"4":500}	9103008	0		UI_CH00G008	CH00G008	1	[43,65,40,0,0,0,0,0]	0	[1,1,1,1,1,1]	[2,2,1,1,1,1]	[3,2,1,1,1,1]	[4,4,3,2,1,1]	[5,5,4,3,3,1]	[6,6,5,3,2,1]	["0201007","0201007","0201007","0201007","0201001","0201013"]	["0201008","0201008","0201001","0201001","0201013","0201013"]	["0201009","0201008","0201007","0201007","0201001","0201013"]	[]	[]	[]	0		shop	C	10	1	0
0103009	9003009	[1.5,1.5,1.5,1,1,1,1,1]	[3,3,3,1,1,1,1,1]	[5,5,5,1,1,1,1,1]	[7.5,7.5,7.5,1,1,1,1,1]	[10,10,10,1,1,1,1,1]	160000	{"1":600000,"2":1600,"3":4000,"4":2000}	9103009	0		UI_CH00G009	CH00G009	1	[43,40,65,0,0,0,0,0]	0	[1,1,1,1,1,1]	[2,2,1,1,1,1]	[3,2,1,1,1,1]	[4,4,3,2,1,1]	[5,5,4,3,3,1]	[6,6,5,3,2,1]	["0201013","0201013","0201013","0201013","0201001","0201007"]	["0201014","0201014","0201001","0201001","0201007","0201007"]	["0201015","0201014","0201013","0201013","0201001","0201007"]	[]	[]	[]	0		pvp	C	10	1	0
0103010	9003010	[1.5,1.5,1.5,1,1,1,1,1]	[3.5,3.5,3.5,1,1,1,1,1]	[5.5,5.5,5.5,1,1,1,1,1]	[7.5,7.5,7.5,1,1,1,1,1]	[10,10,10,1,1,1,1,1]	160000	{"1":600000,"2":1600,"3":4000,"4":2000}	9103010	0		UI_CH00G010	CH00G010	1	[48,38,34,0,0,0,0,0]	0	[1,1,1,1,1,1]	[2,2,1,1,1,1]	[3,2,1,1,1,1]	[4,4,3,2,1,1]	[5,5,4,3,3,1]	[6,6,5,3,2,1]	["0201001","0201001","0201001","0201001","0201007","0201013"]	["0201002","0201002","0201007","0201007","0201013","0201013"]	["0201009","0201008","0201007","0201007","0201001","0201013"]	["0201010","0201010","0201009","0201008","0201001","0201013"]	["0201011","0201011","0201010","0201003","0201015","0201013"]	[]	0		eshop	A	30	2	5
0103011	9003011	[1.8,1.8,1.8,1,1,1,1,1]	[3.5,3.5,3.5,1,1,1,1,1]	[5.5,5.5,5.5,1,1,1,1,1]	[7.5,7.5,7.5,1,1,1,1,1]	[10,10,10,1,1,1,1,1]	160000	{"1":600000,"2":1600,"3":4000,"4":2000}	9103011	0		UI_CH00G011	CH00G011	1	[63,70,47,0,0,0,0,0]	0	[1,1,1,1,1,1]	[2,2,1,1,1,1]	[3,2,1,1,1,1]	[4,4,3,2,1,1]	[5,5,4,3,3,1]	[6,6,5,3,2,1]	["0201007","0201007","0201007","0201007","0201001","0201013"]	["0201008","0201008","0201001","0201001","0201013","0201013"]	["0201009","0201008","0201007","0201007","0201001","0201013"]	["0201010","0201010","0201009","0201008","0201001","0201013"]	["0201011","0201011","0201010","0201003","0201015","0201013"]	[]	0		vdraw	A	30	2	5
0103012	9003012	[1.8,1.8,1.8,1,1,1,1,1]	[3.5,3.5,3.5,1,1,1,1,1]	[5.5,5.5,5.5,1,1,1,1,1]	[7.5,7.5,7.5,1,1,1,1,1]	[10,10,10,1,1,1,1,1]	160000	{"1":600000,"2":1600,"3":4000,"4":2000}	9103012	0	0601015	UI_CH00G012	CH00G012	1	[15,32,13,0,0,0,0,0]	0	[1,1,1,1,1,1]	[2,2,1,1,1,1]	[3,2,1,1,1,1]	[4,4,3,2,1,1]	[5,5,4,3,3,1]	[6,6,5,3,2,1]	["0201007","0201007","0201007","0201007","0201007","0201007"]	["0201008","0201008","0201007","0201007","0201001","0201013"]	["0201009","0201008","0201001","0201001","0201013","0201013"]	["0201010","0201010","0201015","0201002","0201055","0201055"]	["0201011","0201011","0201010","0201057","0201057","0201049"]	[]	0		none	A	30	2	5
0103013	9003013	[1.5,1.5,1.5,1,1,1,1,1]	[3,3,3,1,1,1,1,1]	[5,5,5,1,1,1,1,1]	[7.5,7.5,7.5,1,1,1,1,1]	[10,10,10,1,1,1,1,1]	7500	{"1":75000,"2":100,"3":1000,"4":500}	9103013	0		UI_CH00G013	CH00G013	1	[18,24,14,0,0,0,0,0]	0	[1,1,1,1,1,1]	[2,2,1,1,1,1]	[3,2,1,1,1,1]	[4,4,3,2,1,1]	[5,5,4,3,3,1]	[6,6,5,3,2,1]	["0201007","0201007","0201007","0201007","0201001","0201013"]	["0201008","0201008","0201001","0201001","0201013","0201013"]	["0201009","0201008","0201007","0201007","0201001","0201013"]	[]	[]	[]	0		none	C	10	1	0
0103014	9003014	[1.8,1.8,1.8,1,1,1,1,1]	[3.5,3.5,3.5,1,1,1,1,1]	[5.5,5.5,5.5,1,1,1,1,1]	[7.5,7.5,7.5,1,1,1,1,1]	[10,10,10,1,1,1,1,1]	160000	{"1":600000,"2":1600,"3":4000,"4":2000}	9103014	0		UI_CH00G014	CH00G014	1	[45,33,21,0,0,0,0,0]	0	[1,1,1,1,1,1]	[2,2,1,1,1,1]	[3,2,1,1,1,1]	[4,4,3,2,1,1]	[5,5,4,3,3,1]	[6,6,5,3,2,1]	["0201001","0201001","0201001","0201001","0201007","0201013"]	["0201002","0201002","0201007","0201007","0201013","0201013"]	["0201003","0201002","0201001","0201001","0201007","0201013"]	["0201004","0201004","0201009","0201008","0201013","0201013"]	[]	[]	0		none	B	20	1	3
0103015	9003015	[2.2,2.2,2.2,1,1,1,1,1]	[4,4,4,1,1,1,1,1]	[8,8,8,1,1,1,1,1]	[12,12,12,1,1,1,1,1]	[15,15,15,1,1,1,1,1]	240000	{"1":1200000,"2":3600,"3":6000,"4":3000}	9103015	0	0601028	UI_CH00G015	CH00G015	1	[48,35,67,0,0,0,0,0]	0	[1,1,1,1,1,1]	[2,2,1,1,1,1]	[3,2,1,1,1,1]	[4,4,3,2,1,1]	[5,5,4,3,3,1]	[6,6,5,3,2,1]	["0201013","0201013","0201013","0201013","0201013","0201013"]	["0201013","0201013","0201007","0201007","0201001","0201001"]	["0201015","0201014","0201001","0201001","0201007","0201007"]	["0201016","0201016","0201009","0201002","0201055","0201055"]	["0201017","0201017","0201004","0201057","0201057","0201049"]	["0201018","0201018","0201059","0201057","0201002","0201001"]	0		v2draw	S	40	2	10
0103016	9003016	[1.8,1.8,1.8,1,1,1,1,1]	[3.5,3.5,3.5,1,1,1,1,1]	[5.5,5.5,5.5,1,1,1,1,1]	[7.5,7.5,7.5,1,1,1,1,1]	[10,10,10,1,1,1,1,1]	160000	{"1":600000,"2":1600,"3":4000,"4":2000}	9103016	0	0601019	UI_CH00G016	CH00G016	1	[30,22,15,0,0,0,0,0]	0	[1,1,1,1,1,1]	[2,2,1,1,1,1]	[3,2,1,1,1,1]	[4,4,3,2,1,1]	[5,5,4,3,3,1]	[6,6,5,3,2,1]	["0201001","0201001","0201001","0201001","0201007","0201013"]	["0201002","0201002","0201007","0201007","0201013","0201013"]	["0201003","0201002","0201001","0201001","0201007","0201013"]	["0201004","0201004","0201009","0201008","0201013","0201013"]	[]	[]	0		none	B	20	1	3
0103017	9003017	[1.8,1.8,1.8,1,1,1,1,1]	[3.5,3.5,3.5,1,1,1,1,1]	[5.5,5.5,5.5,1,1,1,1,1]	[7.5,7.5,7.5,1,1,1,1,1]	[10,10,10,1,1,1,1,1]	160000	{"1":600000,"2":1600,"3":4000,"4":2000}	9103017	0		UI_CH00G017	CH00G017	1	[25,33,57,0,0,0,0,0]	0	[1,1,1,1,1,1]	[2,2,1,1,1,1]	[3,2,1,1,1,1]	[4,4,3,2,1,1]	[5,5,4,3,3,1]	[6,6,5,3,2,1]	["0201013","0201013","0201013","0201013","0201001","0201007"]	["0201014","0201014","0201001","0201001","0201007","0201007"]	["0201015","0201014","0201013","0201013","0201001","0201007"]	["0201016","0201016","0201015","0201008","0201001","0201001"]	[]	[]	0		none	B	20	1	3
0103018	9003018	[1.8,1.8,1.8,1,1,1,1,1]	[3.5,3.5,3.5,1,1,1,1,1]	[5.5,5.5,5.5,1,1,1,1,1]	[7.5,7.5,7.5,1,1,1,1,1]	[10,10,10,1,1,1,1,1]	160000	{"1":600000,"2":1600,"3":4000,"4":2000}	9103018	0		UI_CH00G018	CH00G018	1	[67,53,60,0,0,0,0,0]	0	[1,1,1,1,1,1]	[2,2,1,1,1,1]	[3,2,1,1,1,1]	[4,4,3,2,1,1]	[5,5,4,3,3,1]	[6,6,5,3,2,1]	["0201001","0201001","0201001","0201001","0201007","0201013"]	["0201002","0201002","0201007","0201007","0201013","0201013"]	["0201003","0201002","0201001","0201001","0201007","0201013"]	["0201004","0201004","0201009","0201008","0201013","0201013"]	["0201017","0201017","0201004","0201057","0201057","0201049"]	[]	0		drop	A	30	2	5
0103019	9003019	[1.8,1.8,1.8,1,1,1,1,1]	[3.5,3.5,3.5,1,1,1,1,1]	[5.5,5.5,5.5,1,1,1,1,1]	[7.5,7.5,7.5,1,1,1,1,1]	[10,10,10,1,1,1,1,1]	160000	{"1":600000,"2":1600,"3":4000,"4":2000}	9103019	0		UI_CH00G019	CH00G019	1	[53,40,27,0,0,0,0,0]	0	[1,1,1,1,1,1]	[2,2,1,1,1,1]	[3,2,1,1,1,1]	[4,4,3,2,1,1]	[5,5,4,3,3,1]	[6,6,5,3,2,1]	["0201001","0201001","0201001","0201001","0201007","0201013"]	["0201002","0201002","0201007","0201007","0201013","0201013"]	["0201003","0201002","0201001","0201001","0201007","0201013"]	["0201004","0201004","0201009","0201008","0201013","0201013"]	[]	[]	0		none	B	20	1	3
0103020	9003020	[2.2,2.2,2.2,1,1,1,1,1]	[4,4,4,1,1,1,1,1]	[8,8,8,1,1,1,1,1]	[12,12,12,1,1,1,1,1]	[15,15,15,1,1,1,1,1]	240000	{"1":1200000,"2":3600,"3":6000,"4":3000}	9103020	0	0601013	UI_CH00G020	CH00G020	1	[40,34,63,0,0,0,0,0]	0	[1,1,1,1,1,1]	[2,2,1,1,1,1]	[3,2,1,1,1,1]	[4,4,3,2,1,1]	[5,5,4,3,3,1]	[6,6,5,3,2,1]	["0201013","0201013","0201013","0201013","0201013","0201013"]	["0201013","0201013","0201007","0201007","0201001","0201001"]	["0201015","0201014","0201001","0201001","0201007","0201007"]	["0201016","0201016","0201009","0201002","0201055","0201055"]	["0201017","0201017","0201004","0201057","0201057","0201049"]	["0201018","0201018","0201059","0201057","0201002","0201001"]	0		vdraw	S	40	2	10
0103021	9003021	[1.8,1.8,1.8,1,1,1,1,1]	[3.5,3.5,3.5,1,1,1,1,1]	[5.5,5.5,5.5,1,1,1,1,1]	[7.5,7.5,7.5,1,1,1,1,1]	[10,10,10,1,1,1,1,1]	160000	{"1":600000,"2":1600,"3":4000,"4":2000}	9103021	0		UI_CH00G021	CH00G021	1	[55,59,68,0,0,0,0,0]	0	[1,1,1,1,1,1]	[2,2,1,1,1,1]	[3,2,1,1,1,1]	[4,4,3,2,1,1]	[5,5,4,3,3,1]	[6,6,5,3,2,1]	["0201013","0201013","0201013","0201013","0201013","0201013"]	["0201013","0201013","0201007","0201007","0201001","0201001"]	["0201015","0201014","0201001","0201001","0201007","0201007"]	["0201016","0201016","0201009","0201002","0201055","0201055"]	["0201017","0201017","0201004","0201057","0201057","0201049"]	[]	0		vdraw	A	30	2	5
0103022	9003022	[2.2,2.2,2.2,1,1,1,1,1]	[4,4,4,1,1,1,1,1]	[8,8,8,1,1,1,1,1]	[12,12,12,1,1,1,1,1]	[15,15,15,1,1,1,1,1]	240000	{"1":1200000,"2":3600,"3":6000,"4":3000}	9103022	0	0601016	UI_CH00G022	CH00G022	1	[53,43,37,0,0,0,0,0]	0	[1,1,1,1,1,1]	[2,2,1,1,1,1]	[3,2,1,1,1,1]	[4,4,3,2,1,1]	[5,5,4,3,3,1]	[6,6,5,3,2,1]	["0201001","0201001","0201001","0201001","0201001","0201001"]	["0201002","0201002","0201001","0201001","0201007","0201013"]	["0201003","0201002","0201007","0201007","0201013","0201013"]	["0201004","0201004","0201009","0201014","0201055","0201055"]	["0201005","0201005","0201004","0201057","0201057","0201049"]	["0201006","0201006","0201005","0201015","0201014","0201007"]	0		drop	S	40	2	10
0103051	9003023	[2.2,2.2,2.2,1,1,1,1,1]	[4,4,4,1,1,1,1,1]	[8,8,8,1,1,1,1,1]	[12,12,12,1,1,1,1,1]	[15,15,15,1,1,1,1,1]	240000	{"1":1200000,"2":3600,"3":6000,"4":3000}	9103023	0	0601001	UI_CH00G051	CH00G051	1	[78,40,66,0,0,0,0,0]	0	[1,1,1,1,1,1]	[2,2,1,1,1,1]	[3,2,1,1,1,1]	[4,4,3,2,1,1]	[5,5,4,3,3,1]	[6,6,5,3,2,1]	["0201001","0201001","0201001","0201001","0201007","0201013"]	["0201002","0201002","0201007","0201007","0201013","0201013"]	["0201003","0201002","0201001","0201001","0201007","0201013"]	["0201004","0201004","0201009","0201008","0201013","0201013"]	["0201005","0201005","0201004","0201015","0201009","0201007"]	["0201006","0201006","0201005","0201015","0201014","0201007"]	0		none	S	40	2	10
0103052	9003024	[1.8,1.8,1.8,1,1,1,1,1]	[3.5,3.5,3.5,1,1,1,1,1]	[5.5,5.5,5.5,1,1,1,1,1]	[7.5,7.5,7.5,1,1,1,1,1]	[10,10,10,1,1,1,1,1]	160000	{"1":600000,"2":1600,"3":4000,"4":2000}	9103024	0	0601002	UI_CH00G052	CH00G052	1	[55,55,70,0,0,0,0,0]	0	[1,1,1,1,1,1]	[2,2,1,1,1,1]	[3,2,1,1,1,1]	[4,4,3,2,1,1]	[5,5,4,3,3,1]	[6,6,5,3,2,1]	["0201001","0201001","0201001","0201001","0201007","0201013"]	["0201002","0201002","0201007","0201007","0201013","0201013"]	["0201003","0201002","0201001","0201001","0201007","0201013"]	["0201004","0201004","0201009","0201008","0201013","0201013"]	["0201005","0201005","0201004","0201015","0201009","0201007"]	[]	0		gdraw	A	30	2	5
0103053	9003025	[1.8,1.8,1.8,1,1,1,1,1]	[3.5,3.5,3.5,1,1,1,1,1]	[5.5,5.5,5.5,1,1,1,1,1]	[7.5,7.5,7.5,1,1,1,1,1]	[10,10,10,1,1,1,1,1]	160000	{"1":600000,"2":1600,"3":4000,"4":2000}	9103025	0	0601003	UI_CH00G053	CH00G053	1	[70,55,55,0,0,0,0,0]	0	[1,1,1,1,1,1]	[2,2,1,1,1,1]	[3,2,1,1,1,1]	[4,4,3,2,1,1]	[5,5,4,3,3,1]	[6,6,5,3,2,1]	["0201013","0201013","0201013","0201013","0201001","0201007"]	["0201014","0201014","0201001","0201001","0201007","0201007"]	["0201015","0201014","0201013","0201013","0201001","0201007"]	["0201016","0201016","0201015","0201008","0201001","0201001"]	["0201017","0201017","0201016","0201009","0201003","0201007"]	[]	0		none	A	30	2	5
0103054	9003026	[1.8,1.8,1.8,1,1,1,1,1]	[3.5,3.5,3.5,1,1,1,1,1]	[5.5,5.5,5.5,1,1,1,1,1]	[7.5,7.5,7.5,1,1,1,1,1]	[10,10,10,1,1,1,1,1]	160000	{"1":600000,"2":1600,"3":4000,"4":2000}	9103026	0	0601004	UI_CH00G054	CH00G054	1	[70,53,47,0,0,0,0,0]	0	[1,1,1,1,1,1]	[2,2,1,1,1,1]	[3,2,1,1,1,1]	[4,4,3,2,1,1]	[5,5,4,3,3,1]	[6,6,5,3,2,1]	["0201001","0201001","0201001","0201001","0201007","0201013"]	["0201002","0201002","0201007","0201007","0201013","0201013"]	["0201003","0201002","0201001","0201001","0201007","0201013"]	["0201004","0201004","0201009","0201008","0201013","0201013"]	["0201017","0201017","0201016","0201009","0201003","0201007"]	[]	0		drop	A	30	2	5
0103055	9003027	[1.8,1.8,1.8,1,1,1,1,1]	[3.5,3.5,3.5,1,1,1,1,1]	[5.5,5.5,5.5,1,1,1,1,1]	[7.5,7.5,7.5,1,1,1,1,1]	[10,10,10,1,1,1,1,1]	160000	{"1":600000,"2":1600,"3":4000,"4":2000}	9103027	0	0601005	UI_CH00G055	CH00G055	1	[66,47,25,0,0,0,0,0]	0	[1,1,1,1,1,1]	[2,2,1,1,1,1]	[3,2,1,1,1,1]	[4,4,3,2,1,1]	[5,5,4,3,3,1]	[6,6,5,3,2,1]	["0201001","0201001","0201001","0201001","0201007","0201013"]	["0201002","0201002","0201007","0201007","0201013","0201013"]	["0201003","0201002","0201001","0201001","0201007","0201013"]	["0201004","0201004","0201009","0201008","0201013","0201013"]	[]	[]	0		drop	B	20	1	3
0103056	9003028	[2.2,2.2,2.2,1,1,1,1,1]	[4,4,4,1,1,1,1,1]	[8,8,8,1,1,1,1,1]	[12,12,12,1,1,1,1,1]	[15,15,15,1,1,1,1,1]	240000	{"1":1200000,"2":3600,"3":6000,"4":3000}	9103028	0	0601006	UI_CH00G056	CH00G056	1	[34,73,27,0,0,0,0,0]	0	[1,1,1,1,1,1]	[2,2,1,1,1,1]	[3,2,1,1,1,1]	[4,4,3,2,1,1]	[5,5,4,3,3,1]	[6,6,5,3,2,1]	["0201007","0201007","0201007","0201007","0201001","0201013"]	["0201008","0201008","0201001","0201001","0201013","0201013"]	["0201009","0201008","0201007","0201007","0201001","0201013"]	["0201010","0201010","0201009","0201008","0201001","0201013"]	["0201011","0201011","0201010","0201003","0201015","0201013"]	["0201054","0201054","0201011","0201009","0201008","0201007"]	0		vdraw	S	40	2	10
0103057	9003029	[1.8,1.8,1.8,1,1,1,1,1]	[3.5,3.5,3.5,1,1,1,1,1]	[5.5,5.5,5.5,1,1,1,1,1]	[7.5,7.5,7.5,1,1,1,1,1]	[10,10,10,1,1,1,1,1]	160000	{"1":600000,"2":1600,"3":4000,"4":2000}	9103029	0	0601007	UI_CH00G057	CH00G057	1	[72,57,55,0,0,0,0,0]	0	[1,1,1,1,1,1]	[2,2,1,1,1,1]	[3,2,1,1,1,1]	[4,4,3,2,1,1]	[5,5,4,3,3,1]	[6,6,5,3,2,1]	["0201001","0201001","0201001","0201001","0201007","0201013"]	["0201002","0201002","0201007","0201007","0201013","0201013"]	["0201003","0201002","0201001","0201001","0201007","0201013"]	["0201004","0201004","0201009","0201008","0201013","0201013"]	["0201005","0201005","0201004","0201015","0201009","0201007"]	[]	0		vdraw	A	30	2	5
0103058	9003030	[1.8,1.8,1.8,1,1,1,1,1]	[3.5,3.5,3.5,1,1,1,1,1]	[5.5,5.5,5.5,1,1,1,1,1]	[7.5,7.5,7.5,1,1,1,1,1]	[10,10,10,1,1,1,1,1]	160000	{"1":600000,"2":1600,"3":4000,"4":2000}	9103030	0	0601008	UI_CH00G058	CH00G058	1	[55,72,55,0,0,0,0,0]	0	[1,1,1,1,1,1]	[2,2,1,1,1,1]	[3,2,1,1,1,1]	[4,4,3,2,1,1]	[5,5,4,3,3,1]	[6,6,5,3,2,1]	["0201007","0201007","0201007","0201007","0201001","0201013"]	["0201008","0201008","0201001","0201001","0201013","0201013"]	["0201009","0201008","0201007","0201007","0201001","0201013"]	["0201010","0201010","0201009","0201008","0201001","0201013"]	["0201011","0201011","0201010","0201003","0201015","0201013"]	[]	0		drop	A	30	2	5
0103059	9003031	[2.2,2.2,2.2,1,1,1,1,1]	[4,4,4,1,1,1,1,1]	[8,8,8,1,1,1,1,1]	[12,12,12,1,1,1,1,1]	[15,15,15,1,1,1,1,1]	240000	{"1":1200000,"2":3600,"3":6000,"4":3000}	9103031	0	0601009	UI_CH00G059	CH00G059	1	[28,30,50,0,0,0,0,0]	0	[1,1,1,1,1,1]	[2,2,1,1,1,1]	[3,2,1,1,1,1]	[4,4,3,2,1,1]	[5,5,4,3,3,1]	[6,6,5,3,2,1]	["0201013","0201013","0201013","0201013","0201001","0201007"]	["0201014","0201014","0201001","0201001","0201007","0201007"]	["0201015","0201014","0201013","0201013","0201001","0201007"]	["0201016","0201016","0201015","0201008","0201001","0201001"]	["0201017","0201017","0201016","0201009","0201003","0201007"]	["0201018","0201018","0201017","0201009","0201002","0201001"]	0		none	S	40	2	10
0103060	9003032	[1.8,1.8,1.8,1,1,1,1,1]	[3.5,3.5,3.5,1,1,1,1,1]	[5.5,5.5,5.5,1,1,1,1,1]	[7.5,7.5,7.5,1,1,1,1,1]	[10,10,10,1,1,1,1,1]	160000	{"1":600000,"2":1600,"3":4000,"4":2000}	9103032	0	0601010	UI_CH00G060	CH00G060	1	[53,47,66,0,0,0,0,0]	0	[1,1,1,1,1,1]	[2,2,1,1,1,1]	[3,2,1,1,1,1]	[4,4,3,2,1,1]	[5,5,4,3,3,1]	[6,6,5,3,2,1]	["0201013","0201013","0201013","0201013","0201001","0201007"]	["0201014","0201014","0201001","0201001","0201007","0201007"]	["0201015","0201014","0201013","0201013","0201001","0201007"]	["0201016","0201016","0201015","0201008","0201001","0201001"]	["0201017","0201017","0201016","0201009","0201003","0201007"]	[]	0		drop	A	30	2	5
0103061	9003033	[2.2,2.2,2.2,1,1,1,1,1]	[4,4,4,1,1,1,1,1]	[8,8,8,1,1,1,1,1]	[12,12,12,1,1,1,1,1]	[15,15,15,1,1,1,1,1]	240000	{"1":1200000,"2":3600,"3":6000,"4":3000}	9103033	0	0601011	UI_CH00G061	CH00G061	1	[58,30,45,0,0,0,0,0]	0	[1,1,1,1,1,1]	[2,2,1,1,1,1]	[3,2,1,1,1,1]	[4,4,3,2,1,1]	[5,5,4,3,3,1]	[6,6,5,3,2,1]	["0201001","0201001","0201001","0201001","0201007","0201013"]	["0201002","0201002","0201007","0201007","0201013","0201013"]	["0201003","0201002","0201001","0201001","0201007","0201013"]	["0201004","0201004","0201009","0201008","0201013","0201013"]	["0201005","0201005","0201004","0201015","0201009","0201007"]	["0201006","0201006","0201005","0201015","0201014","0201007"]	0		none	S	40	2	10
0103062	9003034	[2.2,2.2,2.2,1,1,1,1,1]	[4,4,4,1,1,1,1,1]	[8,8,8,1,1,1,1,1]	[12,12,12,1,1,1,1,1]	[15,15,15,1,1,1,1,1]	240000	{"1":1200000,"2":3600,"3":6000,"4":3000}	9103034	0	0601012	UI_CH00G062	CH00G062	1	[36,32,68,0,0,0,0,0]	0	[1,1,1,1,1,1]	[2,2,1,1,1,1]	[3,2,1,1,1,1]	[4,4,3,2,1,1]	[5,5,4,3,3,1]	[6,6,5,3,2,1]	["0201007","0201007","0201007","0201007","0201001","0201013"]	["0201008","0201008","0201001","0201001","0201013","0201013"]	["0201009","0201008","0201007","0201007","0201001","0201013"]	["0201010","0201010","0201009","0201008","0201001","0201013"]	["0201011","0201011","0201010","0201003","0201015","0201013"]	["0201006","0201006","0201059","0201057","0201008","0201007"]	0		eshop	S	40	2	10
0103063	9003035	[1.8,1.8,1.8,1,1,1,1,1]	[3.5,3.5,3.5,1,1,1,1,1]	[5.5,5.5,5.5,1,1,1,1,1]	[7.5,7.5,7.5,1,1,1,1,1]	[10,10,10,1,1,1,1,1]	160000	{"1":600000,"2":1600,"3":4000,"4":2000}	9103035	0	0601047	UI_CH00G063	CH00G063	1	[58,58,65,0,10,15,0,0]	0	[1,1,1,1,1,1]	[2,2,1,1,1,1]	[3,2,1,1,1,1]	[4,4,3,2,1,1]	[5,5,4,3,3,1]	[6,6,5,3,2,1]	["0201013","0201013","0201013","0201013","0201013","0201013"]	["0201014","0201014","0201013","0201013","0201013","0201013"]	["0201015","0201014","0201013","0201013","0201013","0201013"]	["0201010","0201010","0201003","0201002","0201013","0201013"]	["0201053","0201053","0201052","0201051","0201051","0201013"]	[]	0		none	A	30	2	5
0103064	9003036	[2.2,2.2,2.2,1,1,1,1,1]	[4,4,4,1,1,1,1,1]	[8,8,8,1,1,1,1,1]	[12,12,12,1,1,1,1,1]	[15,15,15,1,1,1,1,1]	240000	{"1":1200000,"2":3600,"3":6000,"4":3000}	9103036	0	0601060	UI_CH00G064	CH00G064	1	[40,40,40,0,0,0,0,0]	1	[1,1,1,1,1,1]	[2,2,1,1,1,1]	[3,2,1,1,1,1]	[4,4,3,2,1,1]	[5,5,4,3,3,1]	[6,6,5,3,2,1]	["0201001","0201001","0201007","0201007","0201013","0201013"]	["0201002","0201002","0201007","0201007","0201013","0201013"]	["0201008","0201007","0201001","0201001","0201013","0201013"]	["0201016","0201016","0201003","0201002","0201049","0201049"]	["0201005","0201005","0201010","0201009","0201051","0201049"]	["0201054","0201054","0201011","0201009","0201002","0201001"]	0		none	S	40	2	10
0103501	9003037	[1.8,1.8,1.8,1,1,1,1,1]	[3.5,3.5,3.5,1,1,1,1,1]	[5.5,5.5,5.5,1,1,1,1,1]	[7.5,7.5,7.5,1,1,1,1,1]	[10,10,10,1,1,1,1,1]	7500	{"1":75000,"2":100,"3":1000,"4":500}	9103037	0	0601022	UI_CH00G501	CH00G501	1	[65,35,40,0,0,0,0,0]	0	[1,1,1,1,1,1]	[2,2,1,1,1,1]	[3,2,1,1,1,1]	[4,4,3,2,1,1]	[5,5,4,3,3,1]	[6,6,5,3,2,1]	["0201001","0201001","0201001","0201001","0201007","0201013"]	["0201002","0201002","0201007","0201007","0201013","0201013"]	["0201003","0201002","0201001","0201001","0201007","0201013"]	[]	[]	[]	0		none	C	10	1	0
0103502	9003038	[1.8,1.8,1.8,1,1,1,1,1]	[3.5,3.5,3.5,1,1,1,1,1]	[5.5,5.5,5.5,1,1,1,1,1]	[7.5,7.5,7.5,1,1,1,1,1]	[10,10,10,1,1,1,1,1]	160000	{"1":600000,"2":1600,"3":4000,"4":2000}	9103038	0	0601021	UI_CH00G502	CH00G502	1	[25,40,25,0,0,0,0,0]	0	[1,1,1,1,1,1]	[2,2,1,1,1,1]	[3,2,1,1,1,1]	[4,4,3,2,1,1]	[5,5,4,3,3,1]	[6,6,5,3,2,1]	["0201007","0201007","0201007","0201007","0201001","0201013"]	["0201008","0201008","0201001","0201001","0201013","0201013"]	["0201009","0201008","0201007","0201007","0201001","0201013"]	["0201010","0201010","0201009","0201008","0201001","0201013"]	[]	[]	0		none	B	20	1	3
0103503	9003039	[1.8,1.8,1.8,1,1,1,1,1]	[3.5,3.5,3.5,1,1,1,1,1]	[5.5,5.5,5.5,1,1,1,1,1]	[7.5,7.5,7.5,1,1,1,1,1]	[10,10,10,1,1,1,1,1]	7500	{"1":75000,"2":100,"3":1000,"4":500}	9103039	0		UI_CH00G503	CH00G503	1	[18,28,60,0,0,0,0,0]	0	[1,1,1,1,1,1]	[2,2,1,1,1,1]	[3,2,1,1,1,1]	[4,4,3,2,1,1]	[5,5,4,3,3,1]	[6,6,5,3,2,1]	["0201013","0201013","0201013","0201013","0201001","0201007"]	["0201014","0201014","0201001","0201001","0201007","0201007"]	["0201015","0201014","0201013","0201013","0201001","0201007"]	[]	[]	[]	0		none	C	10	1	0
0103504	9003040	[1.8,1.8,1.8,1,1,1,1,1]	[3.5,3.5,3.5,1,1,1,1,1]	[5.5,5.5,5.5,1,1,1,1,1]	[7.5,7.5,7.5,1,1,1,1,1]	[10,10,10,1,1,1,1,1]	7500	{"1":75000,"2":100,"3":1000,"4":500}	9103040	0		UI_CH00G504	CH00G504	1	[35,80,33,0,0,0,0,0]	0	[1,1,1,1,1,1]	[2,2,1,1,1,1]	[3,2,1,1,1,1]	[4,4,3,2,1,1]	[5,5,4,3,3,1]	[6,6,5,3,2,1]	["0201007","0201007","0201007","0201007","0201001","0201013"]	["0201008","0201008","0201001","0201001","0201013","0201013"]	["0201009","0201008","0201007","0201007","0201001","0201013"]	[]	[]	[]	0		none	C	10	1	0
0103505	9003041	[1.8,1.8,1.8,1,1,1,1,1]	[3.5,3.5,3.5,1,1,1,1,1]	[5.5,5.5,5.5,1,1,1,1,1]	[7.5,7.5,7.5,1,1,1,1,1]	[10,10,10,1,1,1,1,1]	160000	{"1":600000,"2":1600,"3":4000,"4":2000}	9103041	0		UI_CH00G505	CH00G505	1	[25,30,70,0,0,0,0,0]	0	[1,1,1,1,1,1]	[2,2,1,1,1,1]	[3,2,1,1,1,1]	[4,4,3,2,1,1]	[5,5,4,3,3,1]	[6,6,5,3,2,1]	["0201013","0201013","0201013","0201013","0201001","0201007"]	["0201014","0201014","0201001","0201001","0201007","0201007"]	["0201015","0201014","0201013","0201013","0201001","0201007"]	["0201016","0201016","0201015","0201008","0201001","0201001"]	[]	[]	0		none	B	20	1	3
0103506	9003042	[1.8,1.8,1.8,1,1,1,1,1]	[3.5,3.5,3.5,1,1,1,1,1]	[5.5,5.5,5.5,1,1,1,1,1]	[7.5,7.5,7.5,1,1,1,1,1]	[10,10,10,1,1,1,1,1]	7500	{"1":75000,"2":100,"3":1000,"4":500}	9103042	0		UI_CH00G506	CH00G506	1	[80,30,35,0,0,0,0,0]	0	[1,1,1,1,1,1]	[2,2,1,1,1,1]	[3,2,1,1,1,1]	[4,4,3,2,1,1]	[5,5,4,3,3,1]	[6,6,5,3,2,1]	["0201001","0201001","0201001","0201001","0201007","0201013"]	["0201002","0201002","0201007","0201007","0201013","0201013"]	["0201003","0201002","0201001","0201001","0201007","0201013"]	[]	[]	[]	0		none	C	10	1	0
0103507	9003043	[1.8,1.8,1.8,1,1,1,1,1]	[3.5,3.5,3.5,1,1,1,1,1]	[5.5,5.5,5.5,1,1,1,1,1]	[7.5,7.5,7.5,1,1,1,1,1]	[10,10,10,1,1,1,1,1]	160000	{"1":600000,"2":1600,"3":4000,"4":2000}	9103043	0		UI_CH00G507	CH00G507	1	[60,25,25,0,0,0,0,0]	0	[1,1,1,1,1,1]	[2,2,1,1,1,1]	[3,2,1,1,1,1]	[4,4,3,2,1,1]	[5,5,4,3,3,1]	[6,6,5,3,2,1]	["0201001","0201001","0201001","0201001","0201007","0201013"]	["0201002","0201002","0201007","0201007","0201013","0201013"]	["0201003","0201002","0201001","0201001","0201007","0201013"]	["0201004","0201004","0201009","0201008","0201013","0201013"]	["0201005","0201005","0201004","0201015","0201009","0201007"]	[]	0		none	A	30	2	5
0103065	9003044	[2.2,2.2,2.2,1,1,1,1,1]	[4,4,4,1,1,1,1,1]	[8,8,8,1,1,1,1,1]	[12,12,12,1,1,1,1,1]	[15,15,15,1,1,1,1,1]	240000	{"1":1200000,"2":3600,"3":6000,"4":3000}	9103044	0	0601025	UI_CH00G065	CH00G065	1	[65,30,40,0,0,0,0,0]	0	[1,1,1,1,1,1]	[2,2,1,1,1,1]	[3,2,1,1,1,1]	[4,4,3,2,1,1]	[5,5,4,3,3,1]	[6,6,5,3,2,1]	["0201001","0201001","0201001","0201001","0201007","0201013"]	["0201002","0201002","0201007","0201007","0201013","0201013"]	["0201003","0201002","0201001","0201001","0201007","0201013"]	["0201004","0201004","0201009","0201008","0201013","0201013"]	["0201005","0201005","0201004","0201015","0201009","0201007"]	["0201006","0201006","0201005","0201057","0201056","0201055"]	0		vdraw	S	40	2	10
0103066	9003045	[2.2,2.2,2.2,1,1,1,1,1]	[4,4,4,1,1,1,1,1]	[8,8,8,1,1,1,1,1]	[12,12,12,1,1,1,1,1]	[15,15,15,1,1,1,1,1]	240000	{"1":1200000,"2":3600,"3":6000,"4":3000}	9103045	0	0601024	UI_CH00G066	CH00G066	1	[60,72,48,0,0,0,0,0]	0	[1,1,1,1,1,1]	[2,2,1,1,1,1]	[3,2,1,1,1,1]	[4,4,3,2,1,1]	[5,5,4,3,3,1]	[6,6,5,3,2,1]	["0201007","0201007","0201013","0201055","0201055","0201049"]	["0201008","0201008","0201013","0201055","0201055","0201049"]	["0201009","0201008","0201001","0201001","0201013","0201013"]	["0201010","0201010","0201015","0201002","0201055","0201055"]	["0201011","0201011","0201010","0201057","0201057","0201049"]	["0201006","0201006","0201005","0201057","0201056","0201055"]	0		none	S	40	2	10
0103067	9003046	[2.2,2.2,2.2,1,1,1,1,1]	[4,4,4,1,1,1,1,1]	[8,8,8,1,1,1,1,1]	[12,12,12,1,1,1,1,1]	[15,15,15,1,1,1,1,1]	240000	{"1":1200000,"2":3600,"3":6000,"4":3000}	9103046	0	0601026	UI_CH00G067	CH00G067	1	[65,47,28,0,0,0,0,0]	0	[1,1,1,1,1,1]	[2,2,1,1,1,1]	[3,2,1,1,1,1]	[4,4,3,2,1,1]	[5,5,4,3,3,1]	[6,6,5,3,2,1]	["0201001","0201001","0201007","0201007","0201013","0201013"]	["0201002","0201002","0201001","0201001","0201013","0201013"]	["0201003","0201002","0201001","0201001","0201001","0201001"]	["0201004","0201004","0201003","0201002","0201049","0201049"]	["0201059","0201059","0201004","0201003","0201003","0201001"]	["0201006","0201006","0201005","0201057","0201056","0201055"]	0		v2draw	S	40	2	10
0103068	9003047	[1.8,1.8,1.8,1,1,1,1,1]	[3.5,3.5,3.5,1,1,1,1,1]	[5.5,5.5,5.5,1,1,1,1,1]	[7.5,7.5,7.5,1,1,1,1,1]	[10,10,10,1,1,1,1,1]	160000	{"1":600000,"2":1600,"3":4000,"4":2000}	9103047	0	0601027	UI_CH00G068	CH00G068	1	[65,65,50,0,0,0,0,0]	0	[1,1,1,1,1,1]	[2,2,1,1,1,1]	[3,2,1,1,1,1]	[4,4,3,2,1,1]	[5,5,4,3,3,1]	[6,6,5,3,2,1]	["0201001","0201001","0201001","0201007","0201007","0201007"]	["0201008","0201008","0201013","0201013","0201013","0201013"]	["0201003","0201008","0201013","0201013","0201013","0201013"]	["0201004","0201004","0201009","0201056","0201055","0201055"]	["0201011","0201011","0201052","0201051","0201051","0201001"]	[]	0		none	A	30	2	5
0103069	9003048	[1.8,1.8,1.8,1,1,1,1,1]	[3.5,3.5,3.5,1,1,1,1,1]	[5.5,5.5,5.5,1,1,1,1,1]	[7.5,7.5,7.5,1,1,1,1,1]	[10,10,10,1,1,1,1,1]	160000	{"1":600000,"2":1600,"3":4000,"4":2000}	9103048	0	0601029	UI_CH00G069	CH00G069	1	[70,65,45,0,0,0,0,0]	0	[1,1,1,1,1,1]	[2,2,1,1,1,1]	[3,2,1,1,1,1]	[4,4,3,2,1,1]	[5,5,4,3,3,1]	[6,6,5,3,2,1]	["0201001","0201001","0201001","0201001","0201007","0201013"]	["0201002","0201002","0201007","0201007","0201013","0201013"]	["0201003","0201002","0201001","0201001","0201007","0201013"]	["0201004","0201004","0201009","0201008","0201013","0201013"]	["0201005","0201005","0201004","0201015","0201009","0201007"]	[]	0		vdraw	A	30	2	5
0103070	9003049	[2.2,2.2,2.2,1,1,1,1,1]	[4,4,4,1,1,1,1,1]	[8,8,8,1,1,1,1,1]	[12,12,12,1,1,1,1,1]	[15,15,15,1,1,1,1,1]	240000	{"1":1200000,"2":3600,"3":6000,"4":3000}	9103049	0	0601030	UI_CH00G070	CH00G070	1	[35,72,29,0,0,0,0,0]	1	[1,1,1,1,1,1]	[2,2,1,1,1,1]	[3,2,1,1,1,1]	[4,4,3,2,1,1]	[5,5,4,3,3,1]	[6,6,5,3,2,1]	["0201007","0201007","0201007","0201007","0201007","0201007"]	["0201008","0201008","0201007","0201007","0201001","0201013"]	["0201009","0201008","0201001","0201001","0201013","0201013"]	["0201010","0201010","0201015","0201002","0201055","0201055"]	["0201011","0201011","0201010","0201057","0201057","0201049"]	["0201012","0201012","0201059","0201057","0201008","0201007"]	0		none	S	40	2	10
0103071	9003050	[2.2,2.2,2.2,1,1,1,1,1]	[4,4,4,1,1,1,1,1]	[8,8,8,1,1,1,1,1]	[12,12,12,1,1,1,1,1]	[15,15,15,1,1,1,1,1]	240000	{"1":1200000,"2":3600,"3":6000,"4":3000}	9103050	0		UI_CH00G071	CH00G071	1	[0,0,0,0,0,0,0,0]	1	[1,1,1,1,1,1]	[2,2,1,1,1,1]	[3,2,1,1,1,1]	[4,4,3,2,1,1]	[5,5,4,3,3,1]	[6,6,5,3,2,1]	["0201007","0201007","0201007","0201007","0201007","0201007"]	["0201008","0201008","0201007","0201007","0201001","0201013"]	["0201009","0201008","0201001","0201001","0201013","0201013"]	["0201010","0201010","0201015","0201002","0201055","0201055"]	["0201011","0201011","0201010","0201057","0201057","0201049"]	["0201012","0201012","0201059","0201057","0201008","0201007"]	0		none	S	40	2	10
0103072	9003051	[2.2,2.2,2.2,1,1,1,1,1]	[4,4,4,1,1,1,1,1]	[8,8,8,1,1,1,1,1]	[12,12,12,1,1,1,1,1]	[15,15,15,1,1,1,1,1]	240000	{"1":1200000,"2":3600,"3":6000,"4":3000}	9103051	0	0601031	UI_CH00G072	CH00G072	1	[30,40,65,0,0,0,0,0]	0	[1,1,1,1,1,1]	[2,2,1,1,1,1]	[3,2,1,1,1,1]	[4,4,3,2,1,1]	[5,5,4,3,3,1]	[6,6,5,3,2,1]	["0201001","0201001","0201007","0201007","0201013","0201013"]	["0201002","0201002","0201007","0201007","0201013","0201013"]	["0201015","0201014","0201001","0201001","0201001","0201001"]	["0201058","0201058","0201003","0201002","0201013","0201013"]	["0201059","0201059","0201004","0201015","0201015","0201001"]	["0201006","0201006","0201059","0201057","0201008","0201007"]	0		v2draw	S	40	2	10
0103073	9003052	[2.2,2.2,2.2,1,1,1,1,1]	[4,4,4,1,1,1,1,1]	[8,8,8,1,1,1,1,1]	[12,12,12,1,1,1,1,1]	[15,15,15,1,1,1,1,1]	240000	{"1":1200000,"2":3600,"3":6000,"4":3000}	9103052	0	0601032	UI_CH00G073	CH00G073	1	[72,55,55,0,0,0,0,0]	0	[1,1,1,1,1,1]	[2,2,1,1,1,1]	[3,2,1,1,1,1]	[4,4,3,2,1,1]	[5,5,4,3,3,1]	[6,6,5,3,2,1]	["0201001","0201001","0201001","0201001","0201007","0201013"]	["0201002","0201002","0201007","0201007","0201013","0201013"]	["0201003","0201002","0201001","0201001","0201007","0201013"]	["0201004","0201004","0201009","0201008","0201013","0201013"]	["0201005","0201005","0201004","0201015","0201009","0201007"]	["0201006","0201006","0201059","0201057","0201008","0201007"]	0		vdraw	S	40	2	10
0103074	9003053	[2.2,2.2,2.2,1,1,1,1,1]	[4,4,4,1,1,1,1,1]	[8,8,8,1,1,1,1,1]	[12,12,12,1,1,1,1,1]	[15,15,15,1,1,1,1,1]	240000	{"1":1200000,"2":3600,"3":6000,"4":3000}	9103053	0	0601033	UI_CH00G074	CH00G074	1	[65,50,65,0,0,0,0,0]	0	[1,1,1,1,1,1]	[2,2,1,1,1,1]	[3,2,1,1,1,1]	[4,4,3,2,1,1]	[5,5,4,3,3,1]	[6,6,5,3,2,1]	["0201001","0201001","0201001","0201013","0201013","0201013"]	["0201014","0201014","0201007","0201007","0201007","0201007"]	["0201003","0201002","0201013","0201013","0201013","0201013"]	["0201016","0201016","0201003","0201056","0201055","0201055"]	["0201005","0201005","0201052","0201051","0201051","0201013"]	["0201006","0201006","0201059","0201057","0201008","0201007"]	0		drop	S	40	2	10
0103075	9003054	[1.8,1.8,1.8,1,1,1,1,1]	[3.5,3.5,3.5,1,1,1,1,1]	[5.5,5.5,5.5,1,1,1,1,1]	[7.5,7.5,7.5,1,1,1,1,1]	[10,10,10,1,1,1,1,1]	160000	{"1":600000,"2":1600,"3":4000,"4":2000}	9103054	0	0601034	UI_CH00G075	CH00G075	1	[50,65,65,0,0,0,0,0]	0	[1,1,1,1,1,1]	[2,2,1,1,1,1]	[3,2,1,1,1,1]	[4,4,3,2,1,1]	[5,5,4,3,3,1]	[6,6,5,3,2,1]	["0201007","0201007","0201007","0201013","0201013","0201013"]	["0201008","0201008","0201013","0201013","0201013","0201013"]	["0201009","0201014","0201001","0201001","0201001","0201001"]	["0201010","0201010","0201015","0201056","0201055","0201055"]	["0201011","0201011","0201052","0201051","0201051","0201013"]	[]	0		drop	A	30	2	5
0103076	9003055	[2.2,2.2,2.2,1,1,1,1,1]	[4,4,4,1,1,1,1,1]	[8,8,8,1,1,1,1,1]	[12,12,12,1,1,1,1,1]	[15,15,15,1,1,1,1,1]	240000	{"1":1200000,"2":3600,"3":6000,"4":3000}	9103055	0	0601035	UI_CH00G076	CH00G076	1	[63,35,35,0,0,0,0,0]	0	[1,1,1,1,1,1]	[2,2,1,1,1,1]	[3,2,1,1,1,1]	[4,4,3,2,1,1]	[5,5,4,3,3,1]	[6,6,5,3,2,1]	["0201001","0201001","0201001","0201007","0201007","0201007"]	["0201008","0201008","0201013","0201013","0201013","0201013"]	["0201003","0201008","0201013","0201013","0201013","0201013"]	["0201004","0201004","0201009","0201056","0201055","0201055"]	["0201011","0201011","0201052","0201051","0201051","0201001"]	["0201006","0201006","0201005","0201057","0201056","0201055"]	0		v2draw	S	40	2	10
0103077	9003056	[2.2,2.2,2.2,1,1,1,1,1]	[4,4,4,1,1,1,1,1]	[8,8,8,1,1,1,1,1]	[12,12,12,1,1,1,1,1]	[15,15,15,1,1,1,1,1]	240000	{"1":1200000,"2":3600,"3":6000,"4":3000}	9103056	0	0601036	UI_CH00G077	CH00G077	1	[30,80,37,0,0,0,0,0]	0	[1,1,1,1,1,1]	[2,2,1,1,1,1]	[3,2,1,1,1,1]	[4,4,3,2,1,1]	[5,5,4,3,3,1]	[6,6,5,3,2,1]	["0201007","0201007","0201013","0201055","0201055","0201049"]	["0201008","0201008","0201013","0201055","0201055","0201049"]	["0201009","0201008","0201001","0201001","0201013","0201013"]	["0201010","0201010","0201015","0201002","0201055","0201055"]	["0201011","0201011","0201010","0201057","0201057","0201049"]	["0201012","0201012","0201059","0201057","0201008","0201007"]	0		vdraw	S	40	2	10
0103078	9003057	[1.8,1.8,1.8,1,1,1,1,1]	[3.5,3.5,3.5,1,1,1,1,1]	[5.5,5.5,5.5,1,1,1,1,1]	[7.5,7.5,7.5,1,1,1,1,1]	[10,10,10,1,1,1,1,1]	160000	{"1":600000,"2":1600,"3":4000,"4":2000}	9103057	0	0601037	UI_CH00G078	CH00G078	1	[55,58,75,0,0,0,0,0]	0	[1,1,1,1,1,1]	[2,2,1,1,1,1]	[3,2,1,1,1,1]	[4,4,3,2,1,1]	[5,5,4,3,3,1]	[6,6,5,3,2,1]	["0201007","0201007","0201007","0201013","0201013","0201013"]	["0201008","0201008","0201013","0201013","0201013","0201013"]	["0201009","0201014","0201001","0201001","0201001","0201001"]	["0201010","0201010","0201015","0201056","0201055","0201055"]	["0201011","0201011","0201052","0201051","0201051","0201013"]	[]	0		v2draw	A	30	2	5
0103079	9003058	[2.2,2.2,2.2,1,1,1,1,1]	[4,4,4,1,1,1,1,1]	[8,8,8,1,1,1,1,1]	[12,12,12,1,1,1,1,1]	[15,15,15,1,1,1,1,1]	240000	{"1":1200000,"2":3600,"3":6000,"4":3000}	9103058	0	0601038	UI_CH00G079	CH00G079	1	[23,40,40,0,0,0,0,0]	0	[1,1,1,1,1,1]	[2,2,1,1,1,1]	[3,2,1,1,1,1]	[4,4,3,2,1,1]	[5,5,4,3,3,1]	[6,6,5,3,2,1]	["0201001","0201001","0201007","0201007","0201013","0201013"]	["0201014","0201014","0201007","0201007","0201007","0201007"]	["0201009","0201014","0201001","0201001","0201001","0201001"]	["0201004","0201004","0201009","0201008","0201013","0201013"]	["0201016","0201016","0201010","0201051","0201051","0201049"]	["0201054","0201054","0201011","0201009","0201008","0201007"]	0		none	S	40	2	10
0103080	9003059	[2.2,2.2,2.2,1,1,1,1,1]	[4,4,4,1,1,1,1,1]	[8,8,8,1,1,1,1,1]	[12,12,12,1,1,1,1,1]	[15,15,15,1,1,1,1,1]	240000	{"1":1200000,"2":3600,"3":6000,"4":3000}	9103059	0	0601039	UI_CH00G080	CH00G080	1	[20,65,30,5,5,0,25,0]	0	[1,1,1,1,1,1]	[2,2,1,1,1,1]	[3,2,1,1,1,1]	[4,4,3,2,1,1]	[5,5,4,3,3,1]	[6,6,5,3,2,1]	["0201007","0201007","0201007","0201007","0201007","0201007"]	["0201008","0201008","0201007","0201007","0201001","0201013"]	["0201009","0201008","0201001","0201001","0201013","0201013"]	["0201010","0201010","0201015","0201002","0201055","0201055"]	["0201011","0201011","0201010","0201057","0201057","0201049"]	["0201012","0201012","0201059","0201057","0201008","0201007"]	0		v2draw	S	40	2	10
0103081	9003060	[2.2,2.2,2.2,1,1,1,1,1]	[4,4,4,1,1,1,1,1]	[8,8,8,1,1,1,1,1]	[12,12,12,1,1,1,1,1]	[15,15,15,1,1,1,1,1]	240000	{"1":1200000,"2":3600,"3":6000,"4":3000}	9103060	0	0601040	UI_CH00G081	CH00G081	1	[64,40,78,0,0,0,0,0]	0	[1,1,1,1,1,1]	[2,2,1,1,1,1]	[3,2,1,1,1,1]	[4,4,3,2,1,1]	[5,5,4,3,3,1]	[6,6,5,3,2,1]	["0201001","0201001","0201007","0201007","0201013","0201013"]	["0201002","0201002","0201007","0201007","0201013","0201013"]	["0201015","0201014","0201001","0201001","0201001","0201001"]	["0201058","0201058","0201003","0201002","0201013","0201013"]	["0201059","0201059","0201004","0201015","0201015","0201001"]	["0201006","0201006","0201059","0201057","0201008","0201007"]	0		drop	S	40	2	10
0103082	9003061	[2.2,2.2,2.2,1,1,1,1,1]	[4,4,4,1,1,1,1,1]	[8,8,8,1,1,1,1,1]	[12,12,12,1,1,1,1,1]	[15,15,15,1,1,1,1,1]	240000	{"1":1200000,"2":3600,"3":6000,"4":3000}	9103061	0	0601041	UI_CH00G082	CH00G082	1	[65,70,45,0,0,0,0,0]	0	[1,1,1,1,1,1]	[2,2,1,1,1,1]	[3,2,1,1,1,1]	[4,4,3,2,1,1]	[5,5,4,3,3,1]	[6,6,5,3,2,1]	["0201001","0201001","0201007","0201007","0201013","0201013"]	["0201002","0201002","0201007","0201007","0201013","0201013"]	["0201009","0201008","0201001","0201001","0201001","0201001"]	["0201010","0201010","0201003","0201002","0201013","0201013"]	["0201059","0201059","0201004","0201009","0201009","0201001"]	["0201006","0201006","0201059","0201057","0201008","0201007"]	0		vdraw	S	40	2	10
0103083	9003062	[2.2,2.2,2.2,1,1,1,1,1]	[4,4,4,1,1,1,1,1]	[8,8,8,1,1,1,1,1]	[12,12,12,1,1,1,1,1]	[15,15,15,1,1,1,1,1]	240000	{"1":1200000,"2":3600,"3":6000,"4":3000}	9103062	0	0601042	UI_CH00G083	CH00G083	1	[68,49,65,0,0,0,0,0]	0	[1,1,1,1,1,1]	[2,2,1,1,1,1]	[3,2,1,1,1,1]	[4,4,3,2,1,1]	[5,5,4,3,3,1]	[6,6,5,3,2,1]	["0201001","0201001","0201007","0201007","0201013","0201013"]	["0201002","0201002","0201001","0201001","0201013","0201013"]	["0201003","0201002","0201001","0201001","0201001","0201001"]	["0201004","0201004","0201003","0201002","0201049","0201049"]	["0201059","0201059","0201004","0201003","0201003","0201001"]	["0201006","0201006","0201059","0201057","0201008","0201007"]	0		none	S	40	2	10
0103084	9003063	[2.2,2.2,2.2,1,1,1,1,1]	[4,4,4,1,1,1,1,1]	[8,8,8,1,1,1,1,1]	[12,12,12,1,1,1,1,1]	[15,15,15,1,1,1,1,1]	240000	{"1":1200000,"2":3600,"3":6000,"4":3000}	9103063	0	0601043	UI_CH00G084	CH00G084	1	[65,35,35,0,0,0,0,0]	0	[1,1,1,1,1,1]	[2,2,1,1,1,1]	[3,2,1,1,1,1]	[4,4,3,2,1,1]	[5,5,4,3,3,1]	[6,6,5,3,2,1]	["0201007","0201007","0201007","0201007","0201007","0201007"]	["0201008","0201008","0201007","0201007","0201001","0201013"]	["0201009","0201008","0201001","0201001","0201013","0201013"]	["0201010","0201010","0201015","0201002","0201055","0201055"]	["0201011","0201011","0201010","0201057","0201057","0201049"]	["0201012","0201012","0201059","0201057","0201008","0201007"]	0		v2draw	S	40	2	10
0103085	9003064	[2.2,2.2,2.2,1,1,1,1,1]	[4,4,4,1,1,1,1,1]	[8,8,8,1,1,1,1,1]	[12,12,12,1,1,1,1,1]	[15,15,15,1,1,1,1,1]	240000	{"1":1200000,"2":3600,"3":6000,"4":3000}	9103064	0	0601044	UI_CH00G085	CH00G085	1	[70,37,30,0,0,0,0,0]	0	[1,1,1,1,1,1]	[2,2,1,1,1,1]	[3,2,1,1,1,1]	[4,4,3,2,1,1]	[5,5,4,3,3,1]	[6,6,5,3,2,1]	["0201001","0201001","0201001","0201007","0201007","0201007"]	["0201008","0201008","0201013","0201013","0201013","0201013"]	["0201003","0201008","0201013","0201013","0201013","0201013"]	["0201004","0201004","0201009","0201056","0201055","0201055"]	["0201011","0201011","0201052","0201051","0201051","0201001"]	["0201006","0201006","0201059","0201057","0201008","0201007"]	0		vdraw	S	40	2	10
0103086	9003065	[2.2,2.2,2.2,1,1,1,1,1]	[4,4,4,1,1,1,1,1]	[8,8,8,1,1,1,1,1]	[12,12,12,1,1,1,1,1]	[15,15,15,1,1,1,1,1]	240000	{"1":1200000,"2":3600,"3":6000,"4":3000}	9103065	0	0601045	UI_CH00G086	CH00G086	1	[43,70,24,0,0,0,0,0]	0	[1,1,1,1,1,1]	[2,2,1,1,1,1]	[3,2,1,1,1,1]	[4,4,3,2,1,1]	[5,5,4,3,3,1]	[6,6,5,3,2,1]	["0201007","0201007","0201013","0201055","0201055","0201049"]	["0201008","0201008","0201013","0201055","0201055","0201049"]	["0201009","0201008","0201001","0201001","0201013","0201013"]	["0201010","0201010","0201015","0201002","0201055","0201055"]	["0201011","0201011","0201010","0201057","0201057","0201049"]	["0201012","0201012","0201059","0201057","0201008","0201007"]	0		vdraw	S	40	2	10
0103087	9003066	[2.2,2.2,2.2,1,1,1,1,1]	[4,4,4,1,1,1,1,1]	[8,8,8,1,1,1,1,1]	[12,12,12,1,1,1,1,1]	[15,15,15,1,1,1,1,1]	240000	{"1":1200000,"2":3600,"3":6000,"4":3000}	9103066	0	0601046	UI_CH00G087	CH00G087	1	[20,40,73,0,0,0,0,0]	0	[1,1,1,1,1,1]	[2,2,1,1,1,1]	[3,2,1,1,1,1]	[4,4,3,2,1,1]	[5,5,4,3,3,1]	[6,6,5,3,2,1]	["0201007","0201007","0201007","0201013","0201013","0201013"]	["0201008","0201008","0201013","0201013","0201013","0201013"]	["0201009","0201014","0201001","0201001","0201001","0201001"]	["0201010","0201010","0201015","0201056","0201055","0201055"]	["0201011","0201011","0201052","0201051","0201051","0201013"]	["0201018","0201018","0201059","0201057","0201008","0201007"]	0		v2draw	S	40	2	10
0103088	9003067	[2.2,2.2,2.2,1,1,1,1,1]	[4,4,4,1,1,1,1,1]	[8,8,8,1,1,1,1,1]	[12,12,12,1,1,1,1,1]	[15,15,15,1,1,1,1,1]	240000	{"1":1200000,"2":3600,"3":6000,"4":3000}	9103067	0	0601048	UI_CH00G088	CH00G088	1	[43,50,40,0,0,0,0,0]	0	[1,1,1,1,1,1]	[2,2,1,1,1,1]	[3,2,1,1,1,1]	[4,4,3,2,1,1]	[5,5,4,3,3,1]	[6,6,5,3,2,1]	["0201001","0201001","0201007","0201007","0201013","0201013"]	["0201008","0201008","0201001","0201001","0201013","0201013"]	["0201009","0201008","0201001","0201001","0201001","0201001"]	["0201010","0201010","0201015","0201014","0201055","0201055"]	["0201059","0201059","0201016","0201009","0201009","0201001"]	["0201018","0201018","0201059","0201057","0201008","0201007"]	0		v2draw	S	40	2	10
0103089	9003068	[2.2,2.2,2.2,1,1,1,1,1]	[4,4,4,1,1,1,1,1]	[8,8,8,1,1,1,1,1]	[12,12,12,1,1,1,1,1]	[15,15,15,1,1,1,1,1]	240000	{"1":1200000,"2":3600,"3":6000,"4":3000}	9103068	0	0601049	UI_CH00G089	CH00G089	1	[37,80,30,0,0,0,0,0]	0	[1,1,1,1,1,1]	[2,2,1,1,1,1]	[3,2,1,1,1,1]	[4,4,3,2,1,1]	[5,5,4,3,3,1]	[6,6,5,3,2,1]	["0201001","0201001","0201007","0201007","0201013","0201013"]	["0201002","0201002","0201007","0201007","0201013","0201013"]	["0201009","0201008","0201001","0201001","0201001","0201001"]	["0201010","0201010","0201003","0201002","0201013","0201013"]	["0201059","0201059","0201004","0201009","0201009","0201001"]	["0201006","0201006","0201011","0201057","0201056","0201055"]	0		pvp	S	40	2	10
0103090	9003069	[2.2,2.2,2.2,1,1,1,1,1]	[4,4,4,1,1,1,1,1]	[8,8,8,1,1,1,1,1]	[12,12,12,1,1,1,1,1]	[15,15,15,1,1,1,1,1]	240000	{"1":1200000,"2":3600,"3":6000,"4":3000}	9103069	0	0601050	UI_CH00G090	CH00G090	1	[68,72,40,0,0,0,0,0]	0	[1,1,1,1,1,1]	[2,2,1,1,1,1]	[3,2,1,1,1,1]	[4,4,3,2,1,1]	[5,5,4,3,3,1]	[6,6,5,3,2,1]	["0201001","0201001","0201001","0201007","0201007","0201007"]	["0201008","0201008","0201013","0201013","0201013","0201013"]	["0201003","0201008","0201013","0201013","0201013","0201013"]	["0201004","0201004","0201009","0201056","0201055","0201055"]	["0201011","0201011","0201052","0201051","0201051","0201001"]	["0201006","0201006","0201059","0201057","0201008","0201007"]	0		vdraw	S	40	2	10
0103091	9003070	[2.2,2.2,2.2,1,1,1,1,1]	[4,4,4,1,1,1,1,1]	[8,8,8,1,1,1,1,1]	[12,12,12,1,1,1,1,1]	[15,15,15,1,1,1,1,1]	240000	{"1":1200000,"2":3600,"3":6000,"4":3000}	9103070	0	0601051	UI_CH00G091	CH00G091	1	[30,45,65,0,0,0,0,0]	0	[1,1,1,1,1,1]	[2,2,1,1,1,1]	[3,2,1,1,1,1]	[4,4,3,2,1,1]	[5,5,4,3,3,1]	[6,6,5,3,2,1]	["0201001","0201001","0201007","0201007","0201013","0201013"]	["0201002","0201002","0201007","0201007","0201013","0201013"]	["0201015","0201014","0201001","0201001","0201001","0201001"]	["0201058","0201058","0201003","0201002","0201013","0201013"]	["0201059","0201059","0201004","0201015","0201015","0201001"]	["0201006","0201006","0201059","0201057","0201008","0201007"]	0		v2draw	S	40	2	10
0103092	9003071	[2.2,2.2,2.2,1,1,1,1,1]	[4,4,4,1,1,1,1,1]	[8,8,8,1,1,1,1,1]	[12,12,12,1,1,1,1,1]	[15,15,15,1,1,1,1,1]	240000	{"1":1200000,"2":3600,"3":6000,"4":3000}	9103071	0	0601052	UI_CH00G092	CH00G092	1	[45,45,45,0,0,0,0,0]	0	[1,1,1,1,1,1]	[2,2,1,1,1,1]	[3,2,1,1,1,1]	[4,4,3,2,1,1]	[5,5,4,3,3,1]	[6,6,5,3,2,1]	["0201001","0201001","0201007","0201007","0201013","0201013"]	["0201002","0201002","0201007","0201007","0201013","0201013"]	["0201009","0201008","0201001","0201001","0201001","0201001"]	["0201010","0201010","0201003","0201002","0201013","0201013"]	["0201059","0201059","0201004","0201009","0201009","0201001"]	["0201006","0201006","0201011","0201057","0201056","0201055"]	0		v2draw	S	40	2	10
0103093	9003072	[2.2,2.2,2.2,1,1,1,1,1]	[4,4,4,1,1,1,1,1]	[8,8,8,1,1,1,1,1]	[12,12,12,1,1,1,1,1]	[15,15,15,1,1,1,1,1]	240000	{"1":1200000,"2":3600,"3":6000,"4":3000}	9103072	0	0601053	UI_CH00G093	CH00G093	1	[45,45,45,0,0,0,0,0]	0	[1,1,1,1,1,1]	[2,2,1,1,1,1]	[3,2,1,1,1,1]	[4,4,3,2,1,1]	[5,5,4,3,3,1]	[6,6,5,3,2,1]	["0201001","0201001","0201007","0201007","0201013","0201013"]	["0201002","0201002","0201001","0201001","0201013","0201013"]	["0201003","0201002","0201001","0201001","0201001","0201001"]	["0201004","0201004","0201003","0201002","0201049","0201049"]	["0201059","0201059","0201004","0201003","0201003","0201001"]	["0201006","0201006","0201005","0201057","0201056","0201055"]	0		none	S	40	2	10
0103094	9003073	[2.2,2.2,2.2,1,1,1,1,1]	[4,4,4,1,1,1,1,1]	[8,8,8,1,1,1,1,1]	[12,12,12,1,1,1,1,1]	[15,15,15,1,1,1,1,1]	240000	{"1":1200000,"2":3600,"3":6000,"4":3000}	9103073	0	0601054	UI_CH00G094	CH00G094	1	[60,60,60,0,0,0,0,0]	0	[1,1,1,1,1,1]	[2,2,1,1,1,1]	[3,2,1,1,1,1]	[4,4,3,2,1,1]	[5,5,4,3,3,1]	[6,6,5,3,2,1]	["0201007","0201007","0201007","0201013","0201013","0201013"]	["0201008","0201008","0201013","0201013","0201013","0201013"]	["0201009","0201014","0201001","0201001","0201001","0201001"]	["0201010","0201010","0201015","0201056","0201055","0201055"]	["0201011","0201011","0201052","0201051","0201051","0201013"]	["0201006","0201006","0201059","0201057","0201008","0201007"]	0		none	S	40	2	10
0103095	9003074	[2.2,2.2,2.2,1,1,1,1,1]	[4,4,4,1,1,1,1,1]	[8,8,8,1,1,1,1,1]	[12,12,12,1,1,1,1,1]	[15,15,15,1,1,1,1,1]	240000	{"1":1200000,"2":3600,"3":6000,"4":3000}	9103074	0	0601055	UI_CH00G095	CH00G095	1	[33,35,66,0,0,0,0,0]	0	[1,1,1,1,1,1]	[2,2,1,1,1,1]	[3,2,1,1,1,1]	[4,4,3,2,1,1]	[5,5,4,3,3,1]	[6,6,5,3,2,1]	["0201001","0201001","0201001","0201007","0201007","0201007"]	["0201008","0201008","0201013","0201013","0201013","0201013"]	["0201003","0201008","0201013","0201013","0201013","0201013"]	["0201004","0201004","0201009","0201056","0201055","0201055"]	["0201011","0201011","0201052","0201051","0201051","0201001"]	["0201006","0201006","0201059","0201057","0201008","0201007"]	0		drop	S	40	2	10
0103096	9003075	[2.2,2.2,2.2,1,1,1,1,1]	[4,4,4,1,1,1,1,1]	[8,8,8,1,1,1,1,1]	[12,12,12,1,1,1,1,1]	[15,15,15,1,1,1,1,1]	240000	{"1":1200000,"2":3600,"3":6000,"4":3000}	9103075	0	0601056	UI_CH00G096	CH00G096	1	[23,66,45,0,0,0,0,0]	0	[1,1,1,1,1,1]	[2,2,1,1,1,1]	[3,2,1,1,1,1]	[4,4,3,2,1,1]	[5,5,4,3,3,1]	[6,6,5,3,2,1]	["0201001","0201001","0201007","0201007","0201013","0201013"]	["0201002","0201002","0201007","0201007","0201013","0201013"]	["0201009","0201008","0201001","0201001","0201001","0201001"]	["0201010","0201010","0201003","0201002","0201013","0201013"]	["0201059","0201059","0201004","0201009","0201009","0201001"]	["0201006","0201006","0201011","0201057","0201056","0201055"]	0		drop	S	40	2	10
0103097	9003076	[2.2,2.2,2.2,1,1,1,1,1]	[4,4,4,1,1,1,1,1]	[8,8,8,1,1,1,1,1]	[12,12,12,1,1,1,1,1]	[15,15,15,1,1,1,1,1]	240000	{"1":1200000,"2":3600,"3":6000,"4":3000}	9103076	0	0601057	UI_CH00G097	CH00G097	1	[25,36,75,0,0,0,0,0]	0	[1,1,1,1,1,1]	[2,2,1,1,1,1]	[3,2,1,1,1,1]	[4,4,3,2,1,1]	[5,5,4,3,3,1]	[6,6,5,3,2,1]	["0201007","0201007","0201007","0201013","0201013","0201013"]	["0201008","0201008","0201013","0201013","0201013","0201013"]	["0201009","0201014","0201001","0201001","0201001","0201001"]	["0201010","0201010","0201015","0201056","0201055","0201055"]	["0201011","0201011","0201052","0201051","0201051","0201013"]	["0201018","0201018","0201059","0201057","0201008","0201007"]	0		none	S	40	2	10
0103098	9003077	[2.2,2.2,2.2,1,1,1,1,1]	[4,4,4,1,1,1,1,1]	[8,8,8,1,1,1,1,1]	[12,12,12,1,1,1,1,1]	[15,15,15,1,1,1,1,1]	240000	{"1":1200000,"2":3600,"3":6000,"4":3000}	9103077	0	0601058	UI_CH00G098	CH00G098	1	[0,0,0,0,0,0,0,0]	0	[1,1,1,1,1,1]	[2,2,1,1,1,1]	[3,2,1,1,1,1]	[4,4,3,2,1,1]	[5,5,4,3,3,1]	[6,6,5,3,2,1]	["0201001","0201001","0201001","0201007","0201007","0201007"]	["0201008","0201008","0201013","0201013","0201013","0201013"]	["0201003","0201008","0201013","0201013","0201013","0201013"]	["0201004","0201004","0201009","0201056","0201055","0201055"]	["0201011","0201011","0201052","0201051","0201051","0201001"]	["0201006","0201006","0201059","0201057","0201008","0201007"]	0		none	S	40	2	10
0103099	9003078	[2.2,2.2,2.2,1,1,1,1,1]	[4,4,4,1,1,1,1,1]	[8,8,8,1,1,1,1,1]	[12,12,12,1,1,1,1,1]	[15,15,15,1,1,1,1,1]	240000	{"1":1200000,"2":3600,"3":6000,"4":3000}	9103078	0		UI_CH00G099	CH00G099	1	[0,0,0,0,0,0,0,0]	1	[1,1,1,1,1,1]	[2,2,1,1,1,1]	[3,2,1,1,1,1]	[4,4,3,2,1,1]	[5,5,4,3,3,1]	[6,6,5,3,2,1]	["0201007","0201007","0201013","0201055","0201055","0201049"]	["0201008","0201008","0201013","0201055","0201055","0201049"]	["0201009","0201008","0201001","0201001","0201013","0201013"]	["0201010","0201010","0201015","0201002","0201055","0201055"]	["0201011","0201011","0201010","0201057","0201057","0201049"]	["0201012","0201012","0201059","0201057","0201008","0201007"]	0		none	S	40	2	10
0103100	9003079	[2.2,2.2,2.2,1,1,1,1,1]	[4,4,4,1,1,1,1,1]	[8,8,8,1,1,1,1,1]	[12,12,12,1,1,1,1,1]	[15,15,15,1,1,1,1,1]	240000	{"1":1200000,"2":3600,"3":6000,"4":3000}	9103079	0		UI_CH00G099-1	CH00G099-1	1	[0,0,0,0,0,0,0,0]	1	[1,1,1,1,1,1]	[2,2,1,1,1,1]	[3,2,1,1,1,1]	[4,4,3,2,1,1]	[5,5,4,3,3,1]	[6,6,5,3,2,1]	["0201007","0201007","0201007","0201013","0201013","0201013"]	["0201008","0201008","0201013","0201013","0201013","0201013"]	["0201009","0201014","0201001","0201001","0201001","0201001"]	["0201010","0201010","0201015","0201056","0201055","0201055"]	["0201011","0201011","0201052","0201051","0201051","0201013"]	["0201018","0201018","0201059","0201057","0201008","0201007"]	0		none	S	40	2	10
0103101	9003080	[2.2,2.2,2.2,1,1,1,1,1]	[4,4,4,1,1,1,1,1]	[8,8,8,1,1,1,1,1]	[12,12,12,1,1,1,1,1]	[15,15,15,1,1,1,1,1]	240000	{"1":1200000,"2":3600,"3":6000,"4":3000}	9103080	0		UI_CH00G099-2	CH00G099-2	1	[0,0,0,0,0,0,0,0]	1	[1,1,1,1,1,1]	[2,2,1,1,1,1]	[3,2,1,1,1,1]	[4,4,3,2,1,1]	[5,5,4,3,3,1]	[6,6,5,3,2,1]	["0201001","0201001","0201001","0201007","0201007","0201007"]	["0201008","0201008","0201013","0201013","0201013","0201013"]	["0201003","0201008","0201013","0201013","0201013","0201013"]	["0201004","0201004","0201009","0201056","0201055","0201055"]	["0201011","0201011","0201052","0201051","0201051","0201001"]	["0201006","0201006","0201059","0201057","0201008","0201007"]	0		none	S	40	2	10
0103102	9003081	[2.2,2.2,2.2,1,1,1,1,1]	[4,4,4,1,1,1,1,1]	[8,8,8,1,1,1,1,1]	[12,12,12,1,1,1,1,1]	[15,15,15,1,1,1,1,1]	240000	{"1":1200000,"2":3600,"3":6000,"4":3000}	9103081	0		UI_CH00G099-3	CH00G099-3	1	[0,0,0,0,0,0,0,0]	1	[1,1,1,1,1,1]	[2,2,1,1,1,1]	[3,2,1,1,1,1]	[4,4,3,2,1,1]	[5,5,4,3,3,1]	[6,6,5,3,2,1]	["0201007","0201007","0201013","0201055","0201055","0201049"]	["0201008","0201008","0201013","0201055","0201055","0201049"]	["0201009","0201008","0201001","0201001","0201013","0201013"]	["0201010","0201010","0201015","0201002","0201055","0201055"]	["0201011","0201011","0201010","0201057","0201057","0201049"]	["0201012","0201012","0201059","0201057","0201008","0201007"]	0		none	S	40	2	10
0103103	9003082	[2.2,2.2,2.2,1,1,1,1,1]	[4,4,4,1,1,1,1,1]	[8,8,8,1,1,1,1,1]	[12,12,12,1,1,1,1,1]	[15,15,15,1,1,1,1,1]	240000	{"1":1200000,"2":3600,"3":6000,"4":3000}	9103082	0	0601059	UI_CH00G100	CH00G100	1	[50,50,23,0,0,0,0,0]	1	[1,1,1,1,1,1]	[2,2,1,1,1,1]	[3,2,1,1,1,1]	[4,4,3,2,1,1]	[5,5,4,3,3,1]	[6,6,5,3,2,1]	["0201007","0201007","0201007","0201013","0201013","0201013"]	["0201008","0201008","0201013","0201013","0201013","0201013"]	["0201009","0201014","0201001","0201001","0201001","0201001"]	["0201010","0201010","0201015","0201056","0201055","0201055"]	["0201011","0201011","0201052","0201051","0201051","0201013"]	["0201018","0201018","0201059","0201057","0201008","0201007"]	0		none	S	40	2	10
0103104	9003083	[2.2,2.2,2.2,1,1,1,1,1]	[4,4,4,1,1,1,1,1]	[8,8,8,1,1,1,1,1]	[12,12,12,1,1,1,1,1]	[15,15,15,1,1,1,1,1]	240000	{"1":1200000,"2":3600,"3":6000,"4":3000}	9103083	0	0601061	UI_CH00G104	CH00G104	1	[0,0,0,0,0,0,0,0]	0	[1,1,1,1,1,1]	[2,2,1,1,1,1]	[3,2,1,1,1,1]	[4,4,3,2,1,1]	[5,5,4,3,3,1]	[6,6,5,3,2,1]	["0201001","0201001","0201001","0201007","0201007","0201007"]	["0201008","0201008","0201013","0201013","0201013","0201013"]	["0201003","0201008","0201013","0201013","0201013","0201013"]	["0201004","0201004","0201009","0201056","0201055","0201055"]	["0201011","0201011","0201052","0201051","0201051","0201001"]	["0201006","0201006","0201059","0201057","0201008","0201007"]	0		none	S	40	2	10
0103105	9003084	[2.2,2.2,2.2,1,1,1,1,1]	[4,4,4,1,1,1,1,1]	[8,8,8,1,1,1,1,1]	[12,12,12,1,1,1,1,1]	[15,15,15,1,1,1,1,1]	240000	{"1":1200000,"2":3600,"3":6000,"4":3000}	9103084	0	0601062	UI_CH00G105	CH00G105	1	[0,0,0,0,0,0,0,0]	0	[1,1,1,1,1,1]	[2,2,1,1,1,1]	[3,2,1,1,1,1]	[4,4,3,2,1,1]	[5,5,4,3,3,1]	[6,6,5,3,2,1]	["0201007","0201007","0201013","0201055","0201055","0201049"]	["0201008","0201008","0201013","0201055","0201055","0201049"]	["0201009","0201008","0201001","0201001","0201013","0201013"]	["0201010","0201010","0201015","0201002","0201055","0201055"]	["0201011","0201011","0201010","0201057","0201057","0201049"]	["0201012","0201012","0201059","0201057","0201008","0201007"]	0		none	S	40	2	10
0103106	9003085	[2.2,2.2,2.2,1,1,1,1,1]	[4,4,4,1,1,1,1,1]	[8,8,8,1,1,1,1,1]	[12,12,12,1,1,1,1,1]	[15,15,15,1,1,1,1,1]	240000	{"1":1200000,"2":3600,"3":6000,"4":3000}	9103085	0	0601063	UI_CH00G106	CH00G106	1	[0,0,0,0,0,0,0,0]	0	[1,1,1,1,1,1]	[2,2,1,1,1,1]	[3,2,1,1,1,1]	[4,4,3,2,1,1]	[5,5,4,3,3,1]	[6,6,5,3,2,1]	["0201007","0201007","0201007","0201013","0201013","0201013"]	["0201008","0201008","0201013","0201013","0201013","0201013"]	["0201009","0201014","0201001","0201001","0201001","0201001"]	["0201010","0201010","0201015","0201056","0201055","0201055"]	["0201011","0201011","0201052","0201051","0201051","0201013"]	["0201018","0201018","0201059","0201057","0201008","0201007"]	0		none	S	40	2	10
0103107	9003086	[2.2,2.2,2.2,1,1,1,1,1]	[4,4,4,1,1,1,1,1]	[8,8,8,1,1,1,1,1]	[12,12,12,1,1,1,1,1]	[15,15,15,1,1,1,1,1]	240000	{"1":1200000,"2":3600,"3":6000,"4":3000}	9103086	0	0601064	UI_CH00G107	CH00G107	1	[0,0,0,0,0,0,0,0]	0	[1,1,1,1,1,1]	[2,2,1,1,1,1]	[3,2,1,1,1,1]	[4,4,3,2,1,1]	[5,5,4,3,3,1]	[6,6,5,3,2,1]	["0201007","0201007","0201007","0201013","0201013","0201013"]	["0201008","0201008","0201013","0201013","0201013","0201013"]	["0201009","0201014","0201001","0201001","0201001","0201001"]	["0201010","0201010","0201015","0201056","0201055","0201055"]	["0201011","0201011","0201052","0201051","0201051","0201013"]	["0201018","0201018","0201059","0201057","0201008","0201007"]	0		none	S	40	2	10
0103108	9003087	[2.2,2.2,2.2,1,1,1,1,1]	[4,4,4,1,1,1,1,1]	[8,8,8,1,1,1,1,1]	[12,12,12,1,1,1,1,1]	[15,15,15,1,1,1,1,1]	240000	{"1":1200000,"2":3600,"3":6000,"4":3000}	9103087	0	0601065	UI_CH00G108	CH00G108	1	[0,0,0,0,0,0,0,0]	0	[1,1,1,1,1,1]	[2,2,1,1,1,1]	[3,2,1,1,1,1]	[4,4,3,2,1,1]	[5,5,4,3,3,1]	[6,6,5,3,2,1]	["0201007","0201007","0201013","0201055","0201055","0201049"]	["0201008","0201008","0201013","0201055","0201055","0201049"]	["0201009","0201008","0201001","0201001","0201013","0201013"]	["0201010","0201010","0201015","0201002","0201055","0201055"]	["0201011","0201011","0201010","0201057","0201057","0201049"]	["0201012","0201012","0201059","0201057","0201008","0201007"]	0		none	S	40	2	10
0103109	9003088	[2.2,2.2,2.2,1,1,1,1,1]	[4,4,4,1,1,1,1,1]	[8,8,8,1,1,1,1,1]	[12,12,12,1,1,1,1,1]	[15,15,15,1,1,1,1,1]	240000	{"1":1200000,"2":3600,"3":6000,"4":3000}	9103088	0	0601066	UI_CH00G109	CH00G109	1	[0,0,0,0,0,0,0,0]	0	[1,1,1,1,1,1]	[2,2,1,1,1,1]	[3,2,1,1,1,1]	[4,4,3,2,1,1]	[5,5,4,3,3,1]	[6,6,5,3,2,1]	["0201007","0201007","0201007","0201013","0201013","0201013"]	["0201008","0201008","0201013","0201013","0201013","0201013"]	["0201009","0201014","0201001","0201001","0201001","0201001"]	["0201010","0201010","0201015","0201056","0201055","0201055"]	["0201011","0201011","0201052","0201051","0201051","0201013"]	["0201018","0201018","0201059","0201057","0201008","0201007"]	0		none	S	40	2	10
0103651	9003651	[1.8,1.8,1.8,1,1,1,1,1]	[3.5,3.5,3.5,1,1,1,1,1]	[5.5,5.5,5.5,1,1,1,1,1]	[7.5,7.5,7.5,1,1,1,1,1]	[10,10,10,1,1,1,1,1]	160000	{"1":600000,"2":1600,"3":4000,"4":2000}	9103023	0	0601067	UI_CH00G651	CH00G651	1	[65,35,40,0,0,0,0,0]	0	[1,1,1,1,1,1]	[2,2,1,1,1,1]	[3,2,1,1,1,1]	[4,4,3,2,1,1]	[5,5,4,3,3,1]	[6,6,5,3,2,1]	["0201001","0201001","0201001","0201001","0201007","0201013"]	["0201002","0201002","0201007","0201007","0201013","0201013"]	["0201003","0201002","0201001","0201001","0201007","0201013"]	["0201004","0201004","0201009","0201008","0201013","0201013"]	["0201005","0201005","0201004","0201015","0201009","0201007"]	[]	0		none	A	30	2	5
0103654	9003654	[1.8,1.8,1.8,1,1,1,1,1]	[3.5,3.5,3.5,1,1,1,1,1]	[5.5,5.5,5.5,1,1,1,1,1]	[7.5,7.5,7.5,1,1,1,1,1]	[10,10,10,1,1,1,1,1]	160000	{"1":600000,"2":1600,"3":4000,"4":2000}	9103026	0	0601068	UI_CH00G654	CH00G654	1	[60,50,56,0,0,0,0,0]	0	[1,1,1,1,1,1]	[2,2,1,1,1,1]	[3,2,1,1,1,1]	[4,4,3,2,1,1]	[5,5,4,3,3,1]	[6,6,5,3,2,1]	["0201007","0201007","0201007","0201013","0201013","0201014"]	["0201008","0201008","0201013","0201013","0201013","0201014"]	["0201009","0201014","0201001","0201001","0201001","0201002"]	["0201010","0201010","0201015","0201056","0201055","0201056"]	[]	[]	0		drop	B	20	1	3
0103658	9003658	[2.2,2.2,2.2,1,1,1,1,1]	[4,4,4,1,1,1,1,1]	[8,8,8,1,1,1,1,1]	[12,12,12,1,1,1,1,1]	[15,15,15,1,1,1,1,1]	240000	{"1":1200000,"2":3600,"3":6000,"4":3000}	9103030	0	0601069	UI_CH00G658	CH00G658	1	[40,65,30,0,0,0,0,0]	0	[1,1,1,1,1,1]	[2,2,1,1,1,1]	[3,2,1,1,1,1]	[4,4,3,2,1,1]	[5,5,4,3,3,1]	[6,6,5,3,2,1]	["0201007","0201007","0201013","0201055","0201055","0201051"]	["0201008","0201008","0201013","0201055","0201055","0201051"]	["0201009","0201008","0201001","0201001","0201013","0201015"]	["0201010","0201010","0201015","0201002","0201055","0201057"]	["0201011","0201011","0201010","0201057","0201057","0201051"]	["0201012","0201012","0201059","0201057","0201008","0201010"]	0		drop	S	40	2	10
0103660	9003660	[1.8,1.8,1.8,1,1,1,1,1]	[3.5,3.5,3.5,1,1,1,1,1]	[5.5,5.5,5.5,1,1,1,1,1]	[7.5,7.5,7.5,1,1,1,1,1]	[10,10,10,1,1,1,1,1]	160000	{"1":600000,"2":1600,"3":4000,"4":2000}	9103032	0	0601070	UI_CH00G660	CH00G660	1	[53,47,66,0,0,0,0,0]	0	[1,1,1,1,1,1]	[2,2,1,1,1,1]	[3,2,1,1,1,1]	[4,4,3,2,1,1]	[5,5,4,3,3,1]	[6,6,5,3,2,1]	["0201013","0201013","0201013","0201013","0201013","0201013"]	["0201013","0201013","0201007","0201007","0201001","0201001"]	["0201015","0201014","0201001","0201001","0201007","0201007"]	["0201016","0201016","0201009","0201002","0201055","0201055"]	[]	[]	0		drop	B	20	1	3
0103663	9003663	[2.2,2.2,2.2,1,1,1,1,1]	[4,4,4,1,1,1,1,1]	[8,8,8,1,1,1,1,1]	[12,12,12,1,1,1,1,1]	[15,15,15,1,1,1,1,1]	240000	{"1":1200000,"2":3600,"3":6000,"4":3000}	9103035	0	0601071	UI_CH00G663	CH00G663	1	[40,40,65,0,10,15,0,0]	0	[1,1,1,1,1,1]	[2,2,1,1,1,1]	[3,2,1,1,1,1]	[4,4,3,2,1,1]	[5,5,4,3,3,1]	[6,6,5,3,2,1]	["0201007","0201007","0201013","0201055","0201055","0201052"]	["0201008","0201008","0201013","0201055","0201055","0201052"]	["0201009","0201008","0201001","0201001","0201013","0201016"]	["0201010","0201010","0201015","0201002","0201055","0201058"]	["0201011","0201011","0201010","0201057","0201057","0201052"]	["0201012","0201012","0201059","0201057","0201008","0201010"]	0		none	S	40	2	10
0103680	9003680	[1.8,1.8,1.8,1,1,1,1,1]	[3.5,3.5,3.5,1,1,1,1,1]	[5.5,5.5,5.5,1,1,1,1,1]	[7.5,7.5,7.5,1,1,1,1,1]	[10,10,10,1,1,1,1,1]	160000	{"1":600000,"2":1600,"3":4000,"4":2000}	9103059	0	0601072	UI_CH00G680	CH00G680	1	[20,45,20,5,5,0,25,0]	0	[1,1,1,1,1,1]	[2,2,1,1,1,1]	[3,2,1,1,1,1]	[4,4,3,2,1,1]	[5,5,4,3,3,1]	[6,6,5,3,2,1]	["0201007","0201007","0201007","0201007","0201007","0201007"]	["0201008","0201008","0201007","0201007","0201001","0201013"]	["0201009","0201008","0201001","0201001","0201013","0201013"]	["0201010","0201010","0201015","0201002","0201055","0201055"]	["0201011","0201011","0201010","0201057","0201057","0201049"]	[]	0		none	A	30	2	5
0103688	9003688	[1.8,1.8,1.8,1,1,1,1,1]	[3.5,3.5,3.5,1,1,1,1,1]	[5.5,5.5,5.5,1,1,1,1,1]	[7.5,7.5,7.5,1,1,1,1,1]	[10,10,10,1,1,1,1,1]	160000	{"1":600000,"2":1600,"3":4000,"4":2000}	9103067	0	0601073	UI_CH00G688	CH00G688	1	[33,50,40,0,0,0,0,0]	0	[1,1,1,1,1,1]	[2,2,1,1,1,1]	[3,2,1,1,1,1]	[4,4,3,2,1,1]	[5,5,4,3,3,1]	[6,6,5,3,2,1]	["0201001","0201001","0201007","0201007","0201013","0201013"]	["0201008","0201008","0201001","0201001","0201013","0201013"]	["0201009","0201008","0201001","0201001","0201001","0201001"]	["0201010","0201010","0201015","0201014","0201055","0201055"]	["0201059","0201059","0201016","0201009","0201009","0201001"]	[]	0		none	A	30	2	5
0103666	9003666	[1.8,1.8,1.8,1,1,1,1,1]	[3.5,3.5,3.5,1,1,1,1,1]	[5.5,5.5,5.5,1,1,1,1,1]	[7.5,7.5,7.5,1,1,1,1,1]	[10,10,10,1,1,1,1,1]	160000	{"1":600000,"2":1600,"3":4000,"4":2000}	9103045	0	0601074	UI_CH00G666	CH00G666	1	[20,72,48,0,0,0,0,0]	0	[1,1,1,1,1,1]	[2,2,1,1,1,1]	[3,2,1,1,1,1]	[4,4,3,2,1,1]	[5,5,4,3,3,1]	[6,6,5,3,2,1]	["0201007","0201007","0201013","0201055","0201055","0201049"]	["0201008","0201008","0201013","0201055","0201055","0201049"]	["0201009","0201008","0201001","0201001","0201013","0201013"]	["0201010","0201010","0201015","0201002","0201055","0201055"]	["0201011","0201011","0201010","0201057","0201057","0201049"]	[]	0		none	A	30	2	5
0105001	9005001	[1,1,1,1.5,1.5,1,1,1]	[1,1,1,3,3,1,1,1]	[1,1,1,5,5,1,1,1]	[1,1,1,7.5,7.5,1,1,1]	[1,1,1,10,10,1,1,1]	7500	{"1":75000,"2":100,"3":1000,"4":500}	9105001	0		UI_CH00S001	CH00S001	1	[0,0,0,35,13,0,0,0]	0	[1,1,1,1,1,1]	[2,2,1,1,1,1]	[3,2,1,1,1,1]	[4,4,3,2,1,1]	[5,5,4,3,3,1]	[6,6,5,3,2,1]	["0201019","0201019","0201019","0201019","0201025","0201025"]	["0201020","0201020","0201019","0201019","0201025","0201025"]	["0201021","0201020","0201025","0201025","0201025","0201025"]	[]	[]	[]	0		drop	C	10	1	0
0105002	9005002	[1,1,1,1.5,1.5,1,1,1]	[1,1,1,3,3,1,1,1]	[1,1,1,5,5,1,1,1]	[1,1,1,7.5,7.5,1,1,1]	[1,1,1,10,10,1,1,1]	7500	{"1":75000,"2":100,"3":1000,"4":500}	9105002	0		UI_CH00S002	CH00S002	1	[0,0,0,23,17,0,0,0]	0	[1,1,1,1,1,1]	[2,2,1,1,1,1]	[3,2,1,1,1,1]	[4,4,3,2,1,1]	[5,5,4,3,3,1]	[6,6,5,3,2,1]	["0201019","0201019","0201019","0201019","0201025","0201025"]	["0201020","0201020","0201019","0201019","0201025","0201025"]	["0201021","0201020","0201025","0201025","0201025","0201025"]	[]	[]	[]	0		shop	C	10	1	0
0105003	9005003	[1,1,1,1.5,1.5,1,1,1]	[1,1,1,3,3,1,1,1]	[1,1,1,5,5,1,1,1]	[1,1,1,7.5,7.5,1,1,1]	[1,1,1,10,10,1,1,1]	160000	{"1":600000,"2":1600,"3":4000,"4":2000}	9105003	0		UI_CH00S003	CH00S003	1	[0,0,0,30,14,0,0,0]	0	[1,1,1,1,1,1]	[2,2,1,1,1,1]	[3,2,1,1,1,1]	[4,4,3,2,1,1]	[5,5,4,3,3,1]	[6,6,5,3,2,1]	["0201019","0201019","0201019","0201019","0201025","0201025"]	["0201020","0201020","0201019","0201019","0201025","0201025"]	["0201021","0201020","0201025","0201025","0201025","0201025"]	[]	[]	[]	0		drop	C	10	1	0
0105004	9005004	[1,1,1,1.5,1.5,1,1,1]	[1,1,1,3,3,1,1,1]	[1,1,1,5,5,1,1,1]	[1,1,1,7.5,7.5,1,1,1]	[1,1,1,10,10,1,1,1]	7500	{"1":75000,"2":100,"3":1000,"4":500}	9105004	0		UI_CH00S004	CH00S004	1	[0,0,0,35,15,0,0,0]	0	[1,1,1,1,1,1]	[2,2,1,1,1,1]	[3,2,1,1,1,1]	[4,4,3,2,1,1]	[5,5,4,3,3,1]	[6,6,5,3,2,1]	["0201019","0201019","0201019","0201019","0201025","0201025"]	["0201020","0201020","0201019","0201019","0201025","0201025"]	["0201021","0201020","0201025","0201025","0201025","0201025"]	[]	[]	[]	0		drop	C	10	1	0
0105005	9005005	[1,1,1,1.5,1.5,1,1,1]	[1,1,1,3,3,1,1,1]	[1,1,1,5,5,1,1,1]	[1,1,1,7.5,7.5,1,1,1]	[1,1,1,10,10,1,1,1]	7500	{"1":75000,"2":100,"3":1000,"4":500}	9105005	0		UI_CH00S005	CH00S005	1	[0,0,0,33,13,0,0,0]	0	[1,1,1,1,1,1]	[2,2,1,1,1,1]	[3,2,1,1,1,1]	[4,4,3,2,1,1]	[5,5,4,3,3,1]	[6,6,5,3,2,1]	["0201019","0201019","0201019","0201019","0201025","0201025"]	["0201020","0201020","0201019","0201019","0201025","0201025"]	["0201021","0201020","0201025","0201025","0201025","0201025"]	[]	[]	[]	0		shop	C	10	1	0
0105006	9005006	[1,1,1,1.5,1.5,1,1,1]	[1,1,1,3,3,1,1,1]	[1,1,1,5,5,1,1,1]	[1,1,1,7.5,7.5,1,1,1]	[1,1,1,10,10,1,1,1]	7500	{"1":75000,"2":100,"3":1000,"4":500}	9105006	0		UI_CH00S006	CH00S006	1	[0,0,0,22,22,0,0,0]	0	[1,1,1,1,1,1]	[2,2,1,1,1,1]	[3,2,1,1,1,1]	[4,4,3,2,1,1]	[5,5,4,3,3,1]	[6,6,5,3,2,1]	["0201019","0201019","0201019","0201019","0201025","0201025"]	["0201020","0201020","0201019","0201019","0201025","0201025"]	["0201021","0201020","0201025","0201025","0201025","0201025"]	[]	[]	[]	0		shop	C	10	1	0
0105007	9005007	[1,1,1,1.5,1.5,1,1,1]	[1,1,1,3,3,1,1,1]	[1,1,1,5,5,1,1,1]	[1,1,1,7.5,7.5,1,1,1]	[1,1,1,10,10,1,1,1]	7500	{"1":75000,"2":100,"3":1000,"4":500}	9105007	0	0601023	UI_CH00S007	CH00S007	1	[0,0,0,35,13,0,0,0]	0	[1,1,1,1,1,1]	[2,2,1,1,1,1]	[3,2,1,1,1,1]	[4,4,3,2,1,1]	[5,5,4,3,3,1]	[6,6,5,3,2,1]	["0201019","0201019","0201019","0201019","0201025","0201025"]	["0201020","0201020","0201019","0201019","0201025","0201025"]	["0201021","0201020","0201025","0201025","0201025","0201025"]	[]	[]	[]	0		shop	C	10	1	0
0105008	9005008	[1,1,1,1.5,1.5,1,1,1]	[1,1,1,3,3,1,1,1]	[1,1,1,5,5,1,1,1]	[1,1,1,7.5,7.5,1,1,1]	[1,1,1,10,10,1,1,1]	7500	{"1":75000,"2":100,"3":1000,"4":500}	9105008	0		UI_CH00S008	CH00S008	1	[0,0,0,32,16,0,0,0]	0	[1,1,1,1,1,1]	[2,2,1,1,1,1]	[3,2,1,1,1,1]	[4,4,3,2,1,1]	[5,5,4,3,3,1]	[6,6,5,3,2,1]	["0201019","0201019","0201019","0201019","0201025","0201025"]	["0201020","0201020","0201019","0201019","0201025","0201025"]	["0201021","0201020","0201025","0201025","0201025","0201025"]	[]	[]	[]	0		shop	C	10	1	0
0105009	9005009	[1,1,1,1.8,1.8,1,1,1]	[1,1,1,3.5,3.5,1,1,1]	[1,1,1,5.5,5.5,1,1,1]	[1,1,1,7.5,7.5,1,1,1]	[1,1,1,10,10,1,1,1]	160000	{"1":600000,"2":1600,"3":4000,"4":2000}	9105009	0		UI_CH00S009	CH00S009	1	[0,0,0,28,15,0,0,0]	0	[1,1,1,1,1,1]	[2,2,1,1,1,1]	[3,2,1,1,1,1]	[4,4,3,2,1,1]	[5,5,4,3,3,1]	[6,6,5,3,2,1]	["0201019","0201019","0201019","0201019","0201025","0201025"]	["0201020","0201020","0201019","0201019","0201025","0201025"]	["0201021","0201020","0201025","0201025","0201025","0201025"]	["0201022","0201022","0201021","0201026","0201025","0201025"]	[]	[]	0		none	B	20	1	3
0105010	9005010	[1,1,1,1.8,1.8,1,1,1]	[1,1,1,3.5,3.5,1,1,1]	[1,1,1,5.5,5.5,1,1,1]	[1,1,1,7.5,7.5,1,1,1]	[1,1,1,10,10,1,1,1]	160000	{"1":600000,"2":1600,"3":4000,"4":2000}	9105010	0		UI_CH00S010	CH00S010	1	[0,0,0,59,21,0,0,0]	0	[1,1,1,1,1,1]	[2,2,1,1,1,1]	[3,2,1,1,1,1]	[4,4,3,2,1,1]	[5,5,4,3,3,1]	[6,6,5,3,2,1]	["0201019","0201019","0201019","0201019","0201025","0201025"]	["0201020","0201020","0201019","0201019","0201025","0201025"]	["0201021","0201020","0201025","0201025","0201025","0201025"]	["0201022","0201022","0201021","0201026","0201025","0201025"]	["0201023","0201023","0201022","0201027","0201027","0201025"]	[]	0		drop	A	30	2	5
0105011	9005011	[1,1,1,1.8,1.8,1,1,1]	[1,1,1,3.5,3.5,1,1,1]	[1,1,1,5.5,5.5,1,1,1]	[1,1,1,7.5,7.5,1,1,1]	[1,1,1,10,10,1,1,1]	160000	{"1":600000,"2":1600,"3":4000,"4":2000}	9105011	0		UI_CH00S011	CH00S011	1	[0,0,0,56,24,0,0,0]	0	[1,1,1,1,1,1]	[2,2,1,1,1,1]	[3,2,1,1,1,1]	[4,4,3,2,1,1]	[5,5,4,3,3,1]	[6,6,5,3,2,1]	["0201019","0201019","0201019","0201019","0201025","0201025"]	["0201020","0201020","0201019","0201019","0201025","0201025"]	["0201021","0201020","0201025","0201025","0201025","0201025"]	["0201022","0201022","0201021","0201026","0201025","0201025"]	["0201023","0201023","0201022","0201027","0201027","0201025"]	[]	0		vdraw	A	30	2	5
0105012	9005012	[1,1,1,1.8,1.8,1,1,1]	[1,1,1,3.5,3.5,1,1,1]	[1,1,1,5.5,5.5,1,1,1]	[1,1,1,7.5,7.5,1,1,1]	[1,1,1,10,10,1,1,1]	160000	{"1":600000,"2":1600,"3":4000,"4":2000}	9105012	0	0601015	UI_CH00S012	CH00S012	1	[0,0,0,25,17,0,0,0]	0	[1,1,1,1,1,1]	[2,2,1,1,1,1]	[3,2,1,1,1,1]	[4,4,3,2,1,1]	[5,5,4,3,3,1]	[6,6,5,3,2,1]	["0201019","0201019","0201019","0201019","0201019","0201019"]	["0201020","0201020","0201025","0201025","0201025","0201025"]	["0201021","0201020","0201025","0201025","0201025","0201025"]	["0201022","0201022","0201027","0201026","0201061","0201061"]	["0201023","0201023","0201028","0201063","0201063","0201061"]	[]	0		none	A	30	2	5
0105013	9005013	[1,1,1,1.5,1.5,1,1,1]	[1,1,1,3,3,1,1,1]	[1,1,1,5,5,1,1,1]	[1,1,1,7.5,7.5,1,1,1]	[1,1,1,10,10,1,1,1]	7500	{"1":75000,"2":100,"3":1000,"4":500}	9105013	0		UI_CH00S013	CH00S013	1	[0,0,0,25,20,0,0,0]	0	[1,1,1,1,1,1]	[2,2,1,1,1,1]	[3,2,1,1,1,1]	[4,4,3,2,1,1]	[5,5,4,3,3,1]	[6,6,5,3,2,1]	["0201019","0201019","0201019","0201019","0201025","0201025"]	["0201020","0201020","0201019","0201019","0201025","0201025"]	["0201021","0201020","0201025","0201025","0201025","0201025"]	[]	[]	[]	0		none	C	10	1	0
0105014	9005014	[1,1,1,1.8,1.8,1,1,1]	[1,1,1,3.5,3.5,1,1,1]	[1,1,1,5.5,5.5,1,1,1]	[1,1,1,7.5,7.5,1,1,1]	[1,1,1,10,10,1,1,1]	160000	{"1":600000,"2":1600,"3":4000,"4":2000}	9105014	0		UI_CH00S014	CH00S014	1	[0,0,0,39,26,0,0,0]	0	[1,1,1,1,1,1]	[2,2,1,1,1,1]	[3,2,1,1,1,1]	[4,4,3,2,1,1]	[5,5,4,3,3,1]	[6,6,5,3,2,1]	["0201019","0201019","0201019","0201019","0201019","0201019"]	["0201020","0201020","0201025","0201025","0201025","0201025"]	["0201021","0201020","0201025","0201025","0201025","0201025"]	["0201022","0201022","0201027","0201026","0201031","0201031"]	[]	[]	0		none	B	20	1	3
0105015	9005015	[1,1,1,1.5,1.5,1,1,1]	[1,1,1,3,3,1,1,1]	[1,1,1,5,5,1,1,1]	[1,1,1,7.5,7.5,1,1,1]	[1,1,1,10,10,1,1,1]	7500	{"1":75000,"2":100,"3":1000,"4":500}	9105015	0		UI_CH00S015	CH00S015	1	[0,0,0,57,40,0,0,0]	0	[1,1,1,1,1,1]	[2,2,1,1,1,1]	[3,2,1,1,1,1]	[4,4,3,2,1,1]	[5,5,4,3,3,1]	[6,6,5,3,2,1]	["0201019","0201019","0201019","0201019","0201025","0201025"]	["0201020","0201020","0201019","0201019","0201025","0201025"]	["0201021","0201020","0201025","0201025","0201025","0201025"]	[]	[]	[]	0		none	C	10	1	0
0105016	9005016	[1,1,1,1.8,1.8,1,1,1]	[1,1,1,3.5,3.5,1,1,1]	[1,1,1,5.5,5.5,1,1,1]	[1,1,1,7.5,7.5,1,1,1]	[1,1,1,10,10,1,1,1]	160000	{"1":600000,"2":1600,"3":4000,"4":2000}	9105016	0		UI_CH00S016	CH00S016	1	[0,0,0,62,20,0,0,0]	0	[1,1,1,1,1,1]	[2,2,1,1,1,1]	[3,2,1,1,1,1]	[4,4,3,2,1,1]	[5,5,4,3,3,1]	[6,6,5,3,2,1]	["0201019","0201019","0201019","0201019","0201025","0201025"]	["0201020","0201020","0201019","0201019","0201025","0201025"]	["0201021","0201020","0201025","0201025","0201025","0201025"]	["0201022","0201022","0201021","0201026","0201025","0201025"]	["0201023","0201023","0201028","0201063","0201063","0201061"]	[]	0		vdraw	A	30	2	5
0105017	9005017	[1,1,1,1.8,1.8,1,1,1]	[1,1,1,3.5,3.5,1,1,1]	[1,1,1,5.5,5.5,1,1,1]	[1,1,1,7.5,7.5,1,1,1]	[1,1,1,10,10,1,1,1]	160000	{"1":600000,"2":1600,"3":4000,"4":2000}	9105017	0		UI_CH00S017	CH00S017	1	[0,0,0,33,21,0,0,0]	0	[1,1,1,1,1,1]	[2,2,1,1,1,1]	[3,2,1,1,1,1]	[4,4,3,2,1,1]	[5,5,4,3,3,1]	[6,6,5,3,2,1]	["0201019","0201019","0201019","0201019","0201025","0201025"]	["0201020","0201020","0201019","0201019","0201025","0201025"]	["0201021","0201020","0201025","0201025","0201025","0201025"]	["0201022","0201022","0201021","0201026","0201025","0201025"]	[]	[]	0		none	B	20	1	3
0105018	9005018	[1,1,1,1.5,1.5,1,1,1]	[1,1,1,3,3,1,1,1]	[1,1,1,5,5,1,1,1]	[1,1,1,7.5,7.5,1,1,1]	[1,1,1,10,10,1,1,1]	7500	{"1":75000,"2":100,"3":1000,"4":500}	9105018	0		UI_CH00S018	CH00S018	1	[0,0,0,35,20,0,0,0]	0	[1,1,1,1,1,1]	[2,2,1,1,1,1]	[3,2,1,1,1,1]	[4,4,3,2,1,1]	[5,5,4,3,3,1]	[6,6,5,3,2,1]	["0201019","0201019","0201019","0201019","0201025","0201025"]	["0201020","0201020","0201019","0201019","0201025","0201025"]	["0201021","0201020","0201025","0201025","0201025","0201025"]	[]	[]	[]	0		none	C	10	1	0
0105019	9005019	[1,1,1,2,2,1,1,1]	[1,1,1,4,4,1,1,1]	[1,1,1,8,8,1,1,1]	[1,1,1,12,12,1,1,1]	[1,1,1,15,15,1,1,1]	240000	{"1":1200000,"2":3600,"3":6000,"4":3000}	9105019	0	0601016	UI_CH00S019	CH00S019	1	[0,0,0,43,23,0,0,0]	0	[1,1,1,1,1,1]	[2,2,1,1,1,1]	[3,2,1,1,1,1]	[4,4,3,2,1,1]	[5,5,4,3,3,1]	[6,6,5,3,2,1]	["0201019","0201019","0201019","0201019","0201019","0201019"]	["0201020","0201020","0201025","0201025","0201025","0201025"]	["0201021","0201020","0201025","0201025","0201025","0201025"]	["0201022","0201022","0201027","0201026","0201061","0201061"]	["0201023","0201023","0201028","0201063","0201063","0201061"]	["0201024","0201024","0201023","0201027","0201026","0201025"]	0		drop	S	40	2	10
0105051	9005020	[1,1,1,2,2,1,1,1]	[1,1,1,4,4,1,1,1]	[1,1,1,8,8,1,1,1]	[1,1,1,12,12,1,1,1]	[1,1,1,15,15,1,1,1]	240000	{"1":1200000,"2":3600,"3":6000,"4":3000}	9105020	0	0601001	UI_CH00S051	CH00S051	1	[0,0,0,53,31,0,0,0]	0	[1,1,1,1,1,1]	[2,2,1,1,1,1]	[3,2,1,1,1,1]	[4,4,3,2,1,1]	[5,5,4,3,3,1]	[6,6,5,3,2,1]	["0201019","0201019","0201019","0201019","0201025","0201025"]	["0201020","0201020","0201019","0201019","0201025","0201025"]	["0201021","0201020","0201025","0201025","0201025","0201025"]	["0201022","0201022","0201021","0201026","0201025","0201025"]	["0201023","0201023","0201022","0201027","0201027","0201025"]	["0201024","0201024","0201023","0201027","0201026","0201025"]	0		none	S	40	2	10
0105052	9005021	[1,1,1,1.8,1.8,1,1,1]	[1,1,1,3.5,3.5,1,1,1]	[1,1,1,5.5,5.5,1,1,1]	[1,1,1,7.5,7.5,1,1,1]	[1,1,1,10,10,1,1,1]	160000	{"1":600000,"2":1600,"3":4000,"4":2000}	9105021	0	0601002	UI_CH00S052	CH00S052	1	[0,0,0,48,32,0,0,0]	0	[1,1,1,1,1,1]	[2,2,1,1,1,1]	[3,2,1,1,1,1]	[4,4,3,2,1,1]	[5,5,4,3,3,1]	[6,6,5,3,2,1]	["0201019","0201019","0201019","0201019","0201025","0201025"]	["0201020","0201020","0201019","0201019","0201025","0201025"]	["0201021","0201020","0201025","0201025","0201025","0201025"]	["0201022","0201022","0201021","0201026","0201025","0201025"]	["0201023","0201023","0201022","0201027","0201027","0201025"]	[]	0		gdraw	A	30	2	5
0105053	9005022	[1,1,1,1.8,1.8,1,1,1]	[1,1,1,3.5,3.5,1,1,1]	[1,1,1,5.5,5.5,1,1,1]	[1,1,1,7.5,7.5,1,1,1]	[1,1,1,10,10,1,1,1]	160000	{"1":600000,"2":1600,"3":4000,"4":2000}	9105022	0	0601003	UI_CH00S053	CH00S053	1	[0,0,0,50,30,0,0,0]	0	[1,1,1,1,1,1]	[2,2,1,1,1,1]	[3,2,1,1,1,1]	[4,4,3,2,1,1]	[5,5,4,3,3,1]	[6,6,5,3,2,1]	["0201019","0201019","0201019","0201019","0201025","0201025"]	["0201020","0201020","0201019","0201019","0201025","0201025"]	["0201021","0201020","0201025","0201025","0201025","0201025"]	["0201022","0201022","0201021","0201026","0201025","0201025"]	["0201023","0201023","0201022","0201027","0201027","0201025"]	[]	0		none	A	30	2	5
0105054	9005023	[1,1,1,1.8,1.8,1,1,1]	[1,1,1,3.5,3.5,1,1,1]	[1,1,1,5.5,5.5,1,1,1]	[1,1,1,7.5,7.5,1,1,1]	[1,1,1,10,10,1,1,1]	160000	{"1":600000,"2":1600,"3":4000,"4":2000}	9105023	0	0601004	UI_CH00S054	CH00S054	1	[0,0,0,50,20,0,0,0]	0	[1,1,1,1,1,1]	[2,2,1,1,1,1]	[3,2,1,1,1,1]	[4,4,3,2,1,1]	[5,5,4,3,3,1]	[6,6,5,3,2,1]	["0201019","0201019","0201019","0201019","0201025","0201025"]	["0201020","0201020","0201019","0201019","0201025","0201025"]	["0201021","0201020","0201025","0201025","0201025","0201025"]	["0201022","0201022","0201021","0201026","0201025","0201025"]	["0201023","0201023","0201022","0201027","0201027","0201025"]	[]	0		drop	A	30	2	5
0105055	9005024	[1,1,1,1.8,1.8,1,1,1]	[1,1,1,3.5,3.5,1,1,1]	[1,1,1,5.5,5.5,1,1,1]	[1,1,1,7.5,7.5,1,1,1]	[1,1,1,10,10,1,1,1]	160000	{"1":600000,"2":1600,"3":4000,"4":2000}	9105024	0	0601005	UI_CH00S055	CH00S055	1	[0,0,0,22,20,0,0,0]	0	[1,1,1,1,1,1]	[2,2,1,1,1,1]	[3,2,1,1,1,1]	[4,4,3,2,1,1]	[5,5,4,3,3,1]	[6,6,5,3,2,1]	["0201019","0201019","0201019","0201019","0201025","0201025"]	["0201020","0201020","0201019","0201019","0201025","0201025"]	["0201021","0201020","0201025","0201025","0201025","0201025"]	["0201022","0201022","0201021","0201026","0201025","0201025"]	[]	[]	0		drop	B	20	1	3
0105056	9005025	[1,1,1,2,2,1,1,1]	[1,1,1,4,4,1,1,1]	[1,1,1,8,8,1,1,1]	[1,1,1,12,12,1,1,1]	[1,1,1,15,15,1,1,1]	240000	{"1":1200000,"2":3600,"3":6000,"4":3000}	9105025	0	0601006	UI_CH00S056	CH00S056	1	[0,0,0,35,32,0,0,0]	0	[1,1,1,1,1,1]	[2,2,1,1,1,1]	[3,2,1,1,1,1]	[4,4,3,2,1,1]	[5,5,4,3,3,1]	[6,6,5,3,2,1]	["0201019","0201019","0201019","0201019","0201025","0201025"]	["0201020","0201020","0201019","0201019","0201025","0201025"]	["0201021","0201020","0201025","0201025","0201025","0201025"]	["0201022","0201022","0201021","0201026","0201025","0201025"]	["0201023","0201023","0201022","0201027","0201027","0201025"]	["0201024","0201024","0201023","0201027","0201026","0201025"]	0		vdraw	S	40	2	10
0105057	9005026	[1,1,1,1.8,1.8,1,1,1]	[1,1,1,3.5,3.5,1,1,1]	[1,1,1,5.5,5.5,1,1,1]	[1,1,1,7.5,7.5,1,1,1]	[1,1,1,10,10,1,1,1]	160000	{"1":600000,"2":1600,"3":4000,"4":2000}	9105026	0	0601007	UI_CH00S057	CH00S057	1	[0,0,0,55,29,0,0,0]	0	[1,1,1,1,1,1]	[2,2,1,1,1,1]	[3,2,1,1,1,1]	[4,4,3,2,1,1]	[5,5,4,3,3,1]	[6,6,5,3,2,1]	["0201019","0201019","0201019","0201019","0201025","0201025"]	["0201020","0201020","0201019","0201019","0201025","0201025"]	["0201021","0201020","0201025","0201025","0201025","0201025"]	["0201022","0201022","0201021","0201026","0201025","0201025"]	["0201023","0201023","0201022","0201027","0201027","0201025"]	[]	0		vdraw	A	30	2	5
0105058	9005027	[1,1,1,1.8,1.8,1,1,1]	[1,1,1,3.5,3.5,1,1,1]	[1,1,1,5.5,5.5,1,1,1]	[1,1,1,7.5,7.5,1,1,1]	[1,1,1,10,10,1,1,1]	160000	{"1":600000,"2":1600,"3":4000,"4":2000}	9105027	0	0601008	UI_CH00S058	CH00S058	1	[0,0,0,51,29,0,0,0]	0	[1,1,1,1,1,1]	[2,2,1,1,1,1]	[3,2,1,1,1,1]	[4,4,3,2,1,1]	[5,5,4,3,3,1]	[6,6,5,3,2,1]	["0201019","0201019","0201019","0201019","0201025","0201025"]	["0201020","0201020","0201019","0201019","0201025","0201025"]	["0201021","0201020","0201025","0201025","0201025","0201025"]	["0201022","0201022","0201021","0201026","0201025","0201025"]	["0201023","0201023","0201022","0201027","0201027","0201025"]	[]	0		drop	A	30	2	5
0105059	9005028	[1,1,1,2,2,1,1,1]	[1,1,1,4,4,1,1,1]	[1,1,1,8,8,1,1,1]	[1,1,1,12,12,1,1,1]	[1,1,1,15,15,1,1,1]	240000	{"1":1200000,"2":3600,"3":6000,"4":3000}	9105028	0	0601009	UI_CH00S059	CH00S059	1	[0,0,0,50,28,0,0,0]	0	[1,1,1,1,1,1]	[2,2,1,1,1,1]	[3,2,1,1,1,1]	[4,4,3,2,1,1]	[5,5,4,3,3,1]	[6,6,5,3,2,1]	["0201019","0201019","0201019","0201019","0201025","0201025"]	["0201020","0201020","0201019","0201019","0201025","0201025"]	["0201021","0201020","0201025","0201025","0201025","0201025"]	["0201022","0201022","0201021","0201026","0201025","0201025"]	["0201023","0201023","0201022","0201027","0201027","0201025"]	["0201024","0201024","0201023","0201027","0201026","0201025"]	0		none	S	40	2	10
0105060	9005029	[1,1,1,1.8,1.8,1,1,1]	[1,1,1,3.5,3.5,1,1,1]	[1,1,1,5.5,5.5,1,1,1]	[1,1,1,7.5,7.5,1,1,1]	[1,1,1,10,10,1,1,1]	160000	{"1":600000,"2":1600,"3":4000,"4":2000}	9105029	0	0601010	UI_CH00S060	CH00S060	1	[0,0,0,50,16,0,0,0]	0	[1,1,1,1,1,1]	[2,2,1,1,1,1]	[3,2,1,1,1,1]	[4,4,3,2,1,1]	[5,5,4,3,3,1]	[6,6,5,3,2,1]	["0201019","0201019","0201019","0201019","0201025","0201025"]	["0201020","0201020","0201019","0201019","0201025","0201025"]	["0201021","0201020","0201025","0201025","0201025","0201025"]	["0201022","0201022","0201021","0201026","0201025","0201025"]	["0201023","0201023","0201022","0201027","0201027","0201025"]	[]	0		drop	A	30	2	5
0105061	9005030	[1,1,1,2,2,1,1,1]	[1,1,1,4,4,1,1,1]	[1,1,1,8,8,1,1,1]	[1,1,1,12,12,1,1,1]	[1,1,1,15,15,1,1,1]	240000	{"1":1200000,"2":3600,"3":6000,"4":3000}	9105030	0	0601011	UI_CH00S061	CH00S061	1	[0,0,0,36,30,0,0,0]	0	[1,1,1,1,1,1]	[2,2,1,1,1,1]	[3,2,1,1,1,1]	[4,4,3,2,1,1]	[5,5,4,3,3,1]	[6,6,5,3,2,1]	["0201019","0201019","0201019","0201019","0201025","0201025"]	["0201020","0201020","0201019","0201019","0201025","0201025"]	["0201021","0201020","0201025","0201025","0201025","0201025"]	["0201022","0201022","0201021","0201026","0201025","0201025"]	["0201023","0201023","0201022","0201027","0201027","0201025"]	["0201024","0201024","0201023","0201027","0201026","0201025"]	0		none	S	40	2	10
0105062	9005031	[1,1,1,2,2,1,1,1]	[1,1,1,4,4,1,1,1]	[1,1,1,8,8,1,1,1]	[1,1,1,12,12,1,1,1]	[1,1,1,15,15,1,1,1]	240000	{"1":1200000,"2":3600,"3":6000,"4":3000}	9105031	0	0601012	UI_CH00S062	CH00S062	1	[0,0,0,37,33,0,0,0]	0	[1,1,1,1,1,1]	[2,2,1,1,1,1]	[3,2,1,1,1,1]	[4,4,3,2,1,1]	[5,5,4,3,3,1]	[6,6,5,3,2,1]	["0201019","0201019","0201019","0201019","0201025","0201025"]	["0201020","0201020","0201019","0201019","0201025","0201025"]	["0201021","0201020","0201025","0201025","0201025","0201025"]	["0201022","0201022","0201021","0201026","0201025","0201025"]	["0201023","0201023","0201022","0201027","0201027","0201025"]	["0201024","0201024","0201023","0201027","0201026","0201025"]	0		eshop	S	40	2	10
0105063	9005032	[1,1,1,2,2,1,1,1]	[1,1,1,4,4,1,1,1]	[1,1,1,8,8,1,1,1]	[1,1,1,12,12,1,1,1]	[1,1,1,15,15,1,1,1]	240000	{"1":1200000,"2":3600,"3":6000,"4":3000}	9105032	0		UI_CH00S063	CH00S063	1	[0,0,0,40,20,0,0,0]	0	[1,1,1,1,1,1]	[2,2,1,1,1,1]	[3,2,1,1,1,1]	[4,4,3,2,1,1]	[5,5,4,3,3,1]	[6,6,5,3,2,1]	["0201019","0201019","0201019","0201019","0201025","0201025"]	["0201020","0201020","0201019","0201019","0201025","0201025"]	["0201021","0201020","0201025","0201025","0201025","0201025"]	["0201022","0201022","0201021","0201026","0201025","0201025"]	["0201023","0201023","0201022","0201027","0201027","0201025"]	["0201024","0201024","0201023","0201027","0201026","0201025"]	0		none	S	40	2	10
0105064	9005033	[1,1,1,1.8,1.8,1,1,1]	[1,1,1,3.5,3.5,1,1,1]	[1,1,1,5.5,5.5,1,1,1]	[1,1,1,7.5,7.5,1,1,1]	[1,1,1,10,10,1,1,1]	160000	{"1":600000,"2":1600,"3":4000,"4":2000}	9105033	0	0601047	UI_CH00S064	CH00S064	1	[0,0,0,55,31,0,0,0]	0	[1,1,1,1,1,1]	[2,2,1,1,1,1]	[3,2,1,1,1,1]	[4,4,3,2,1,1]	[5,5,4,3,3,1]	[6,6,5,3,2,1]	["0201019","0201019","0201019","0201019","0201025","0201025"]	["0201020","0201020","0201019","0201019","0201025","0201025"]	["0201021","0201020","0201025","0201025","0201025","0201025"]	["0201022","0201022","0201021","0201026","0201025","0201025"]	["0201023","0201023","0201022","0201027","0201027","0201025"]	[]	0		none	A	30	2	5
0105065	9005034	[1,1,1,2,2,1,1,1]	[1,1,1,4,4,1,1,1]	[1,1,1,8,8,1,1,1]	[1,1,1,12,12,1,1,1]	[1,1,1,15,15,1,1,1]	240000	{"1":1200000,"2":3600,"3":6000,"4":3000}	9105034	0		UI_CH00S065	CH00S065	1	[0,0,0,58,22,0,0,0]	0	[1,1,1,1,1,1]	[2,2,1,1,1,1]	[3,2,1,1,1,1]	[4,4,3,2,1,1]	[5,5,4,3,3,1]	[6,6,5,3,2,1]	["0201019","0201019","0201019","0201019","0201025","0201025"]	["0201020","0201020","0201019","0201019","0201025","0201025"]	["0201021","0201020","0201025","0201025","0201025","0201025"]	["0201022","0201022","0201021","0201026","0201025","0201025"]	["0201023","0201023","0201022","0201027","0201027","0201025"]	["0201024","0201024","0201023","0201027","0201026","0201025"]	0		none	S	40	2	10
0105101	9005035	[1,1,1,1.8,1.8,1,1,1]	[1,1,1,3.5,3.5,1,1,1]	[1,1,1,5.5,5.5,1,1,1]	[1,1,1,7.5,7.5,1,1,1]	[1,1,1,10,10,1,1,1]	160000	{"1":600000,"2":1600,"3":4000,"4":2000}	9105035	0	0601019	UI_CH00S101	CH00S101	1	[0,0,0,25,18,0,0,0]	0	[1,1,1,1,1,1]	[2,2,1,1,1,1]	[3,2,1,1,1,1]	[4,4,3,2,1,1]	[5,5,4,3,3,1]	[6,6,5,3,2,1]	["0201019","0201019","0201019","0201019","0201025","0201025"]	["0201020","0201020","0201019","0201019","0201025","0201025"]	["0201021","0201020","0201025","0201025","0201025","0201025"]	["0201022","0201022","0201021","0201026","0201025","0201025"]	[]	[]	0		none	B	20	1	3
0105102	9005036	[1,1,1,1.8,1.8,1,1,1]	[1,1,1,3.5,3.5,1,1,1]	[1,1,1,5.5,5.5,1,1,1]	[1,1,1,7.5,7.5,1,1,1]	[1,1,1,10,10,1,1,1]	160000	{"1":600000,"2":1600,"3":4000,"4":2000}	9105036	0	0601014	UI_CH00S102	CH00S102	1	[0,0,0,33,18,0,0,0]	0	[1,1,1,1,1,1]	[2,2,1,1,1,1]	[3,2,1,1,1,1]	[4,4,3,2,1,1]	[5,5,4,3,3,1]	[6,6,5,3,2,1]	["0201019","0201019","0201019","0201019","0201019","0201019"]	["0201020","0201020","0201025","0201025","0201025","0201025"]	["0201021","0201020","0201025","0201025","0201025","0201025"]	["0201022","0201022","0201027","0201026","0201061","0201061"]	["0201023","0201023","0201028","0201063","0201063","0201061"]	[]	0		none	A	30	2	5
0105103	9005037	[1,1,1,1.8,1.8,1,1,1]	[1,1,1,3.5,3.5,1,1,1]	[1,1,1,5.5,5.5,1,1,1]	[1,1,1,7.5,7.5,1,1,1]	[1,1,1,10,10,1,1,1]	160000	{"1":600000,"2":1600,"3":4000,"4":2000}	9105037	0		UI_CH00S103	CH00S103	1	[0,0,0,44,21,0,0,0]	0	[1,1,1,1,1,1]	[2,2,1,1,1,1]	[3,2,1,1,1,1]	[4,4,3,2,1,1]	[5,5,4,3,3,1]	[6,6,5,3,2,1]	["0201019","0201019","0201019","0201019","0201019","0201019"]	["0201020","0201020","0201025","0201025","0201025","0201025"]	["0201021","0201020","0201025","0201025","0201025","0201025"]	["0201022","0201022","0201027","0201026","0201061","0201061"]	[]	[]	0		none	B	20	1	3
0105104	9005038	[1,1,1,1.8,1.8,1,1,1]	[1,1,1,3.5,3.5,1,1,1]	[1,1,1,5.5,5.5,1,1,1]	[1,1,1,7.5,7.5,1,1,1]	[1,1,1,10,10,1,1,1]	160000	{"1":600000,"2":1600,"3":4000,"4":2000}	9105038	0	0601018	UI_CH00S104	CH00S104	1	[0,0,0,54,30,0,0,0]	0	[1,1,1,1,1,1]	[2,2,1,1,1,1]	[3,2,1,1,1,1]	[4,4,3,2,1,1]	[5,5,4,3,3,1]	[6,6,5,3,2,1]	["0201019","0201019","0201019","0201019","0201019","0201019"]	["0201020","0201020","0201025","0201025","0201025","0201025"]	["0201021","0201020","0201025","0201025","0201025","0201025"]	["0201022","0201022","0201027","0201026","0201037","0201037"]	[]	[]	0		none	B	20	1	3
0105105	9005039	[1,1,1,1.8,1.8,1,1,1]	[1,1,1,3.5,3.5,1,1,1]	[1,1,1,5.5,5.5,1,1,1]	[1,1,1,7.5,7.5,1,1,1]	[1,1,1,10,10,1,1,1]	160000	{"1":600000,"2":1600,"3":4000,"4":2000}	9105039	0	0601017	UI_CH00S105	CH00S105	1	[0,0,0,52,28,0,0,0]	0	[1,1,1,1,1,1]	[2,2,1,1,1,1]	[3,2,1,1,1,1]	[4,4,3,2,1,1]	[5,5,4,3,3,1]	[6,6,5,3,2,1]	["0201019","0201019","0201019","0201019","0201019","0201019"]	["0201020","0201020","0201025","0201025","0201025","0201025"]	["0201021","0201020","0201025","0201025","0201025","0201025"]	["0201022","0201022","0201027","0201026","0201043","0201043"]	[]	[]	0		none	B	20	1	3
0105106	9005040	[1,1,1,1.8,1.8,1,1,1]	[1,1,1,3.5,3.5,1,1,1]	[1,1,1,5.5,5.5,1,1,1]	[1,1,1,7.5,7.5,1,1,1]	[1,1,1,10,10,1,1,1]	160000	{"1":600000,"2":1600,"3":4000,"4":2000}	9105040	0		UI_CH00S106	CH00S106	1	[0,0,0,44,28,0,0,0]	0	[1,1,1,1,1,1]	[2,2,1,1,1,1]	[3,2,1,1,1,1]	[4,4,3,2,1,1]	[5,5,4,3,3,1]	[6,6,5,3,2,1]	["0201019","0201019","0201019","0201019","0201025","0201025"]	["0201020","0201020","0201019","0201019","0201025","0201025"]	["0201021","0201020","0201025","0201025","0201025","0201025"]	["0201022","0201022","0201021","0201026","0201025","0201025"]	[]	[]	0		none	B	20	1	3
0105107	9005041	[1,1,1,1.8,1.8,1,1,1]	[1,1,1,3.5,3.5,1,1,1]	[1,1,1,5.5,5.5,1,1,1]	[1,1,1,7.5,7.5,1,1,1]	[1,1,1,10,10,1,1,1]	160000	{"1":600000,"2":1600,"3":4000,"4":2000}	9105041	0		UI_CH00S107	CH00S107	1	[0,0,0,47,35,0,0,8]	0	[1,1,1,1,1,1]	[2,2,1,1,1,1]	[3,2,1,1,1,1]	[4,4,3,2,1,1]	[5,5,4,3,3,1]	[6,6,5,3,2,1]	["0201019","0201019","0201019","0201019","0201025","0201025"]	["0201020","0201020","0201019","0201019","0201025","0201025"]	["0201021","0201020","0201025","0201025","0201025","0201025"]	["0201022","0201022","0201021","0201026","0201025","0201025"]	["0201023","0201023","0201034","0201033","0201033","0201019"]	[]	0		none	A	30	2	5
0105501	9005042	[1,1,1,1.5,1.5,1,1,1]	[1,1,1,3,3,1,1,1]	[1,1,1,5,5,1,1,1]	[1,1,1,7.5,7.5,1,1,1]	[1,1,1,10,10,1,1,1]	7500	{"1":75000,"2":100,"3":1000,"4":500}	9105042	0		UI_CH00S501	CH00S501	1	[0,0,0,34,30,0,0,0]	0	[1,1,1,1,1,1]	[2,2,1,1,1,1]	[3,2,1,1,1,1]	[4,4,3,2,1,1]	[5,5,4,3,3,1]	[6,6,5,3,2,1]	["0201019","0201019","0201019","0201019","0201025","0201025"]	["0201020","0201020","0201019","0201019","0201025","0201025"]	["0201021","0201020","0201025","0201025","0201025","0201025"]	[]	[]	[]	0		none	C	10	1	0
0105502	9005043	[1,1,1,1.5,1.5,1,1,1]	[1,1,1,3,3,1,1,1]	[1,1,1,5,5,1,1,1]	[1,1,1,7.5,7.5,1,1,1]	[1,1,1,10,10,1,1,1]	7500	{"1":75000,"2":100,"3":1000,"4":500}	9105043	0		UI_CH00S502	CH00S502	1	[0,0,0,35,25,0,0,0]	0	[1,1,1,1,1,1]	[2,2,1,1,1,1]	[3,2,1,1,1,1]	[4,4,3,2,1,1]	[5,5,4,3,3,1]	[6,6,5,3,2,1]	["0201019","0201019","0201019","0201019","0201025","0201025"]	["0201020","0201020","0201019","0201019","0201025","0201025"]	["0201021","0201020","0201025","0201025","0201025","0201025"]	[]	[]	[]	0	    	none	C	10	1	0
0105503	9005044	[1,1,1,1.8,1.8,1,1,1]	[1,1,1,3.5,3.5,1,1,1]	[1,1,1,5.5,5.5,1,1,1]	[1,1,1,7.5,7.5,1,1,1]	[1,1,1,10,10,1,1,1]	160000	{"1":600000,"2":1600,"3":4000,"4":2000}	9105044	0	0601021	UI_CH00S503	CH00S503	1	[0,0,0,42,15,0,0,0]	0	[1,1,1,1,1,1]	[2,2,1,1,1,1]	[3,2,1,1,1,1]	[4,4,3,2,1,1]	[5,5,4,3,3,1]	[6,6,5,3,2,1]	["0201019","0201019","0201019","0201019","0201025","0201025"]	["0201020","0201020","0201019","0201019","0201025","0201025"]	["0201021","0201020","0201025","0201025","0201025","0201025"]	["0201022","0201022","0201021","0201026","0201025","0201025"]	[]	[]	0		none	B	20	1	3
0105504	9005045	[1,1,1,1.8,1.8,1,1,1]	[1,1,1,3.5,3.5,1,1,1]	[1,1,1,5.5,5.5,1,1,1]	[1,1,1,7.5,7.5,1,1,1]	[1,1,1,10,10,1,1,1]	160000	{"1":600000,"2":1600,"3":4000,"4":2000}	9105045	0		UI_CH00S504	CH00S504	1	[0,0,0,45,18,0,0,0]	0	[1,1,1,1,1,1]	[2,2,1,1,1,1]	[3,2,1,1,1,1]	[4,4,3,2,1,1]	[5,5,4,3,3,1]	[6,6,5,3,2,1]	["0201019","0201019","0201019","0201019","0201025","0201025"]	["0201020","0201020","0201019","0201019","0201025","0201025"]	["0201021","0201020","0201025","0201025","0201025","0201025"]	["0201022","0201022","0201021","0201026","0201025","0201025"]	[]	[]	0		none	B	20	1	3
0105505	9005046	[1,1,1,1.8,1.8,1,1,1]	[1,1,1,3.5,3.5,1,1,1]	[1,1,1,5.5,5.5,1,1,1]	[1,1,1,7.5,7.5,1,1,1]	[1,1,1,10,10,1,1,1]	160000	{"1":600000,"2":1600,"3":4000,"4":2000}	9105046	0		UI_CH00S505	CH00S505	1	[0,0,0,66,15,0,0,0]	0	[1,1,1,1,1,1]	[2,2,1,1,1,1]	[3,2,1,1,1,1]	[4,4,3,2,1,1]	[5,5,4,3,3,1]	[6,6,5,3,2,1]	["0201019","0201019","0201019","0201019","0201025","0201025"]	["0201020","0201020","0201019","0201019","0201025","0201025"]	["0201021","0201020","0201025","0201025","0201025","0201025"]	["0201022","0201022","0201021","0201026","0201025","0201025"]	[]	[]	0		none	B	20	1	3
0105506	9005047	[1,1,1,1.8,1.8,1,1,1]	[1,1,1,3.5,3.5,1,1,1]	[1,1,1,5.5,5.5,1,1,1]	[1,1,1,7.5,7.5,1,1,1]	[1,1,1,10,10,1,1,1]	160000	{"1":600000,"2":1600,"3":4000,"4":2000}	9105047	0		UI_CH00S506	CH00S506	1	[0,0,0,70,20,0,0,0]	0	[1,1,1,1,1,1]	[2,2,1,1,1,1]	[3,2,1,1,1,1]	[4,4,3,2,1,1]	[5,5,4,3,3,1]	[6,6,5,3,2,1]	["0201019","0201019","0201019","0201019","0201025","0201025"]	["0201020","0201020","0201019","0201019","0201025","0201025"]	["0201021","0201020","0201025","0201025","0201025","0201025"]	["0201022","0201022","0201021","0201026","0201025","0201025"]	[]	[]	0		none	B	20	1	3
0105507	9005048	[1,1,1,1.5,1.5,1,1,1]	[1,1,1,3,3,1,1,1]	[1,1,1,5,5,1,1,1]	[1,1,1,7.5,7.5,1,1,1]	[1,1,1,10,10,1,1,1]	7500	{"1":75000,"2":100,"3":1000,"4":500}	9105048	0		UI_CH00S507	CH00S507	1	[0,0,0,37,23,0,0,0]	0	[1,1,1,1,1,1]	[2,2,1,1,1,1]	[3,2,1,1,1,1]	[4,4,3,2,1,1]	[5,5,4,3,3,1]	[6,6,5,3,2,1]	["0201019","0201019","0201019","0201019","0201025","0201025"]	["0201020","0201020","0201019","0201019","0201025","0201025"]	["0201021","0201020","0201025","0201025","0201025","0201025"]	[]	[]	[]	0		none	C	10	1	0
0105508	9005049	[1,1,1,1.5,1.5,1,1,1]	[1,1,1,3,3,1,1,1]	[1,1,1,5,5,1,1,1]	[1,1,1,7.5,7.5,1,1,1]	[1,1,1,10,10,1,1,1]	7500	{"1":75000,"2":100,"3":1000,"4":500}	9105049	0		UI_CH00S508	CH00S508	1	[0,0,0,32,28,0,0,0]	0	[1,1,1,1,1,1]	[2,2,1,1,1,1]	[3,2,1,1,1,1]	[4,4,3,2,1,1]	[5,5,4,3,3,1]	[6,6,5,3,2,1]	["0201019","0201019","0201019","0201019","0201025","0201025"]	["0201020","0201020","0201019","0201019","0201025","0201025"]	["0201021","0201020","0201025","0201025","0201025","0201025"]	[]	[]	[]	0		none	C	10	1	0
0105509	9005050	[1,1,1,1.8,1.8,1,1,1]	[1,1,1,3.5,3.5,1,1,1]	[1,1,1,5.5,5.5,1,1,1]	[1,1,1,7.5,7.5,1,1,1]	[1,1,1,10,10,1,1,1]	160000	{"1":600000,"2":1600,"3":4000,"4":2000}	9105050	0	0601020	UI_CH00S509	CH00S509	1	[0,0,0,50,20,0,0,0]	0	[1,1,1,1,1,1]	[2,2,1,1,1,1]	[3,2,1,1,1,1]	[4,4,3,2,1,1]	[5,5,4,3,3,1]	[6,6,5,3,2,1]	["0201019","0201019","0201019","0201019","0201025","0201025"]	["0201020","0201020","0201019","0201019","0201025","0201025"]	["0201021","0201020","0201025","0201025","0201025","0201025"]	["0201022","0201022","0201021","0201026","0201025","0201025"]	[]	[]	0		none	B	20	1	3
0105066	9005051	[1,1,1,2,2,1,1,1]	[1,1,1,4,4,1,1,1]	[1,1,1,8,8,1,1,1]	[1,1,1,12,12,1,1,1]	[1,1,1,15,15,1,1,1]	240000	{"1":1200000,"2":3600,"3":6000,"4":3000}	9105051	0	0601025	UI_CH00S066	CH00S066	1	[0,0,0,45,25,0,0,0]	0	[1,1,1,1,1,1]	[2,2,1,1,1,1]	[3,2,1,1,1,1]	[4,4,3,2,1,1]	[5,5,4,3,3,1]	[6,6,5,3,2,1]	["0201019","0201019","0201019","0201019","0201025","0201025"]	["0201020","0201020","0201019","0201019","0201025","0201025"]	["0201021","0201020","0201025","0201025","0201025","0201025"]	["0201022","0201022","0201021","0201026","0201025","0201025"]	["0201023","0201023","0201022","0201027","0201027","0201025"]	["0201024","0201024","0201023","0201027","0201026","0201025"]	0		vdraw	S	40	2	10
0105067	9005052	[1,1,1,2,2,1,1,1]	[1,1,1,4,4,1,1,1]	[1,1,1,8,8,1,1,1]	[1,1,1,12,12,1,1,1]	[1,1,1,15,15,1,1,1]	240000	{"1":1200000,"2":3600,"3":6000,"4":3000}	9105052	0	0601024	UI_CH00S067	CH00S067	1	[0,0,0,60,20,0,0,0]	0	[1,1,1,1,1,1]	[2,2,1,1,1,1]	[3,2,1,1,1,1]	[4,4,3,2,1,1]	[5,5,4,3,3,1]	[6,6,5,3,2,1]	["0201019","0201019","0201019","0201019","0201025","0201025"]	["0201020","0201020","0201019","0201019","0201025","0201025"]	["0201021","0201020","0201025","0201025","0201025","0201025"]	["0201022","0201022","0201021","0201026","0201025","0201025"]	["0201023","0201023","0201022","0201027","0201027","0201025"]	["0201024","0201024","0201023","0201027","0201026","0201025"]	0		none	S	40	2	10
0105068	9005053	[1,1,1,2,2,1,1,1]	[1,1,1,4,4,1,1,1]	[1,1,1,8,8,1,1,1]	[1,1,1,12,12,1,1,1]	[1,1,1,15,15,1,1,1]	240000	{"1":1200000,"2":3600,"3":6000,"4":3000}	9105053	0	0601026	UI_CH00S068	CH00S068	1	[0,0,0,50,23,0,0,0]	0	[1,1,1,1,1,1]	[2,2,1,1,1,1]	[3,2,1,1,1,1]	[4,4,3,2,1,1]	[5,5,4,3,3,1]	[6,6,5,3,2,1]	["0201019","0201019","0201019","0201019","0201025","0201025"]	["0201020","0201020","0201019","0201019","0201025","0201025"]	["0201021","0201020","0201025","0201025","0201025","0201025"]	["0201022","0201022","0201021","0201026","0201025","0201025"]	["0201023","0201023","0201022","0201027","0201027","0201025"]	["0201024","0201024","0201023","0201027","0201026","0201025"]	0		v2draw	S	40	2	10
0105069	9005054	[1,1,1,1.8,1.8,1,1,1]	[1,1,1,3.5,3.5,1,1,1]	[1,1,1,5.5,5.5,1,1,1]	[1,1,1,7.5,7.5,1,1,1]	[1,1,1,10,10,1,1,1]	160000	{"1":600000,"2":1600,"3":4000,"4":2000}	9105054	0	0601027	UI_CH00S069	CH00S069	1	[0,0,0,52,32,0,0,10]	0	[1,1,1,1,1,1]	[2,2,1,1,1,1]	[3,2,1,1,1,1]	[4,4,3,2,1,1]	[5,5,4,3,3,1]	[6,6,5,3,2,1]	["0201019","0201019","0201019","0201019","0201025","0201025"]	["0201020","0201020","0201019","0201019","0201025","0201025"]	["0201021","0201020","0201025","0201025","0201025","0201025"]	["0201022","0201022","0201021","0201026","0201025","0201025"]	["0201023","0201023","0201022","0201027","0201027","0201025"]	[]	0		none	A	30	2	5
0105070	9005055	[1,1,1,2,2,1,1,1]	[1,1,1,4,4,1,1,1]	[1,1,1,8,8,1,1,1]	[1,1,1,12,12,1,1,1]	[1,1,1,15,15,1,1,1]	240000	{"1":1200000,"2":3600,"3":6000,"4":3000}	9105055	0	0601028	UI_CH00S070	CH00S070	1	[0,0,0,44,22,0,0,0]	0	[1,1,1,1,1,1]	[2,2,1,1,1,1]	[3,2,1,1,1,1]	[4,4,3,2,1,1]	[5,5,4,3,3,1]	[6,6,5,3,2,1]	["0201019","0201019","0201019","0201019","0201025","0201025"]	["0201020","0201020","0201019","0201019","0201025","0201025"]	["0201021","0201020","0201025","0201025","0201025","0201025"]	["0201022","0201022","0201021","0201026","0201025","0201025"]	["0201023","0201023","0201022","0201027","0201027","0201025"]	["0201024","0201024","0201023","0201027","0201026","0201025"]	0		v2draw	S	40	2	10
0105071	9005056	[1,1,1,1.8,1.8,1,1,1]	[1,1,1,3.5,3.5,1,1,1]	[1,1,1,5.5,5.5,1,1,1]	[1,1,1,7.5,7.5,1,1,1]	[1,1,1,10,10,1,1,1]	160000	{"1":600000,"2":1600,"3":4000,"4":2000}	9105056	0	0601029	UI_CH00S071	CH00S071	1	[0,0,0,58,22,0,0,0]	0	[1,1,1,1,1,1]	[2,2,1,1,1,1]	[3,2,1,1,1,1]	[4,4,3,2,1,1]	[5,5,4,3,3,1]	[6,6,5,3,2,1]	["0201019","0201019","0201019","0201019","0201025","0201025"]	["0201020","0201020","0201019","0201019","0201025","0201025"]	["0201021","0201020","0201025","0201025","0201025","0201025"]	["0201022","0201022","0201021","0201026","0201025","0201025"]	["0201023","0201023","0201022","0201027","0201027","0201025"]	[]	0		vdraw	A	30	2	5
0105072	9005057	[1,1,1,2,2,1,1,1]	[1,1,1,4,4,1,1,1]	[1,1,1,8,8,1,1,1]	[1,1,1,12,12,1,1,1]	[1,1,1,15,15,1,1,1]	240000	{"1":1200000,"2":3600,"3":6000,"4":3000}	9105057	0	0601030	UI_CH00S072	CH00S072	1	[0,0,0,40,30,0,0,0]	1	[1,1,1,1,1,1]	[2,2,1,1,1,1]	[3,2,1,1,1,1]	[4,4,3,2,1,1]	[5,5,4,3,3,1]	[6,6,5,3,2,1]	["0201019","0201019","0201019","0201019","0201025","0201025"]	["0201020","0201020","0201019","0201019","0201025","0201025"]	["0201021","0201020","0201025","0201025","0201025","0201025"]	["0201022","0201022","0201021","0201026","0201025","0201025"]	["0201023","0201023","0201022","0201027","0201027","0201025"]	["0201024","0201024","0201023","0201027","0201026","0201025"]	0		none	S	40	2	10
0105073	9005058	[1,1,1,2,2,1,1,1]	[1,1,1,4,4,1,1,1]	[1,1,1,8,8,1,1,1]	[1,1,1,12,12,1,1,1]	[1,1,1,15,15,1,1,1]	240000	{"1":1200000,"2":3600,"3":6000,"4":3000}	9105058	0		UI_CH00S073	CH00S073	1	[0,0,0,0,0,0,0,0]	1	[1,1,1,1,1,1]	[2,2,1,1,1,1]	[3,2,1,1,1,1]	[4,4,3,2,1,1]	[5,5,4,3,3,1]	[6,6,5,3,2,1]	["0201019","0201019","0201019","0201019","0201025","0201025"]	["0201020","0201020","0201019","0201019","0201025","0201025"]	["0201021","0201020","0201025","0201025","0201025","0201025"]	["0201022","0201022","0201021","0201026","0201025","0201025"]	["0201023","0201023","0201022","0201027","0201027","0201025"]	["0201024","0201024","0201023","0201027","0201026","0201025"]	0		none	S	40	2	10
0105074	9005059	[1,1,1,2,2,1,1,1]	[1,1,1,4,4,1,1,1]	[1,1,1,8,8,1,1,1]	[1,1,1,12,12,1,1,1]	[1,1,1,15,15,1,1,1]	240000	{"1":1200000,"2":3600,"3":6000,"4":3000}	9105059	0	0601031	UI_CH00S074	CH00S074	1	[0,0,0,48,22,0,0,0]	0	[1,1,1,1,1,1]	[2,2,1,1,1,1]	[3,2,1,1,1,1]	[4,4,3,2,1,1]	[5,5,4,3,3,1]	[6,6,5,3,2,1]	["0201019","0201019","0201019","0201019","0201025","0201025"]	["0201020","0201020","0201019","0201019","0201025","0201025"]	["0201021","0201020","0201025","0201025","0201025","0201025"]	["0201022","0201022","0201021","0201026","0201025","0201025"]	["0201023","0201023","0201022","0201027","0201027","0201025"]	["0201024","0201024","0201023","0201027","0201026","0201025"]	0		v2draw	S	40	2	10
0105075	9005060	[1,1,1,2,2,1,1,1]	[1,1,1,4,4,1,1,1]	[1,1,1,8,8,1,1,1]	[1,1,1,12,12,1,1,1]	[1,1,1,15,15,1,1,1]	240000	{"1":1200000,"2":3600,"3":6000,"4":3000}	9105060	0	0601032	UI_CH00S075	CH00S075	1	[0,0,0,52,28,0,0,0]	0	[1,1,1,1,1,1]	[2,2,1,1,1,1]	[3,2,1,1,1,1]	[4,4,3,2,1,1]	[5,5,4,3,3,1]	[6,6,5,3,2,1]	["0201019","0201019","0201019","0201019","0201025","0201025"]	["0201020","0201020","0201019","0201019","0201025","0201025"]	["0201021","0201020","0201025","0201025","0201025","0201025"]	["0201022","0201022","0201021","0201026","0201025","0201025"]	["0201023","0201023","0201022","0201027","0201027","0201025"]	["0201024","0201024","0201023","0201027","0201026","0201025"]	0		vdraw	S	40	2	10
0105076	9005061	[1,1,1,2,2,1,1,1]	[1,1,1,4,4,1,1,1]	[1,1,1,8,8,1,1,1]	[1,1,1,12,12,1,1,1]	[1,1,1,15,15,1,1,1]	240000	{"1":1200000,"2":3600,"3":6000,"4":3000}	9105061	0	0601033	UI_CH00S076	CH00S076	1	[0,0,0,52,28,0,10,0]	0	[1,1,1,1,1,1]	[2,2,1,1,1,1]	[3,2,1,1,1,1]	[4,4,3,2,1,1]	[5,5,4,3,3,1]	[6,6,5,3,2,1]	["0201019","0201019","0201019","0201019","0201025","0201025"]	["0201020","0201020","0201019","0201019","0201025","0201025"]	["0201021","0201020","0201025","0201025","0201025","0201025"]	["0201022","0201022","0201021","0201026","0201025","0201025"]	["0201023","0201023","0201022","0201027","0201027","0201025"]	["0201024","0201024","0201023","0201027","0201026","0201025"]	0		drop	S	40	2	10
0105077	9005062	[1,1,1,1.8,1.8,1,1,1]	[1,1,1,3.5,3.5,1,1,1]	[1,1,1,5.5,5.5,1,1,1]	[1,1,1,7.5,7.5,1,1,1]	[1,1,1,10,10,1,1,1]	160000	{"1":600000,"2":1600,"3":4000,"4":2000}	9105062	0	0601034	UI_CH00S077	CH00S077	1	[0,0,0,47,33,10,0,0]	0	[1,1,1,1,1,1]	[2,2,1,1,1,1]	[3,2,1,1,1,1]	[4,4,3,2,1,1]	[5,5,4,3,3,1]	[6,6,5,3,2,1]	["0201019","0201019","0201019","0201019","0201025","0201025"]	["0201020","0201020","0201019","0201019","0201025","0201025"]	["0201021","0201020","0201025","0201025","0201025","0201025"]	["0201022","0201022","0201021","0201026","0201025","0201025"]	["0201023","0201023","0201022","0201027","0201027","0201025"]	[]	0		drop	A	30	2	5
0105078	9005063	[1,1,1,2,2,1,1,1]	[1,1,1,4,4,1,1,1]	[1,1,1,8,8,1,1,1]	[1,1,1,12,12,1,1,1]	[1,1,1,15,15,1,1,1]	240000	{"1":1200000,"2":3600,"3":6000,"4":3000}	9105063	0	0601035	UI_CH00S078	CH00S078	1	[0,15,15,43,13,0,0,0]	0	[1,1,1,1,1,1]	[2,2,1,1,1,1]	[3,2,1,1,1,1]	[4,4,3,2,1,1]	[5,5,4,3,3,1]	[6,6,5,3,2,1]	["0201019","0201019","0201019","0201019","0201025","0201025"]	["0201020","0201020","0201019","0201019","0201025","0201025"]	["0201021","0201020","0201025","0201025","0201025","0201025"]	["0201022","0201022","0201021","0201026","0201025","0201025"]	["0201023","0201023","0201022","0201027","0201027","0201025"]	["0201024","0201024","0201023","0201027","0201026","0201025"]	0		v2draw	S	40	2	10
0105079	9005064	[1,1,1,2,2,1,1,1]	[1,1,1,4,4,1,1,1]	[1,1,1,8,8,1,1,1]	[1,1,1,12,12,1,1,1]	[1,1,1,15,15,1,1,1]	240000	{"1":1200000,"2":3600,"3":6000,"4":3000}	9105064	0	0601036	UI_CH00S079	CH00S079	1	[15,0,15,48,32,0,0,0]	0	[1,1,1,1,1,1]	[2,2,1,1,1,1]	[3,2,1,1,1,1]	[4,4,3,2,1,1]	[5,5,4,3,3,1]	[6,6,5,3,2,1]	["0201019","0201019","0201019","0201019","0201025","0201025"]	["0201020","0201020","0201019","0201019","0201025","0201025"]	["0201021","0201020","0201025","0201025","0201025","0201025"]	["0201022","0201022","0201021","0201026","0201025","0201025"]	["0201023","0201023","0201022","0201027","0201027","0201025"]	["0201024","0201024","0201023","0201027","0201026","0201025"]	0		vdraw	S	40	2	10
0105080	9005065	[1,1,1,1.8,1.8,1,1,1]	[1,1,1,3.5,3.5,1,1,1]	[1,1,1,5.5,5.5,1,1,1]	[1,1,1,7.5,7.5,1,1,1]	[1,1,1,10,10,1,1,1]	160000	{"1":600000,"2":1600,"3":4000,"4":2000}	9105065	0	0601037	UI_CH00S080	CH00S080	1	[15,15,0,56,32,0,0,0]	0	[1,1,1,1,1,1]	[2,2,1,1,1,1]	[3,2,1,1,1,1]	[4,4,3,2,1,1]	[5,5,4,3,3,1]	[6,6,5,3,2,1]	["0201019","0201019","0201019","0201019","0201025","0201025"]	["0201020","0201020","0201019","0201019","0201025","0201025"]	["0201021","0201020","0201025","0201025","0201025","0201025"]	["0201022","0201022","0201021","0201026","0201025","0201025"]	["0201023","0201023","0201022","0201027","0201027","0201025"]	[]	0		v2draw	A	30	2	5
0105081	9005066	[1,1,1,2,2,1,1,1]	[1,1,1,4,4,1,1,1]	[1,1,1,8,8,1,1,1]	[1,1,1,12,12,1,1,1]	[1,1,1,15,15,1,1,1]	240000	{"1":1200000,"2":3600,"3":6000,"4":3000}	9105066	0	0601038	UI_CH00S081	CH00S081	1	[0,0,0,30,28,0,0,0]	0	[1,1,1,1,1,1]	[2,2,1,1,1,1]	[3,2,1,1,1,1]	[4,4,3,2,1,1]	[5,5,4,3,3,1]	[6,6,5,3,2,1]	["0201019","0201019","0201019","0201019","0201025","0201025"]	["0201020","0201020","0201019","0201019","0201025","0201025"]	["0201021","0201020","0201025","0201025","0201025","0201025"]	["0201022","0201022","0201021","0201026","0201025","0201025"]	["0201023","0201023","0201022","0201027","0201027","0201025"]	["0201024","0201024","0201023","0201027","0201026","0201025"]	0		none	S	40	2	10
0105082	9005067	[1,1,1,2,2,1,1,1]	[1,1,1,4,4,1,1,1]	[1,1,1,8,8,1,1,1]	[1,1,1,12,12,1,1,1]	[1,1,1,15,15,1,1,1]	240000	{"1":1200000,"2":3600,"3":6000,"4":3000}	9105067	0	0601039	UI_CH00S082	CH00S082	1	[0,0,0,50,16,0,0,0]	0	[1,1,1,1,1,1]	[2,2,1,1,1,1]	[3,2,1,1,1,1]	[4,4,3,2,1,1]	[5,5,4,3,3,1]	[6,6,5,3,2,1]	["0201019","0201019","0201019","0201019","0201025","0201025"]	["0201020","0201020","0201019","0201019","0201025","0201025"]	["0201021","0201020","0201025","0201025","0201025","0201025"]	["0201022","0201022","0201021","0201026","0201025","0201025"]	["0201023","0201023","0201022","0201027","0201027","0201025"]	["0201024","0201024","0201023","0201027","0201026","0201025"]	0		v2draw	S	40	2	10
0105083	9005068	[1,1,1,2,2,1,1,1]	[1,1,1,4,4,1,1,1]	[1,1,1,8,8,1,1,1]	[1,1,1,12,12,1,1,1]	[1,1,1,15,15,1,1,1]	240000	{"1":1200000,"2":3600,"3":6000,"4":3000}	9105068	0	0601040	UI_CH00S083	CH00S083	1	[0,0,0,50,32,0,0,0]	0	[1,1,1,1,1,1]	[2,2,1,1,1,1]	[3,2,1,1,1,1]	[4,4,3,2,1,1]	[5,5,4,3,3,1]	[6,6,5,3,2,1]	["0201019","0201019","0201019","0201019","0201025","0201025"]	["0201020","0201020","0201019","0201019","0201025","0201025"]	["0201021","0201020","0201025","0201025","0201025","0201025"]	["0201022","0201022","0201021","0201026","0201025","0201025"]	["0201023","0201023","0201022","0201027","0201027","0201025"]	["0201024","0201024","0201023","0201027","0201026","0201025"]	0		drop	S	40	2	10
0105084	9005069	[1,1,1,2,2,1,1,1]	[1,1,1,4,4,1,1,1]	[1,1,1,8,8,1,1,1]	[1,1,1,12,12,1,1,1]	[1,1,1,15,15,1,1,1]	240000	{"1":1200000,"2":3600,"3":6000,"4":3000}	9105069	0	0601041	UI_CH00S084	CH00S084	1	[0,0,0,51,29,0,0,0]	0	[1,1,1,1,1,1]	[2,2,1,1,1,1]	[3,2,1,1,1,1]	[4,4,3,2,1,1]	[5,5,4,3,3,1]	[6,6,5,3,2,1]	["0201019","0201019","0201019","0201019","0201025","0201025"]	["0201020","0201020","0201019","0201019","0201025","0201025"]	["0201021","0201020","0201025","0201025","0201025","0201025"]	["0201022","0201022","0201021","0201026","0201025","0201025"]	["0201023","0201023","0201022","0201027","0201027","0201025"]	["0201024","0201024","0201023","0201027","0201026","0201025"]	0		vdraw	S	40	2	10
0105085	9005070	[1,1,1,2,2,1,1,1]	[1,1,1,4,4,1,1,1]	[1,1,1,8,8,1,1,1]	[1,1,1,12,12,1,1,1]	[1,1,1,15,15,1,1,1]	240000	{"1":1200000,"2":3600,"3":6000,"4":3000}	9105070	0	0601042	UI_CH00S085	CH00S085	1	[0,0,0,57,25,0,0,0]	0	[1,1,1,1,1,1]	[2,2,1,1,1,1]	[3,2,1,1,1,1]	[4,4,3,2,1,1]	[5,5,4,3,3,1]	[6,6,5,3,2,1]	["0201019","0201019","0201019","0201019","0201025","0201025"]	["0201020","0201020","0201019","0201019","0201025","0201025"]	["0201021","0201020","0201025","0201025","0201025","0201025"]	["0201022","0201022","0201021","0201026","0201025","0201025"]	["0201023","0201023","0201022","0201027","0201027","0201025"]	["0201024","0201024","0201023","0201027","0201026","0201025"]	0		none	S	40	2	10
0105086	9005071	[1,1,1,2,2,1,1,1]	[1,1,1,4,4,1,1,1]	[1,1,1,8,8,1,1,1]	[1,1,1,12,12,1,1,1]	[1,1,1,15,15,1,1,1]	240000	{"1":1200000,"2":3600,"3":6000,"4":3000}	9105071	0	0601043	UI_CH00S086	CH00S086	1	[0,0,0,37,30,0,0,0]	0	[1,1,1,1,1,1]	[2,2,1,1,1,1]	[3,2,1,1,1,1]	[4,4,3,2,1,1]	[5,5,4,3,3,1]	[6,6,5,3,2,1]	["0201019","0201019","0201019","0201019","0201025","0201025"]	["0201020","0201020","0201019","0201019","0201025","0201025"]	["0201021","0201020","0201025","0201025","0201025","0201025"]	["0201022","0201022","0201021","0201026","0201025","0201025"]	["0201023","0201023","0201022","0201027","0201027","0201025"]	["0201024","0201024","0201023","0201027","0201026","0201025"]	0		v2draw	S	40	2	10
0105087	9005072	[1,1,1,2,2,1,1,1]	[1,1,1,4,4,1,1,1]	[1,1,1,8,8,1,1,1]	[1,1,1,12,12,1,1,1]	[1,1,1,15,15,1,1,1]	240000	{"1":1200000,"2":3600,"3":6000,"4":3000}	9105072	0	0601044	UI_CH00S087	CH00S087	1	[0,0,0,45,25,0,0,0]	0	[1,1,1,1,1,1]	[2,2,1,1,1,1]	[3,2,1,1,1,1]	[4,4,3,2,1,1]	[5,5,4,3,3,1]	[6,6,5,3,2,1]	["0201019","0201019","0201019","0201019","0201025","0201025"]	["0201020","0201020","0201019","0201019","0201025","0201025"]	["0201021","0201020","0201025","0201025","0201025","0201025"]	["0201022","0201022","0201021","0201026","0201025","0201025"]	["0201023","0201023","0201022","0201027","0201027","0201025"]	["0201024","0201024","0201023","0201027","0201026","0201025"]	0		vdraw	S	40	2	10
0105088	9005073	[1,1,1,2,2,1,1,1]	[1,1,1,4,4,1,1,1]	[1,1,1,8,8,1,1,1]	[1,1,1,12,12,1,1,1]	[1,1,1,15,15,1,1,1]	240000	{"1":1200000,"2":3600,"3":6000,"4":3000}	9105073	0	0601045	UI_CH00S088	CH00S088	1	[0,0,0,42,28,0,0,0]	0	[1,1,1,1,1,1]	[2,2,1,1,1,1]	[3,2,1,1,1,1]	[4,4,3,2,1,1]	[5,5,4,3,3,1]	[6,6,5,3,2,1]	["0201019","0201019","0201019","0201019","0201025","0201025"]	["0201020","0201020","0201019","0201019","0201025","0201025"]	["0201021","0201020","0201025","0201025","0201025","0201025"]	["0201022","0201022","0201021","0201026","0201025","0201025"]	["0201023","0201023","0201022","0201027","0201027","0201025"]	["0201024","0201024","0201023","0201027","0201026","0201025"]	0		vdraw	S	40	2	10
0105089	9005074	[1,1,1,2,2,1,1,1]	[1,1,1,4,4,1,1,1]	[1,1,1,8,8,1,1,1]	[1,1,1,12,12,1,1,1]	[1,1,1,15,15,1,1,1]	240000	{"1":1200000,"2":3600,"3":6000,"4":3000}	9105074	0	0601046	UI_CH00S089	CH00S089	1	[0,0,0,40,26,0,0,0]	0	[1,1,1,1,1,1]	[2,2,1,1,1,1]	[3,2,1,1,1,1]	[4,4,3,2,1,1]	[5,5,4,3,3,1]	[6,6,5,3,2,1]	["0201019","0201019","0201019","0201019","0201025","0201025"]	["0201020","0201020","0201019","0201019","0201025","0201025"]	["0201021","0201020","0201025","0201025","0201025","0201025"]	["0201022","0201022","0201021","0201026","0201025","0201025"]	["0201023","0201023","0201022","0201027","0201027","0201025"]	["0201024","0201024","0201023","0201027","0201026","0201025"]	0		v2draw	S	40	2	10
0105090	9005075	[1,1,1,2,2,1,1,1]	[1,1,1,4,4,1,1,1]	[1,1,1,8,8,1,1,1]	[1,1,1,12,12,1,1,1]	[1,1,1,15,15,1,1,1]	240000	{"1":1200000,"2":3600,"3":6000,"4":3000}	9105075	0	0601048	UI_CH00S090	CH00S090	1	[0,0,0,45,21,0,0,0]	0	[1,1,1,1,1,1]	[2,2,1,1,1,1]	[3,2,1,1,1,1]	[4,4,3,2,1,1]	[5,5,4,3,3,1]	[6,6,5,3,2,1]	["0201019","0201019","0201019","0201019","0201025","0201025"]	["0201020","0201020","0201019","0201019","0201025","0201025"]	["0201021","0201020","0201025","0201025","0201025","0201025"]	["0201022","0201022","0201021","0201026","0201025","0201025"]	["0201023","0201023","0201022","0201027","0201027","0201025"]	["0201024","0201024","0201023","0201027","0201026","0201025"]	0		v2draw	S	40	2	10
0105091	9005076	[1,1,1,2,2,1,1,1]	[1,1,1,4,4,1,1,1]	[1,1,1,8,8,1,1,1]	[1,1,1,12,12,1,1,1]	[1,1,1,15,15,1,1,1]	240000	{"1":1200000,"2":3600,"3":6000,"4":3000}	9105076	0	0601049	UI_CH00S091	CH00S091	1	[0,0,0,50,30,0,0,0]	0	[1,1,1,1,1,1]	[2,2,1,1,1,1]	[3,2,1,1,1,1]	[4,4,3,2,1,1]	[5,5,4,3,3,1]	[6,6,5,3,2,1]	["0201019","0201019","0201019","0201019","0201025","0201025"]	["0201020","0201020","0201019","0201019","0201025","0201025"]	["0201021","0201020","0201025","0201025","0201025","0201025"]	["0201022","0201022","0201021","0201026","0201025","0201025"]	["0201023","0201023","0201022","0201027","0201027","0201025"]	["0201024","0201024","0201023","0201027","0201026","0201025"]	0		pvp	S	40	2	10
0105092	9005077	[1,1,1,2,2,1,1,1]	[1,1,1,4,4,1,1,1]	[1,1,1,8,8,1,1,1]	[1,1,1,12,12,1,1,1]	[1,1,1,15,15,1,1,1]	240000	{"1":1200000,"2":3600,"3":6000,"4":3000}	9105077	0	0601050	UI_CH00S092	CH00S092	1	[0,0,0,55,40,0,0,0]	0	[1,1,1,1,1,1]	[2,2,1,1,1,1]	[3,2,1,1,1,1]	[4,4,3,2,1,1]	[5,5,4,3,3,1]	[6,6,5,3,2,1]	["0201019","0201019","0201019","0201019","0201025","0201025"]	["0201020","0201020","0201019","0201019","0201025","0201025"]	["0201021","0201020","0201025","0201025","0201025","0201025"]	["0201022","0201022","0201021","0201026","0201025","0201025"]	["0201023","0201023","0201022","0201027","0201027","0201025"]	["0201024","0201024","0201023","0201027","0201026","0201025"]	0		vdraw	S	40	2	10
0105093	9005078	[1,1,1,2,2,1,1,1]	[1,1,1,4,4,1,1,1]	[1,1,1,8,8,1,1,1]	[1,1,1,12,12,1,1,1]	[1,1,1,15,15,1,1,1]	240000	{"1":1200000,"2":3600,"3":6000,"4":3000}	9105078	0	0601051	UI_CH00S093	CH00S093	1	[0,0,0,50,23,0,0,0]	0	[1,1,1,1,1,1]	[2,2,1,1,1,1]	[3,2,1,1,1,1]	[4,4,3,2,1,1]	[5,5,4,3,3,1]	[6,6,5,3,2,1]	["0201019","0201019","0201019","0201019","0201025","0201025"]	["0201020","0201020","0201019","0201019","0201025","0201025"]	["0201021","0201020","0201025","0201025","0201025","0201025"]	["0201022","0201022","0201021","0201026","0201025","0201025"]	["0201023","0201023","0201022","0201027","0201027","0201025"]	["0201024","0201024","0201023","0201027","0201026","0201025"]	0		v2draw	S	40	2	10
0105094	9005079	[1,1,1,2,2,1,1,1]	[1,1,1,4,4,1,1,1]	[1,1,1,8,8,1,1,1]	[1,1,1,12,12,1,1,1]	[1,1,1,15,15,1,1,1]	240000	{"1":1200000,"2":3600,"3":6000,"4":3000}	9105079	0	0601052	UI_CH00S094	CH00S094	1	[0,0,0,40,26,0,0,0]	0	[1,1,1,1,1,1]	[2,2,1,1,1,1]	[3,2,1,1,1,1]	[4,4,3,2,1,1]	[5,5,4,3,3,1]	[6,6,5,3,2,1]	["0201019","0201019","0201019","0201019","0201025","0201025"]	["0201020","0201020","0201019","0201019","0201025","0201025"]	["0201021","0201020","0201025","0201025","0201025","0201025"]	["0201022","0201022","0201021","0201026","0201025","0201025"]	["0201023","0201023","0201022","0201027","0201027","0201025"]	["0201024","0201024","0201023","0201027","0201026","0201025"]	0		v2draw	S	40	2	10
0105095	9005080	[1,1,1,2,2,1,1,1]	[1,1,1,4,4,1,1,1]	[1,1,1,8,8,1,1,1]	[1,1,1,12,12,1,1,1]	[1,1,1,15,15,1,1,1]	240000	{"1":1200000,"2":3600,"3":6000,"4":3000}	9105080	0	0601053	UI_CH00S095	CH00S095	1	[0,0,0,58,12,0,0,0]	0	[1,1,1,1,1,1]	[2,2,1,1,1,1]	[3,2,1,1,1,1]	[4,4,3,2,1,1]	[5,5,4,3,3,1]	[6,6,5,3,2,1]	["0201019","0201019","0201019","0201019","0201025","0201025"]	["0201020","0201020","0201019","0201019","0201025","0201025"]	["0201021","0201020","0201025","0201025","0201025","0201025"]	["0201022","0201022","0201021","0201026","0201025","0201025"]	["0201023","0201023","0201022","0201027","0201027","0201025"]	["0201024","0201024","0201023","0201027","0201026","0201025"]	0		none	S	40	2	10
0105096	9005081	[1,1,1,2,2,1,1,1]	[1,1,1,4,4,1,1,1]	[1,1,1,8,8,1,1,1]	[1,1,1,12,12,1,1,1]	[1,1,1,15,15,1,1,1]	240000	{"1":1200000,"2":3600,"3":6000,"4":3000}	9105081	0	0601054	UI_CH00S096	CH00S096	1	[0,0,0,55,25,0,0,0]	0	[1,1,1,1,1,1]	[2,2,1,1,1,1]	[3,2,1,1,1,1]	[4,4,3,2,1,1]	[5,5,4,3,3,1]	[6,6,5,3,2,1]	["0201019","0201019","0201019","0201019","0201025","0201025"]	["0201020","0201020","0201019","0201019","0201025","0201025"]	["0201021","0201020","0201025","0201025","0201025","0201025"]	["0201022","0201022","0201021","0201026","0201025","0201025"]	["0201023","0201023","0201022","0201027","0201027","0201025"]	["0201024","0201024","0201023","0201027","0201026","0201025"]	0		none	S	40	2	10
0105097	9005082	[1,1,1,2,2,1,1,1]	[1,1,1,4,4,1,1,1]	[1,1,1,8,8,1,1,1]	[1,1,1,12,12,1,1,1]	[1,1,1,15,15,1,1,1]	240000	{"1":1200000,"2":3600,"3":6000,"4":3000}	9105082	0	0601055	UI_CH00S097	CH00S097	1	[0,0,0,40,30,0,0,0]	0	[1,1,1,1,1,1]	[2,2,1,1,1,1]	[3,2,1,1,1,1]	[4,4,3,2,1,1]	[5,5,4,3,3,1]	[6,6,5,3,2,1]	["0201019","0201019","0201019","0201019","0201025","0201025"]	["0201020","0201020","0201019","0201019","0201025","0201025"]	["0201021","0201020","0201025","0201025","0201025","0201025"]	["0201022","0201022","0201021","0201026","0201025","0201025"]	["0201023","0201023","0201022","0201027","0201027","0201025"]	["0201024","0201024","0201023","0201027","0201026","0201025"]	0		none	S	40	2	10
0105098	9005083	[1,1,1,2,2,1,1,1]	[1,1,1,4,4,1,1,1]	[1,1,1,8,8,1,1,1]	[1,1,1,12,12,1,1,1]	[1,1,1,15,15,1,1,1]	240000	{"1":1200000,"2":3600,"3":6000,"4":3000}	9105083	0	0601056	UI_CH00S098	CH00S098	1	[0,0,0,0,0,0,0,0]	0	[1,1,1,1,1,1]	[2,2,1,1,1,1]	[3,2,1,1,1,1]	[4,4,3,2,1,1]	[5,5,4,3,3,1]	[6,6,5,3,2,1]	["0201019","0201019","0201019","0201019","0201025","0201025"]	["0201020","0201020","0201019","0201019","0201025","0201025"]	["0201021","0201020","0201025","0201025","0201025","0201025"]	["0201022","0201022","0201021","0201026","0201025","0201025"]	["0201023","0201023","0201022","0201027","0201027","0201025"]	["0201024","0201024","0201023","0201027","0201026","0201025"]	0		none	S	40	2	10
0105099	9005084	[1,1,1,2,2,1,1,1]	[1,1,1,4,4,1,1,1]	[1,1,1,8,8,1,1,1]	[1,1,1,12,12,1,1,1]	[1,1,1,15,15,1,1,1]	240000	{"1":1200000,"2":3600,"3":6000,"4":3000}	9105084	0	0601057	UI_CH00S099	CH00S099	1	[0,0,0,0,0,0,0,0]	0	[1,1,1,1,1,1]	[2,2,1,1,1,1]	[3,2,1,1,1,1]	[4,4,3,2,1,1]	[5,5,4,3,3,1]	[6,6,5,3,2,1]	["0201019","0201019","0201019","0201019","0201025","0201025"]	["0201020","0201020","0201019","0201019","0201025","0201025"]	["0201021","0201020","0201025","0201025","0201025","0201025"]	["0201022","0201022","0201021","0201026","0201025","0201025"]	["0201023","0201023","0201022","0201027","0201027","0201025"]	["0201024","0201024","0201023","0201027","0201026","0201025"]	0		none	S	40	2	10
0105100	9005085	[1,1,1,2,2,1,1,1]	[1,1,1,4,4,1,1,1]	[1,1,1,8,8,1,1,1]	[1,1,1,12,12,1,1,1]	[1,1,1,15,15,1,1,1]	240000	{"1":1200000,"2":3600,"3":6000,"4":3000}	9105085	0	0601058	UI_CH00S100	CH00S100	1	[0,0,0,0,0,0,0,0]	0	[1,1,1,1,1,1]	[2,2,1,1,1,1]	[3,2,1,1,1,1]	[4,4,3,2,1,1]	[5,5,4,3,3,1]	[6,6,5,3,2,1]	["0201019","0201019","0201019","0201019","0201025","0201025"]	["0201020","0201020","0201019","0201019","0201025","0201025"]	["0201021","0201020","0201025","0201025","0201025","0201025"]	["0201022","0201022","0201021","0201026","0201025","0201025"]	["0201023","0201023","0201022","0201027","0201027","0201025"]	["0201024","0201024","0201023","0201027","0201026","0201025"]	0		none	S	40	2	10
0105201	9005086	[1,1,1,2,2,1,1,1]	[1,1,1,4,4,1,1,1]	[1,1,1,8,8,1,1,1]	[1,1,1,12,12,1,1,1]	[1,1,1,15,15,1,1,1]	240000	{"1":1200000,"2":3600,"3":6000,"4":3000}	9105086	0		UI_CH00S201	CH00S201	1	[0,0,0,0,0,0,0,0]	1	[1,1,1,1,1,1]	[2,2,1,1,1,1]	[3,2,1,1,1,1]	[4,4,3,2,1,1]	[5,5,4,3,3,1]	[6,6,5,3,2,1]	["0201019","0201019","0201019","0201019","0201025","0201025"]	["0201020","0201020","0201019","0201019","0201025","0201025"]	["0201021","0201020","0201025","0201025","0201025","0201025"]	["0201022","0201022","0201021","0201026","0201025","0201025"]	["0201023","0201023","0201022","0201027","0201027","0201025"]	["0201024","0201024","0201023","0201027","0201026","0201025"]	0		none	S	40	2	10
0105202	9005087	[1,1,1,2,2,1,1,1]	[1,1,1,4,4,1,1,1]	[1,1,1,8,8,1,1,1]	[1,1,1,12,12,1,1,1]	[1,1,1,15,15,1,1,1]	240000	{"1":1200000,"2":3600,"3":6000,"4":3000}	9105087	0		UI_CH00S202	CH00S202	1	[0,0,0,0,0,0,0,0]	1	[1,1,1,1,1,1]	[2,2,1,1,1,1]	[3,2,1,1,1,1]	[4,4,3,2,1,1]	[5,5,4,3,3,1]	[6,6,5,3,2,1]	["0201019","0201019","0201019","0201019","0201025","0201025"]	["0201020","0201020","0201019","0201019","0201025","0201025"]	["0201021","0201020","0201025","0201025","0201025","0201025"]	["0201022","0201022","0201021","0201026","0201025","0201025"]	["0201023","0201023","0201022","0201027","0201027","0201025"]	["0201024","0201024","0201023","0201027","0201026","0201025"]	0		none	S	40	2	10
0105203	9005088	[1,1,1,2,2,1,1,1]	[1,1,1,4,4,1,1,1]	[1,1,1,8,8,1,1,1]	[1,1,1,12,12,1,1,1]	[1,1,1,15,15,1,1,1]	240000	{"1":1200000,"2":3600,"3":6000,"4":3000}	9105088	0	0601061	UI_CH00S203	CH00S203	1	[0,0,0,0,0,0,0,0]	0	[1,1,1,1,1,1]	[2,2,1,1,1,1]	[3,2,1,1,1,1]	[4,4,3,2,1,1]	[5,5,4,3,3,1]	[6,6,5,3,2,1]	["0201019","0201019","0201019","0201019","0201025","0201025"]	["0201020","0201020","0201019","0201019","0201025","0201025"]	["0201021","0201020","0201025","0201025","0201025","0201025"]	["0201022","0201022","0201021","0201026","0201025","0201025"]	["0201023","0201023","0201022","0201027","0201027","0201025"]	["0201024","0201024","0201023","0201027","0201026","0201025"]	0		none	S	40	2	10
0105204	9005089	[1,1,1,2,2,1,1,1]	[1,1,1,4,4,1,1,1]	[1,1,1,8,8,1,1,1]	[1,1,1,12,12,1,1,1]	[1,1,1,15,15,1,1,1]	240000	{"1":1200000,"2":3600,"3":6000,"4":3000}	9105089	0	0601059	UI_CH00S204	CH00S204	1	[0,0,0,60,35,0,0,0]	1	[1,1,1,1,1,1]	[2,2,1,1,1,1]	[3,2,1,1,1,1]	[4,4,3,2,1,1]	[5,5,4,3,3,1]	[6,6,5,3,2,1]	["0201019","0201019","0201019","0201019","0201025","0201025"]	["0201020","0201020","0201019","0201019","0201025","0201025"]	["0201021","0201020","0201025","0201025","0201025","0201025"]	["0201022","0201022","0201021","0201026","0201025","0201025"]	["0201023","0201023","0201022","0201027","0201027","0201025"]	["0201024","0201024","0201023","0201027","0201026","0201025"]	0		none	S	40	2	10
0105205	9005090	[1,1,1,2,2,1,1,1]	[1,1,1,4,4,1,1,1]	[1,1,1,8,8,1,1,1]	[1,1,1,12,12,1,1,1]	[1,1,1,15,15,1,1,1]	240000	{"1":1200000,"2":3600,"3":6000,"4":3000}	9105090	0	0601062	UI_CH00S205	CH00S205	1	[0,0,0,0,0,0,0,0]	0	[1,1,1,1,1,1]	[2,2,1,1,1,1]	[3,2,1,1,1,1]	[4,4,3,2,1,1]	[5,5,4,3,3,1]	[6,6,5,3,2,1]	["0201019","0201019","0201019","0201019","0201025","0201025"]	["0201020","0201020","0201019","0201019","0201025","0201025"]	["0201021","0201020","0201025","0201025","0201025","0201025"]	["0201022","0201022","0201021","0201026","0201025","0201025"]	["0201023","0201023","0201022","0201027","0201027","0201025"]	["0201024","0201024","0201023","0201027","0201026","0201025"]	0		none	S	40	2	10
0105206	9005091	[1,1,1,2,2,1,1,1]	[1,1,1,4,4,1,1,1]	[1,1,1,8,8,1,1,1]	[1,1,1,12,12,1,1,1]	[1,1,1,15,15,1,1,1]	240000	{"1":1200000,"2":3600,"3":6000,"4":3000}	9105091	0	0601063	UI_CH00S206	CH00S206	1	[0,0,0,0,0,0,0,0]	0	[1,1,1,1,1,1]	[2,2,1,1,1,1]	[3,2,1,1,1,1]	[4,4,3,2,1,1]	[5,5,4,3,3,1]	[6,6,5,3,2,1]	["0201019","0201019","0201019","0201019","0201025","0201025"]	["0201020","0201020","0201019","0201019","0201025","0201025"]	["0201021","0201020","0201025","0201025","0201025","0201025"]	["0201022","0201022","0201021","0201026","0201025","0201025"]	["0201023","0201023","0201022","0201027","0201027","0201025"]	["0201024","0201024","0201023","0201027","0201026","0201025"]	0		none	S	40	2	10
0105207	9005092	[1,1,1,2,2,1,1,1]	[1,1,1,4,4,1,1,1]	[1,1,1,8,8,1,1,1]	[1,1,1,12,12,1,1,1]	[1,1,1,15,15,1,1,1]	240000	{"1":1200000,"2":3600,"3":6000,"4":3000}	9105092	0	0601064	UI_CH00S207	CH00S207	1	[0,0,0,0,0,0,0,0]	0	[1,1,1,1,1,1]	[2,2,1,1,1,1]	[3,2,1,1,1,1]	[4,4,3,2,1,1]	[5,5,4,3,3,1]	[6,6,5,3,2,1]	["0201019","0201019","0201019","0201019","0201025","0201025"]	["0201020","0201020","0201019","0201019","0201025","0201025"]	["0201021","0201020","0201025","0201025","0201025","0201025"]	["0201022","0201022","0201021","0201026","0201025","0201025"]	["0201023","0201023","0201022","0201027","0201027","0201025"]	["0201024","0201024","0201023","0201027","0201026","0201025"]	0		none	S	40	2	10
0105208	9005093	[1,1,1,2,2,1,1,1]	[1,1,1,4,4,1,1,1]	[1,1,1,8,8,1,1,1]	[1,1,1,12,12,1,1,1]	[1,1,1,15,15,1,1,1]	240000	{"1":1200000,"2":3600,"3":6000,"4":3000}	9105093	0	0601065	UI_CH00S208	CH00S208	1	[0,0,0,0,0,0,0,0]	0	[1,1,1,1,1,1]	[2,2,1,1,1,1]	[3,2,1,1,1,1]	[4,4,3,2,1,1]	[5,5,4,3,3,1]	[6,6,5,3,2,1]	["0201019","0201019","0201019","0201019","0201025","0201025"]	["0201020","0201020","0201019","0201019","0201025","0201025"]	["0201021","0201020","0201025","0201025","0201025","0201025"]	["0201022","0201022","0201021","0201026","0201025","0201025"]	["0201023","0201023","0201022","0201027","0201027","0201025"]	["0201024","0201024","0201023","0201027","0201026","0201025"]	0		none	S	40	2	10
0105209	9005094	[1,1,1,2,2,1,1,1]	[1,1,1,4,4,1,1,1]	[1,1,1,8,8,1,1,1]	[1,1,1,12,12,1,1,1]	[1,1,1,15,15,1,1,1]	240000	{"1":1200000,"2":3600,"3":6000,"4":3000}	9105094	0	0601066	UI_CH00S209	CH00S209	1	[0,0,0,0,0,0,0,0]	0	[1,1,1,1,1,1]	[2,2,1,1,1,1]	[3,2,1,1,1,1]	[4,4,3,2,1,1]	[5,5,4,3,3,1]	[6,6,5,3,2,1]	["0201019","0201019","0201019","0201019","0201025","0201025"]	["0201020","0201020","0201019","0201019","0201025","0201025"]	["0201021","0201020","0201025","0201025","0201025","0201025"]	["0201022","0201022","0201021","0201026","0201025","0201025"]	["0201023","0201023","0201022","0201027","0201027","0201025"]	["0201024","0201024","0201023","0201027","0201026","0201025"]	0		none	S	40	2	10
0105651	9005651	[1,1,1,1.8,1.8,1,1,1]	[1,1,1,3.5,3.5,1,1,1]	[1,1,1,5.5,5.5,1,1,1]	[1,1,1,7.5,7.5,1,1,1]	[1,1,1,10,10,1,1,1]	160000	{"1":600000,"2":1600,"3":4000,"4":2000}	9105020	0	0601067	UI_CH00S651	CH00S651	1	[0,0,0,47,25,0,0,0]	0	[1,1,1,1,1,1]	[2,2,1,1,1,1]	[3,2,1,1,1,1]	[4,4,3,2,1,1]	[5,5,4,3,3,1]	[6,6,5,3,2,1]	["0201019","0201019","0201019","0201019","0201025","0201025"]	["0201020","0201020","0201019","0201019","0201025","0201025"]	["0201021","0201020","0201025","0201025","0201025","0201025"]	["0201022","0201022","0201021","0201026","0201025","0201025"]	["0201023","0201023","0201022","0201027","0201027","0201025"]	[]	0		none	A	30	2	5
0105654	9005654	[1,1,1,1.8,1.8,1,1,1]	[1,1,1,3.5,3.5,1,1,1]	[1,1,1,5.5,5.5,1,1,1]	[1,1,1,7.5,7.5,1,1,1]	[1,1,1,10,10,1,1,1]	160000	{"1":600000,"2":1600,"3":4000,"4":2000}	9105023	0	0601068	UI_CH00S654	CH00S654	1	[0,0,0,52,32,0,0,0]	0	[1,1,1,1,1,1]	[2,2,1,1,1,1]	[3,2,1,1,1,1]	[4,4,3,2,1,1]	[5,5,4,3,3,1]	[6,6,5,3,2,1]	["0201019","0201019","0201019","0201019","0201025","0201025"]	["0201020","0201020","0201019","0201019","0201025","0201025"]	["0201021","0201020","0201025","0201025","0201025","0201025"]	["0201022","0201022","0201021","0201026","0201025","0201025"]	[]	[]	0		drop	B	20	1	3
0105658	9005658	[1,1,1,2,2,1,1,1]	[1,1,1,4,4,1,1,1]	[1,1,1,8,8,1,1,1]	[1,1,1,12,12,1,1,1]	[1,1,1,15,15,1,1,1]	240000	{"1":1200000,"2":3600,"3":6000,"4":3000}	9105027	0	0601069	UI_CH00S658	CH00S658	1	[0,0,0,55,15,0,0,0]	0	[1,1,1,1,1,1]	[2,2,1,1,1,1]	[3,2,1,1,1,1]	[4,4,3,2,1,1]	[5,5,4,3,3,1]	[6,6,5,3,2,1]	["0201019","0201019","0201019","0201019","0201025","0201025"]	["0201020","0201020","0201019","0201019","0201025","0201025"]	["0201021","0201020","0201025","0201025","0201025","0201025"]	["0201022","0201022","0201021","0201026","0201025","0201025"]	["0201023","0201023","0201022","0201027","0201027","0201025"]	["0201024","0201024","0201023","0201027","0201026","0201025"]	0		drop	S	40	2	10
0105660	9005660	[1,1,1,1.8,1.8,1,1,1]	[1,1,1,3.5,3.5,1,1,1]	[1,1,1,5.5,5.5,1,1,1]	[1,1,1,7.5,7.5,1,1,1]	[1,1,1,10,10,1,1,1]	160000	{"1":600000,"2":1600,"3":4000,"4":2000}	9105029	0	0601070	UI_CH00S660	CH00S660	1	[0,0,0,50,34,0,0,0]	0	[1,1,1,1,1,1]	[2,2,1,1,1,1]	[3,2,1,1,1,1]	[4,4,3,2,1,1]	[5,5,4,3,3,1]	[6,6,5,3,2,1]	["0201019","0201019","0201019","0201019","0201025","0201025"]	["0201020","0201020","0201019","0201019","0201025","0201025"]	["0201021","0201020","0201025","0201025","0201025","0201025"]	["0201022","0201022","0201021","0201026","0201025","0201025"]	[]	[]	0		drop	B	20	1	3
0105664	9005664	[1,1,1,2,2,1,1,1]	[1,1,1,4,4,1,1,1]	[1,1,1,8,8,1,1,1]	[1,1,1,12,12,1,1,1]	[1,1,1,15,15,1,1,1]	240000	{"1":1200000,"2":3600,"3":6000,"4":3000}	9105033	0	0601071	UI_CH00S664	CH00S664	1	[0,0,0,50,27,0,0,0]	0	[1,1,1,1,1,1]	[2,2,1,1,1,1]	[3,2,1,1,1,1]	[4,4,3,2,1,1]	[5,5,4,3,3,1]	[6,6,5,3,2,1]	["0201019","0201019","0201019","0201019","0201025","0201025"]	["0201020","0201020","0201019","0201019","0201025","0201025"]	["0201021","0201020","0201025","0201025","0201025","0201025"]	["0201022","0201022","0201021","0201026","0201025","0201025"]	["0201023","0201023","0201022","0201027","0201027","0201025"]	["0201024","0201024","0201023","0201027","0201026","0201025"]	0		none	S	40	2	10
0105682	9005682	[1,1,1,1.8,1.8,1,1,1]	[1,1,1,3.5,3.5,1,1,1]	[1,1,1,5.5,5.5,1,1,1]	[1,1,1,7.5,7.5,1,1,1]	[1,1,1,10,10,1,1,1]	160000	{"1":600000,"2":1600,"3":4000,"4":2000}	9105067	0	0601072	UI_CH00S682	CH00S682	1	[0,0,0,50,40,0,0,0]	0	[1,1,1,1,1,1]	[2,2,1,1,1,1]	[3,2,1,1,1,1]	[4,4,3,2,1,1]	[5,5,4,3,3,1]	[6,6,5,3,2,1]	["0201019","0201019","0201019","0201019","0201025","0201025"]	["0201020","0201020","0201019","0201019","0201025","0201025"]	["0201021","0201020","0201025","0201025","0201025","0201025"]	["0201022","0201022","0201021","0201026","0201025","0201025"]	["0201023","0201023","0201022","0201027","0201027","0201025"]	[]	0		none	A	30	2	5
0105690	9005690	[1,1,1,1.8,1.8,1,1,1]	[1,1,1,3.5,3.5,1,1,1]	[1,1,1,5.5,5.5,1,1,1]	[1,1,1,7.5,7.5,1,1,1]	[1,1,1,10,10,1,1,1]	160000	{"1":600000,"2":1600,"3":4000,"4":2000}	9105075	0	0601073	UI_CH00S690	CH00S690	1	[0,0,0,60,35,0,0,0]	0	[1,1,1,1,1,1]	[2,2,1,1,1,1]	[3,2,1,1,1,1]	[4,4,3,2,1,1]	[5,5,4,3,3,1]	[6,6,5,3,2,1]	["0201019","0201019","0201019","0201019","0201025","0201025"]	["0201020","0201020","0201019","0201019","0201025","0201025"]	["0201021","0201020","0201025","0201025","0201025","0201025"]	["0201022","0201022","0201021","0201026","0201025","0201025"]	["0201023","0201023","0201022","0201027","0201027","0201025"]	[]	0		none	A	30	2	5
0105667	9005667	[1,1,1,1.8,1.8,1,1,1]	[1,1,1,3.5,3.5,1,1,1]	[1,1,1,5.5,5.5,1,1,1]	[1,1,1,7.5,7.5,1,1,1]	[1,1,1,10,10,1,1,1]	160000	{"1":600000,"2":1600,"3":4000,"4":2000}	9105052	0	0601074	UI_CH00S667	CH00S667	1	[0,0,0,46,20,0,0,0]	0	[1,1,1,1,1,1]	[2,2,1,1,1,1]	[3,2,1,1,1,1]	[4,4,3,2,1,1]	[5,5,4,3,3,1]	[6,6,5,3,2,1]	["0201019","0201019","0201019","0201019","0201025","0201025"]	["0201020","0201020","0201019","0201019","0201025","0201025"]	["0201021","0201020","0201025","0201025","0201025","0201025"]	["0201022","0201022","0201021","0201026","0201025","0201025"]	["0201023","0201023","0201022","0201027","0201027","0201025"]	[]	0		none	A	30	2	5
0102001	9002001	[1,1,1,1.5,1.5,1,1,1]	[1,1,1,3,3,1,1,1]	[1,1,1,5,5,1,1,1]	[1,1,1,7.5,7.5,1,1,1]	[1,1,1,10,10,1,1,1]	240000	{"1":1200000,"2":3600,"3":6000,"4":3000}	9102001	0		UI_CH00BI01	CH00BI01	1	[0,0,0,0,0,0,0,0]	1	[1,1,1,1,1,1]	[2,2,1,1,1,1]	[3,2,1,1,1,1]	[4,4,3,2,1,1]	[5,5,4,3,3,1]	[6,6,5,3,2,1]	["0201025","0201025","0201025","0201025","0201019","0201019"]	["0201026","0201026","0201019","0201019","0201019","0201019"]	["0201027","0201026","0201019","0201019","0201019","0201019"]	[]	[]	[]	2		none	C	10	1	0
0102002	9002002	[1,1,1,1.5,1.5,1,1,1]	[1,1,1,3,3,1,1,1]	[1,1,1,5,5,1,1,1]	[1,1,1,7.5,7.5,1,1,1]	[1,1,1,10,10,1,1,1]	240000	{"1":1200000,"2":3600,"3":6000,"4":3000}	9102002	0		UI_CH00BI02	CH00BI02	1	[0,0,0,0,0,0,0,0]	1	[1,1,1,1,1,1]	[2,2,1,1,1,1]	[3,2,1,1,1,1]	[4,4,3,2,1,1]	[5,5,4,3,3,1]	[6,6,5,3,2,1]	["0201025","0201025","0201025","0201025","0201019","0201019"]	["0201026","0201026","0201019","0201019","0201019","0201019"]	["0201027","0201026","0201019","0201019","0201019","0201019"]	[]	[]	[]	2		none	C	10	1	0
0102003	9002003	[1,1,1,1.5,1.5,1,1,1]	[1,1,1,3,3,1,1,1]	[1,1,1,5,5,1,1,1]	[1,1,1,7.5,7.5,1,1,1]	[1,1,1,10,10,1,1,1]	240000	{"1":1200000,"2":3600,"3":6000,"4":3000}	9102003	0		UI_CH00BI03	CH00BI03	1	[0,0,0,0,0,0,0,0]	1	[1,1,1,1,1,1]	[2,2,1,1,1,1]	[3,2,1,1,1,1]	[4,4,3,2,1,1]	[5,5,4,3,3,1]	[6,6,5,3,2,1]	["0201025","0201025","0201025","0201025","0201019","0201019"]	["0201026","0201026","0201019","0201019","0201019","0201019"]	["0201027","0201026","0201019","0201019","0201019","0201019"]	[]	[]	[]	2		none	C	10	1	0
0102004	9002004	[1,1,1,1.5,1.5,1,1,1]	[1,1,1,3,3,1,1,1]	[1,1,1,5,5,1,1,1]	[1,1,1,7.5,7.5,1,1,1]	[1,1,1,10,10,1,1,1]	7500	{"1":75000,"2":100,"3":1000,"4":500}	9102004	0		UI_CH00BI04	CH00BI04	1	[0,0,0,16,30,0,0,0]	0	[1,1,1,1,1,1]	[2,2,1,1,1,1]	[3,2,1,1,1,1]	[4,4,3,2,1,1]	[5,5,4,3,3,1]	[6,6,5,3,2,1]	["0201025","0201025","0201025","0201025","0201019","0201019"]	["0201026","0201026","0201019","0201019","0201019","0201019"]	["0201027","0201026","0201019","0201019","0201019","0201019"]	[]	[]	[]	1	CH00BI03	shop	C	10	1	0
0102005	9002005	[1,1,1,1.5,1.5,1,1,1]	[1,1,1,3,3,1,1,1]	[1,1,1,5,5,1,1,1]	[1,1,1,7.5,7.5,1,1,1]	[1,1,1,10,10,1,1,1]	160000	{"1":600000,"2":1600,"3":4000,"4":2000}	9102005	0		UI_CH00BI05	CH00BI05	1	[0,0,0,18,28,0,0,0]	0	[1,1,1,1,1,1]	[2,2,1,1,1,1]	[3,2,1,1,1,1]	[4,4,3,2,1,1]	[5,5,4,3,3,1]	[6,6,5,3,2,1]	["0201025","0201025","0201025","0201025","0201019","0201019"]	["0201026","0201026","0201019","0201019","0201019","0201019"]	["0201027","0201026","0201019","0201019","0201019","0201019"]	[]	[]	[]	1	CH00BI02	shop	C	10	1	0
0102006	9002006	[1,1,1,1.5,1.5,1,1,1]	[1,1,1,3,3,1,1,1]	[1,1,1,5,5,1,1,1]	[1,1,1,7.5,7.5,1,1,1]	[1,1,1,10,10,1,1,1]	240000	{"1":1200000,"2":3600,"3":6000,"4":3000}	9102006	0		UI_CH00BI06	CH00BI06	1	[0,0,0,0,0,0,0,0]	1	[1,1,1,1,1,1]	[2,2,1,1,1,1]	[3,2,1,1,1,1]	[4,4,3,2,1,1]	[5,5,4,3,3,1]	[6,6,5,3,2,1]	["0201025","0201025","0201025","0201025","0201019","0201019"]	["0201026","0201026","0201019","0201019","0201019","0201019"]	["0201027","0201026","0201019","0201019","0201019","0201019"]	[]	[]	[]	2		none	C	10	1	0
0102007	9002007	[1,1,1,1.5,1.5,1,1,1]	[1,1,1,3,3,1,1,1]	[1,1,1,5,5,1,1,1]	[1,1,1,7.5,7.5,1,1,1]	[1,1,1,10,10,1,1,1]	160000	{"1":600000,"2":1600,"3":4000,"4":2000}	9102007	0		UI_CH00BI07	CH00BI07	1	[0,0,0,17,29,0,0,0]	0	[1,1,1,1,1,1]	[2,2,1,1,1,1]	[3,2,1,1,1,1]	[4,4,3,2,1,1]	[5,5,4,3,3,1]	[6,6,5,3,2,1]	["0201025","0201025","0201025","0201025","0201019","0201019"]	["0201026","0201026","0201019","0201019","0201019","0201019"]	["0201027","0201026","0201019","0201019","0201019","0201019"]	[]	[]	[]	2	CH00BI06	eshop	C	10	1	0
0102008	9002008	[1,1,1,1.5,1.5,1,1,1]	[1,1,1,3,3,1,1,1]	[1,1,1,5,5,1,1,1]	[1,1,1,7.5,7.5,1,1,1]	[1,1,1,10,10,1,1,1]	160000	{"1":600000,"2":1600,"3":4000,"4":2000}	9102008	0		UI_CH00BI08	CH00BI08	1	[0,0,0,0,0,0,0,0]	1	[1,1,1,1,1,1]	[2,2,1,1,1,1]	[3,2,1,1,1,1]	[4,4,3,2,1,1]	[5,5,4,3,3,1]	[6,6,5,3,2,1]	["0201025","0201025","0201025","0201025","0201019","0201019"]	["0201026","0201026","0201019","0201019","0201019","0201019"]	["0201027","0201026","0201019","0201019","0201019","0201019"]	["0201028","0201028","0201027","0201020","0201019","0201019"]	[]	[]	2		none	B	20	1	3
0102009	9002009	[1,1,1,2,2,1,1,1]	[1,1,1,4,4,1,1,1]	[1,1,1,8,8,1,1,1]	[1,1,1,12,12,1,1,1]	[1,1,1,15,15,1,1,1]	240000	{"1":1200000,"2":3600,"3":6000,"4":3000}	9102009	0		UI_CH00BI09	CH00BI09	1	[0,0,0,23,58,0,0,0]	0	[1,1,1,1,1,1]	[2,2,1,1,1,1]	[3,2,1,1,1,1]	[4,4,3,2,1,1]	[5,5,4,3,3,1]	[6,6,5,3,2,1]	["0201025","0201025","0201025","0201025","0201019","0201019"]	["0201026","0201026","0201019","0201019","0201019","0201019"]	["0201027","0201026","0201019","0201019","0201019","0201019"]	["0201028","0201028","0201021","0201020","0201031","0201031"]	["0201029","0201029","0201034","0201033","0201033","0201025"]	["0201030","0201030","0201041","0201039","0201038","0201025"]	0	CH00BI71	vdraw	S	40	2	10
0102010	9002010	[1,1,1,1.5,1.5,1,1,1]	[1,1,1,3,3,1,1,1]	[1,1,1,5,5,1,1,1]	[1,1,1,7.5,7.5,1,1,1]	[1,1,1,10,10,1,1,1]	160000	{"1":600000,"2":1600,"3":4000,"4":2000}	9102010	0		UI_CH00BI10	CH00BI10	1	[0,0,0,0,0,0,0,0]	1	[1,1,1,1,1,1]	[2,2,1,1,1,1]	[3,2,1,1,1,1]	[4,4,3,2,1,1]	[5,5,4,3,3,1]	[6,6,5,3,2,1]	["0201025","0201025","0201025","0201025","0201019","0201019"]	["0201026","0201026","0201019","0201019","0201019","0201019"]	["0201027","0201026","0201019","0201019","0201019","0201019"]	["0201028","0201028","0201027","0201020","0201019","0201019"]	[]	[]	2		none	B	20	1	3
0102011	9002011	[1,1,1,1.5,1.5,1,1,1]	[1,1,1,3,3,1,1,1]	[1,1,1,5,5,1,1,1]	[1,1,1,7.5,7.5,1,1,1]	[1,1,1,10,10,1,1,1]	7500	{"1":75000,"2":100,"3":1000,"4":500}	9102011	0		UI_CH00BI11	CH00BI11	1	[0,0,0,13,33,0,0,0]	0	[1,1,1,1,1,1]	[2,2,1,1,1,1]	[3,2,1,1,1,1]	[4,4,3,2,1,1]	[5,5,4,3,3,1]	[6,6,5,3,2,1]	["0201025","0201025","0201025","0201025","0201019","0201019"]	["0201026","0201026","0201019","0201019","0201019","0201019"]	["0201027","0201026","0201019","0201019","0201019","0201019"]	[]	[]	[]	0	CH00BI01	drop	C	10	1	0
0102012	9002012	[1,1,1,1.5,1.5,1,1,1]	[1,1,1,3,3,1,1,1]	[1,1,1,5,5,1,1,1]	[1,1,1,7.5,7.5,1,1,1]	[1,1,1,10,10,1,1,1]	240000	{"1":1200000,"2":3600,"3":6000,"4":3000}	9102012	0		UI_CH00BI12	CH00BI12	1	[0,0,0,18,28,0,0,0]	0	[1,1,1,1,1,1]	[2,2,1,1,1,1]	[3,2,1,1,1,1]	[4,4,3,2,1,1]	[5,5,4,3,3,1]	[6,6,5,3,2,1]	["0201025","0201025","0201025","0201025","0201019","0201019"]	["0201026","0201026","0201019","0201019","0201019","0201019"]	["0201027","0201026","0201019","0201019","0201019","0201019"]	[]	[]	[]	2	CH00BI12	none	C	10	1	0
0102013	9002013	[1,1,1,1.5,1.5,1,1,1]	[1,1,1,3,3,1,1,1]	[1,1,1,5,5,1,1,1]	[1,1,1,7.5,7.5,1,1,1]	[1,1,1,10,10,1,1,1]	240000	{"1":1200000,"2":3600,"3":6000,"4":3000}	9102013	0		UI_CH00BI13	CH00BI13	1	[0,0,0,20,26,0,0,0]	0	[1,1,1,1,1,1]	[2,2,1,1,1,1]	[3,2,1,1,1,1]	[4,4,3,2,1,1]	[5,5,4,3,3,1]	[6,6,5,3,2,1]	["0201025","0201025","0201025","0201025","0201019","0201019"]	["0201026","0201026","0201019","0201019","0201019","0201019"]	["0201027","0201026","0201019","0201019","0201019","0201019"]	[]	[]	[]	2	CH00BI13	none	C	10	1	0
0102014	9002014	[1,1,1,1.5,1.5,1,1,1]	[1,1,1,3,3,1,1,1]	[1,1,1,5,5,1,1,1]	[1,1,1,7.5,7.5,1,1,1]	[1,1,1,10,10,1,1,1]	7500	{"1":75000,"2":100,"3":1000,"4":500}	9102014	0		UI_CH00BI14	CH00BI14	1	[0,0,0,15,35,0,0,0]	0	[1,1,1,1,1,1]	[2,2,1,1,1,1]	[3,2,1,1,1,1]	[4,4,3,2,1,1]	[5,5,4,3,3,1]	[6,6,5,3,2,1]	["0201025","0201025","0201025","0201025","0201019","0201019"]	["0201026","0201026","0201019","0201019","0201019","0201019"]	["0201027","0201026","0201019","0201019","0201019","0201019"]	[]	[]	[]	0	CH00BI03	shop	C	10	1	0
0102015	9002015	[1,1,1,1.5,1.5,1,1,1]	[1,1,1,3,3,1,1,1]	[1,1,1,5,5,1,1,1]	[1,1,1,7.5,7.5,1,1,1]	[1,1,1,10,10,1,1,1]	7500	{"1":75000,"2":100,"3":1000,"4":500}	9102015	0		UI_CH00BI15	CH00BI15	1	[0,0,0,13,35,0,0,0]	0	[1,1,1,1,1,1]	[2,2,1,1,1,1]	[3,2,1,1,1,1]	[4,4,3,2,1,1]	[5,5,4,3,3,1]	[6,6,5,3,2,1]	["0201025","0201025","0201025","0201025","0201019","0201019"]	["0201026","0201026","0201019","0201019","0201019","0201019"]	["0201027","0201026","0201019","0201019","0201019","0201019"]	[]	[]	[]	1	CH00BI01	gdraw	C	10	1	0
0102016	9002016	[1,1,1,1.5,1.5,1,1,1]	[1,1,1,3,3,1,1,1]	[1,1,1,5,5,1,1,1]	[1,1,1,7.5,7.5,1,1,1]	[1,1,1,10,10,1,1,1]	160000	{"1":600000,"2":1600,"3":4000,"4":2000}	9102016	0		UI_CH00BI16	CH00BI16	1	[0,0,0,23,43,0,0,0]	0	[1,1,1,1,1,1]	[2,2,1,1,1,1]	[3,2,1,1,1,1]	[4,4,3,2,1,1]	[5,5,4,3,3,1]	[6,6,5,3,2,1]	["0201025","0201025","0201025","0201025","0201019","0201019"]	["0201026","0201026","0201019","0201019","0201019","0201019"]	["0201027","0201026","0201019","0201019","0201019","0201019"]	["0201028","0201028","0201027","0201020","0201019","0201019"]	[]	[]	0	CH00BI08	shop	B	20	1	3
0102017	9002017	[1,1,1,1.5,1.5,1,1,1]	[1,1,1,3,3,1,1,1]	[1,1,1,5,5,1,1,1]	[1,1,1,7.5,7.5,1,1,1]	[1,1,1,10,10,1,1,1]	160000	{"1":600000,"2":1600,"3":4000,"4":2000}	9102017	0		UI_CH00BI17	CH00BI17	1	[0,0,0,28,44,0,0,0]	0	[1,1,1,1,1,1]	[2,2,1,1,1,1]	[3,2,1,1,1,1]	[4,4,3,2,1,1]	[5,5,4,3,3,1]	[6,6,5,3,2,1]	["0201025","0201025","0201025","0201025","0201019","0201019"]	["0201026","0201026","0201019","0201019","0201019","0201019"]	["0201027","0201026","0201019","0201019","0201019","0201019"]	["0201028","0201028","0201027","0201020","0201019","0201019"]	[]	[]	0	CH00BI10	eshop	B	20	1	3
0102018	9002018	[1,1,1,1.5,1.5,1,1,1]	[1,1,1,3,3,1,1,1]	[1,1,1,5,5,1,1,1]	[1,1,1,7.5,7.5,1,1,1]	[1,1,1,10,10,1,1,1]	160000	{"1":75000,"2":100,"3":1000,"4":500}	9102018	0		UI_CH00BI18	CH00BI18	1	[0,0,0,13,37,0,0,0]	0	[1,1,1,1,1,1]	[2,2,1,1,1,1]	[3,2,1,1,1,1]	[4,4,3,2,1,1]	[5,5,4,3,3,1]	[6,6,5,3,2,1]	["0201025","0201025","0201025","0201025","0201019","0201019"]	["0201026","0201026","0201019","0201019","0201019","0201019"]	["0201027","0201026","0201019","0201019","0201019","0201019"]	["0201028","0201028","0201027","0201020","0201019","0201019"]	[]	[]	0	CH00BI06	none	B	20	1	3
0102019	9002019	[1,1,1,1.5,1.5,1,1,1]	[1,1,1,3,3,1,1,1]	[1,1,1,5,5,1,1,1]	[1,1,1,7.5,7.5,1,1,1]	[1,1,1,10,10,1,1,1]	7500	{"1":75000,"2":100,"3":1000,"4":500}	9102019	0		UI_CH00BI19	CH00BI19	1	[0,0,0,10,40,0,0,0]	0	[1,1,1,1,1,1]	[2,2,1,1,1,1]	[3,2,1,1,1,1]	[4,4,3,2,1,1]	[5,5,4,3,3,1]	[6,6,5,3,2,1]	["0201025","0201025","0201025","0201025","0201019","0201019"]	["0201026","0201026","0201019","0201019","0201019","0201019"]	["0201027","0201026","0201019","0201019","0201019","0201019"]	[]	[]	[]	1	CH00BI03	vdraw	C	10	1	0
0102020	9002020	[1,1,1,1.5,1.5,1,1,1]	[1,1,1,3,3,1,1,1]	[1,1,1,5,5,1,1,1]	[1,1,1,7.5,7.5,1,1,1]	[1,1,1,10,10,1,1,1]	7500	{"1":75000,"2":100,"3":1000,"4":500}	9102020	0		UI_CH00BI20	CH00BI20	1	[0,0,0,17,23,0,0,0]	0	[1,1,1,1,1,1]	[2,2,1,1,1,1]	[3,2,1,1,1,1]	[4,4,3,2,1,1]	[5,5,4,3,3,1]	[6,6,5,3,2,1]	["0201025","0201025","0201025","0201025","0201019","0201019"]	["0201026","0201026","0201019","0201019","0201019","0201019"]	["0201027","0201026","0201019","0201019","0201019","0201019"]	[]	[]	[]	0	CH00BI06	drop	C	10	1	0
0102021	9002021	[1,1,1,1.5,1.5,1,1,1]	[1,1,1,3,3,1,1,1]	[1,1,1,5,5,1,1,1]	[1,1,1,7.5,7.5,1,1,1]	[1,1,1,15,15,1,1,1]	240000	{"1":1200000,"2":3600,"3":6000,"4":3000}	9102021	0		UI_CH00BI21	CH00BI21	1	[0,0,0,0,0,0,0,0]	1	[1,1,1,1,1,1]	[2,2,1,1,1,1]	[3,2,1,1,1,1]	[4,4,3,2,1,1]	[5,5,4,3,3,1]	[6,6,5,3,2,1]	["0201025","0201025","0201025","0201025","0201019","0201019"]	["0201026","0201026","0201019","0201019","0201019","0201019"]	["0201027","0201026","0201019","0201019","0201019","0201019"]	["0201028","0201028","0201027","0201020","0201019","0201019"]	["0201029","0201029","0201028","0201021","0201021","0201019"]	["0201030","0201030","0201029","0201021","0201020","0201019"]	2		none		6	1	0
0102022	9002022	[1,1,1,1.5,1.5,1,1,1]	[1,1,1,3,3,1,1,1]	[1,1,1,5,5,1,1,1]	[1,1,1,7.5,7.5,1,1,1]	[1,1,1,15,15,1,1,1]	240000	{"1":1200000,"2":3600,"3":6000,"4":3000}	9102022	0		UI_CH00BI22	CH00BI22	1	[0,0,0,0,0,0,0,0]	1	[1,1,1,1,1,1]	[2,2,1,1,1,1]	[3,2,1,1,1,1]	[4,4,3,2,1,1]	[5,5,4,3,3,1]	[6,6,5,3,2,1]	["0201025","0201025","0201025","0201025","0201019","0201019"]	["0201026","0201026","0201019","0201019","0201019","0201019"]	["0201027","0201026","0201019","0201019","0201019","0201019"]	["0201028","0201028","0201027","0201020","0201019","0201019"]	["0201029","0201029","0201028","0201021","0201021","0201019"]	["0201030","0201030","0201029","0201021","0201020","0201019"]	2		none		6	1	0
0102023	9002023	[1,1,1,1.5,1.5,1,1,1]	[1,1,1,3,3,1,1,1]	[1,1,1,5,5,1,1,1]	[1,1,1,7.5,7.5,1,1,1]	[1,1,1,10,10,1,1,1]	160000	{"1":600000,"2":1600,"3":4000,"4":2000}	9102023	0		UI_CH00BI23	CH00BI23	1	[0,0,0,0,0,0,0,0]	1	[1,1,1,1,1,1]	[2,2,1,1,1,1]	[3,2,1,1,1,1]	[4,4,3,2,1,1]	[5,5,4,3,3,1]	[6,6,5,3,2,1]	["0201025","0201025","0201025","0201025","0201019","0201019"]	["0201026","0201026","0201019","0201019","0201019","0201019"]	["0201027","0201026","0201019","0201019","0201019","0201019"]	["0201028","0201028","0201027","0201020","0201019","0201019"]	[]	[]	2		none	B	20	1	3
0102024	9002024	[1,1,1,1.5,1.5,1,1,1]	[1,1,1,3,3,1,1,1]	[1,1,1,5,5,1,1,1]	[1,1,1,7.5,7.5,1,1,1]	[1,1,1,10,10,1,1,1]	7500	{"1":75000,"2":100,"3":1000,"4":500}	9102024	0		UI_CH00BI24	CH00BI24	1	[0,0,0,30,52,0,0,0]	0	[1,1,1,1,1,1]	[2,2,1,1,1,1]	[3,2,1,1,1,1]	[4,4,3,2,1,1]	[5,5,4,3,3,1]	[6,6,5,3,2,1]	["0201025","0201025","0201025","0201025","0201019","0201019"]	["0201026","0201026","0201019","0201019","0201019","0201019"]	["0201027","0201026","0201019","0201019","0201019","0201019"]	[]	[]	[]	0	CH00BI10	none	C	10	1	0
0102025	9002025	[1,1,1,1.8,1.8,1,1,1]	[1,1,1,3.5,3.5,1,1,1]	[1,1,1,5.5,5.5,1,1,1]	[1,1,1,7.5,7.5,1,1,1]	[1,1,1,10,10,1,1,1]	160000	{"1":600000,"2":1600,"3":4000,"4":2000}	9102025	0	0601021	UI_CH00BI25	CH00BI25	1	[0,0,0,35,45,0,0,0]	0	[1,1,1,1,1,1]	[2,2,1,1,1,1]	[3,2,1,1,1,1]	[4,4,3,2,1,1]	[5,5,4,3,3,1]	[6,6,5,3,2,1]	["0201025","0201025","0201025","0201025","0201019","0201019"]	["0201026","0201026","0201019","0201019","0201019","0201019"]	["0201027","0201026","0201019","0201019","0201019","0201019"]	["0201028","0201028","0201027","0201020","0201019","0201019"]	["0201029","0201029","0201028","0201021","0201021","0201019"]	[]	0	CH00BI13	vdraw	A	30	2	5
0102026	9002026	[1,1,1,1.5,1.5,1,1,1]	[1,1,1,3,3,1,1,1]	[1,1,1,5,5,1,1,1]	[1,1,1,7.5,7.5,1,1,1]	[1,1,1,10,10,1,1,1]	160000	{"1":600000,"2":1600,"3":4000,"4":2000}	9102026	0		UI_CH00BI26	CH00BI26	1	[0,0,0,28,40,0,0,0]	0	[1,1,1,1,1,1]	[2,2,1,1,1,1]	[3,2,1,1,1,1]	[4,4,3,2,1,1]	[5,5,4,3,3,1]	[6,6,5,3,2,1]	["0201025","0201025","0201025","0201025","0201019","0201019"]	["0201026","0201026","0201019","0201019","0201019","0201019"]	["0201027","0201026","0201019","0201019","0201019","0201019"]	["0201028","0201028","0201027","0201020","0201019","0201019"]	[]	[]	0	CH00BI23	shop	B	20	1	3
0102027	9002027	[1,1,1,1.8,1.8,1,1,1]	[1,1,1,3.5,3.5,1,1,1]	[1,1,1,5.5,5.5,1,1,1]	[1,1,1,7.5,7.5,1,1,1]	[1,1,1,10,10,1,1,1]	160000	{"1":600000,"2":1600,"3":4000,"4":2000}	9102027	0		UI_CH00BI10	CH00BI10	1	[0,0,0,0,0,0,0,0]	1	[1,1,1,1,1,1]	[2,2,1,1,1,1]	[3,2,1,1,1,1]	[4,4,3,2,1,1]	[5,5,4,3,3,1]	[6,6,5,3,2,1]	["0201025","0201025","0201025","0201025","0201019","0201019"]	["0201026","0201026","0201019","0201019","0201019","0201019"]	["0201027","0201026","0201019","0201019","0201019","0201019"]	["0201028","0201028","0201027","0201020","0201019","0201019"]	["0201029","0201029","0201028","0201021","0201021","0201019"]	[]	0	CH00BI13	none	A	30	2	5
0102028	9002028	[1,1,1,1.8,1.8,1,1,1]	[1,1,1,3.5,3.5,1,1,1]	[1,1,1,5.5,5.5,1,1,1]	[1,1,1,7.5,7.5,1,1,1]	[1,1,1,10,10,1,1,1]	160000	{"1":600000,"2":1600,"3":4000,"4":2000}	9102028	0		UI_CH00BI28	CH00BI28	1	[0,0,0,32,50,0,0,0]	0	[1,1,1,1,1,1]	[2,2,1,1,1,1]	[3,2,1,1,1,1]	[4,4,3,2,1,1]	[5,5,4,3,3,1]	[6,6,5,3,2,1]	["0201025","0201025","0201025","0201025","0201019","0201019"]	["0201026","0201026","0201019","0201019","0201019","0201019"]	["0201027","0201026","0201019","0201019","0201019","0201019"]	["0201028","0201028","0201021","0201020","0201061","0201061"]	["0201029","0201029","0201022","0201063","0201063","0201061"]	[]	0	CH00BI12	none	A	30	2	5
0102029	9002029	[1,1,1,1.8,1.8,1,1,1]	[1,1,1,3.5,3.5,1,1,1]	[1,1,1,5.5,5.5,1,1,1]	[1,1,1,7.5,7.5,1,1,1]	[1,1,1,10,10,1,1,1]	160000	{"1":600000,"2":1600,"3":4000,"4":2000}	9102029	0	0601015	UI_CH00BI29	CH00BI29	1	[0,0,0,32,50,0,0,0]	0	[1,1,1,1,1,1]	[2,2,1,1,1,1]	[3,2,1,1,1,1]	[4,4,3,2,1,1]	[5,5,4,3,3,1]	[6,6,5,3,2,1]	["0201025","0201025","0201025","0201025","0201025","0201025"]	["0201026","0201026","0201019","0201019","0201019","0201019"]	["0201027","0201026","0201019","0201019","0201019","0201019"]	["0201028","0201028","0201021","0201020","0201061","0201061"]	["0201029","0201029","0201022","0201063","0201063","0201061"]	[]	1	CH00BI08	none	A	30	2	5
0102030	9002030	[1,1,1,2,2,1,1,1]	[1,1,1,4,4,1,1,1]	[1,1,1,8,8,1,1,1]	[1,1,1,12,12,1,1,1]	[1,1,1,15,15,1,1,1]	240000	{"1":1200000,"2":3600,"3":6000,"4":3000}	9102030	0	0601013	UI_CH00BI30	CH00BI30	1	[0,0,0,20,50,0,0,0]	1	[1,1,1,1,1,1]	[2,2,1,1,1,1]	[3,2,1,1,1,1]	[4,4,3,2,1,1]	[5,5,4,3,3,1]	[6,6,5,3,2,1]	["0201025","0201025","0201025","0201025","0201025","0201025"]	["0201026","0201026","0201019","0201019","0201019","0201019"]	["0201027","0201026","0201019","0201019","0201019","0201019"]	["0201028","0201028","0201021","0201020","0201031","0201031"]	["0201029","0201029","0201034","0201033","0201033","0201025"]	["0201030","0201030","0201041","0201039","0201038","0201025"]	0	CH00BI21	vdraw	S	40	2	10
0102031	9002031	[1,1,1,1.5,1.5,1,1,1]	[1,1,1,3,3,1,1,1]	[1,1,1,5,5,1,1,1]	[1,1,1,7.5,7.5,1,1,1]	[1,1,1,15,15,1,1,1]	240000	{"1":1200000,"2":3600,"3":6000,"4":3000}	9102031	0		UI_CH00BI31	CH00BI31	1	[0,0,0,45,55,0,0,0]	1	[1,1,1,1,1,1]	[2,2,1,1,1,1]	[3,2,1,1,1,1]	[4,4,3,2,1,1]	[5,5,4,3,3,1]	[6,6,5,3,2,1]	["0201025","0201025","0201025","0201025","0201019","0201019"]	["0201026","0201026","0201019","0201019","0201019","0201019"]	["0201027","0201026","0201019","0201019","0201019","0201019"]	["0201028","0201028","0201027","0201020","0201019","0201019"]	["0201029","0201029","0201028","0201021","0201021","0201019"]	["0201030","0201030","0201029","0201021","0201020","0201019"]	1		none		6	1	0
0102032	9002032	[1,1,1,1.5,1.5,1,1,1]	[1,1,1,3,3,1,1,1]	[1,1,1,5,5,1,1,1]	[1,1,1,7.5,7.5,1,1,1]	[1,1,1,10,10,1,1,1]	160000	{"1":75000,"2":100,"3":1000,"4":500}	9102032	0		UI_CH00BI32	CH00BI32	1	[0,0,0,15,37,0,0,0]	0	[1,1,1,1,1,1]	[2,2,1,1,1,1]	[3,2,1,1,1,1]	[4,4,3,2,1,1]	[5,5,4,3,3,1]	[6,6,5,3,2,1]	["0201025","0201025","0201025","0201025","0201019","0201019"]	["0201026","0201026","0201019","0201019","0201019","0201019"]	["0201027","0201026","0201019","0201019","0201019","0201019"]	["0201028","0201028","0201027","0201020","0201019","0201019"]	[]	[]	0	CH00BI01	shop	B	20	1	3
0102033	9002033	[1,1,1,1.5,1.5,1,1,1]	[1,1,1,3,3,1,1,1]	[1,1,1,5,5,1,1,1]	[1,1,1,7.5,7.5,1,1,1]	[1,1,1,10,10,1,1,1]	160000	{"1":75000,"2":100,"3":1000,"4":500}	9102033	0		UI_CH00BI33	CH00BI33	1	[0,0,0,18,34,0,0,0]	0	[1,1,1,1,1,1]	[2,2,1,1,1,1]	[3,2,1,1,1,1]	[4,4,3,2,1,1]	[5,5,4,3,3,1]	[6,6,5,3,2,1]	["0201025","0201025","0201025","0201025","0201019","0201019"]	["0201026","0201026","0201019","0201019","0201019","0201019"]	["0201027","0201026","0201019","0201019","0201019","0201019"]	["0201028","0201028","0201027","0201020","0201019","0201019"]	[]	[]	0	CH00BI02	drop	B	20	1	3
0102034	9002034	[1,1,1,1.5,1.5,1,1,1]	[1,1,1,3,3,1,1,1]	[1,1,1,5,5,1,1,1]	[1,1,1,7.5,7.5,1,1,1]	[1,1,1,10,10,1,1,1]	160000	{"1":75000,"2":100,"3":1000,"4":500}	9102034	0		UI_CH00BI34	CH00BI34	1	[0,0,0,17,37,0,0,0]	0	[1,1,1,1,1,1]	[2,2,1,1,1,1]	[3,2,1,1,1,1]	[4,4,3,2,1,1]	[5,5,4,3,3,1]	[6,6,5,3,2,1]	["0201025","0201025","0201025","0201025","0201019","0201019"]	["0201026","0201026","0201019","0201019","0201019","0201019"]	["0201027","0201026","0201019","0201019","0201019","0201019"]	["0201028","0201028","0201027","0201020","0201019","0201019"]	[]	[]	0	CH00BI06	vdraw	B	20	1	3
0102035	9002035	[1,1,1,1.5,1.5,1,1,1]	[1,1,1,3,3,1,1,1]	[1,1,1,5,5,1,1,1]	[1,1,1,7.5,7.5,1,1,1]	[1,1,1,10,10,1,1,1]	7500	{"1":75000,"2":100,"3":1000,"4":500}	9102035	0		UI_CH00BI35	CH00BI35	1	[0,0,0,20,24,0,0,0]	0	[1,1,1,1,1,1]	[2,2,1,1,1,1]	[3,2,1,1,1,1]	[4,4,3,2,1,1]	[5,5,4,3,3,1]	[6,6,5,3,2,1]	["0201025","0201025","0201025","0201025","0201019","0201019"]	["0201026","0201026","0201019","0201019","0201019","0201019"]	["0201027","0201026","0201019","0201019","0201019","0201019"]	[]	[]	[]	0	CH00BI02	none	C	10	1	0
0102036	9002036	[1,1,1,1.8,1.8,1,1,1]	[1,1,1,3.5,3.5,1,1,1]	[1,1,1,5.5,5.5,1,1,1]	[1,1,1,7.5,7.5,1,1,1]	[1,1,1,10,10,1,1,1]	160000	{"1":600000,"2":1600,"3":4000,"4":2000}	9102036	0		UI_CH00BI36	CH00BI36	1	[0,0,0,18,32,0,0,0]	0	[1,1,1,1,1,1]	[2,2,1,1,1,1]	[3,2,1,1,1,1]	[4,4,3,2,1,1]	[5,5,4,3,3,1]	[6,6,5,3,2,1]	["0201025","0201025","0201025","0201025","0201019","0201019"]	["0201026","0201026","0201019","0201019","0201019","0201019"]	["0201027","0201026","0201019","0201019","0201019","0201019"]	["0201028","0201028","0201021","0201020","0201061","0201061"]	["0201029","0201029","0201022","0201063","0201063","0201061"]	[]	0	CH00BI03	shop	A	30	2	5
0102037	9002037	[1,1,1,1.5,1.5,1,1,1]	[1,1,1,3,3,1,1,1]	[1,1,1,5,5,1,1,1]	[1,1,1,7.5,7.5,1,1,1]	[1,1,1,10,10,1,1,1]	160000	{"1":600000,"2":1600,"3":4000,"4":2000}	9102037	0		UI_CH00BI37	CH00BI37	1	[0,0,0,23,45,0,0,0]	0	[1,1,1,1,1,1]	[2,2,1,1,1,1]	[3,2,1,1,1,1]	[4,4,3,2,1,1]	[5,5,4,3,3,1]	[6,6,5,3,2,1]	["0201025","0201025","0201025","0201025","0201019","0201019"]	["0201026","0201026","0201019","0201019","0201019","0201019"]	["0201027","0201026","0201019","0201019","0201019","0201019"]	["0201028","0201028","0201027","0201020","0201019","0201019"]	[]	[]	1	CH00BI03	vdraw	B	20	1	3
0102038	9002038	[1,1,1,1.5,1.5,1,1,1]	[1,1,1,3,3,1,1,1]	[1,1,1,5,5,1,1,1]	[1,1,1,7.5,7.5,1,1,1]	[1,1,1,10,10,1,1,1]	160000	{"1":600000,"2":1600,"3":4000,"4":2000}	9102038	0		UI_CH00BI38	CH00BI38	1	[0,0,0,25,43,0,0,0]	0	[1,1,1,1,1,1]	[2,2,1,1,1,1]	[3,2,1,1,1,1]	[4,4,3,2,1,1]	[5,5,4,3,3,1]	[6,6,5,3,2,1]	["0201025","0201025","0201025","0201025","0201019","0201019"]	["0201026","0201026","0201019","0201019","0201019","0201019"]	["0201027","0201026","0201019","0201019","0201019","0201019"]	["0201028","0201028","0201027","0201020","0201019","0201019"]	[]	[]	0	CH00BI08	vdraw	B	20	1	3
0102039	9002039	[1,1,1,1.5,1.5,1,1,1]	[1,1,1,3,3,1,1,1]	[1,1,1,5,5,1,1,1]	[1,1,1,7.5,7.5,1,1,1]	[1,1,1,10,10,1,1,1]	160000	{"1":600000,"2":1600,"3":4000,"4":2000}	9102039	0		UI_CH00BI39	CH00BI39	1	[0,0,0,25,55,0,0,0]	0	[1,1,1,1,1,1]	[2,2,1,1,1,1]	[3,2,1,1,1,1]	[4,4,3,2,1,1]	[5,5,4,3,3,1]	[6,6,5,3,2,1]	["0201025","0201025","0201025","0201025","0201019","0201019"]	["0201026","0201026","0201019","0201019","0201019","0201019"]	["0201027","0201026","0201019","0201019","0201019","0201019"]	["0201028","0201028","0201027","0201020","0201019","0201019"]	[]	[]	0	CH00BI10	vdraw	B	20	1	3
0102040	9002040	[1,1,1,1.5,1.5,1,1,1]	[1,1,1,3,3,1,1,1]	[1,1,1,5,5,1,1,1]	[1,1,1,7.5,7.5,1,1,1]	[1,1,1,10,10,1,1,1]	7500	{"1":75000,"2":100,"3":1000,"4":500}	9102040	0	0601022	UI_CH00BI40	CH00BI40	1	[0,0,0,12,42,0,0,0]	0	[1,1,1,1,1,1]	[2,2,1,1,1,1]	[3,2,1,1,1,1]	[4,4,3,2,1,1]	[5,5,4,3,3,1]	[6,6,5,3,2,1]	["0201025","0201025","0201025","0201025","0201019","0201019"]	["0201026","0201026","0201019","0201019","0201019","0201019"]	["0201027","0201026","0201019","0201019","0201019","0201019"]	[]	[]	[]	0	CH00BI13	none	C	10	1	0
0102041	9002041	[1,1,1,1.5,1.5,1,1,1]	[1,1,1,3,3,1,1,1]	[1,1,1,5,5,1,1,1]	[1,1,1,7.5,7.5,1,1,1]	[1,1,1,10,10,1,1,1]	160000	{"1":600000,"2":1600,"3":4000,"4":2000}	9102041	0		UI_CH00BI41	CH00BI41	1	[0,0,0,30,38,0,0,0]	0	[1,1,1,1,1,1]	[2,2,1,1,1,1]	[3,2,1,1,1,1]	[4,4,3,2,1,1]	[5,5,4,3,3,1]	[6,6,5,3,2,1]	["0201025","0201025","0201025","0201025","0201019","0201019"]	["0201026","0201026","0201019","0201019","0201019","0201019"]	["0201027","0201026","0201019","0201019","0201019","0201019"]	["0201028","0201028","0201027","0201020","0201019","0201019"]	[]	[]	0	CH00BI23	eshop	B	20	1	3
0102042	9002042	[1,1,1,1.5,1.5,1,1,1]	[1,1,1,3,3,1,1,1]	[1,1,1,5,5,1,1,1]	[1,1,1,7.5,7.5,1,1,1]	[1,1,1,10,10,1,1,1]	160000	{"1":600000,"2":1600,"3":4000,"4":2000}	9102042	0	0601020	UI_CH00BI42	CH00BI42	1	[0,0,0,28,40,0,0,0]	0	[1,1,1,1,1,1]	[2,2,1,1,1,1]	[3,2,1,1,1,1]	[4,4,3,2,1,1]	[5,5,4,3,3,1]	[6,6,5,3,2,1]	["0201025","0201025","0201025","0201025","0201019","0201019"]	["0201026","0201026","0201019","0201019","0201019","0201019"]	["0201027","0201026","0201019","0201019","0201019","0201019"]	["0201028","0201028","0201027","0201020","0201019","0201019"]	[]	[]	0	CH00BI08	eshop	B	20	1	3
0102043	9002043	[1,1,1,1.8,1.8,1,1,1]	[1,1,1,3.5,3.5,1,1,1]	[1,1,1,5.5,5.5,1,1,1]	[1,1,1,7.5,7.5,1,1,1]	[1,1,1,10,10,1,1,1]	160000	{"1":600000,"2":1600,"3":4000,"4":2000}	9102043	0		UI_CH00BI43	CH00BI43	1	[0,0,0,26,54,0,0,0]	0	[1,1,1,1,1,1]	[2,2,1,1,1,1]	[3,2,1,1,1,1]	[4,4,3,2,1,1]	[5,5,4,3,3,1]	[6,6,5,3,2,1]	["0201025","0201025","0201025","0201025","0201019","0201019"]	["0201026","0201026","0201019","0201019","0201019","0201019"]	["0201027","0201026","0201019","0201019","0201019","0201019"]	["0201028","0201028","0201027","0201020","0201019","0201019"]	["0201029","0201029","0201028","0201021","0201021","0201019"]	[]	0	CH00BI10	shop	A	30	2	5
0102044	9002044	[1,1,1,1.5,1.5,1,1,1]	[1,1,1,3,3,1,1,1]	[1,1,1,5,5,1,1,1]	[1,1,1,7.5,7.5,1,1,1]	[1,1,1,10,10,1,1,1]	160000	{"1":600000,"2":1600,"3":4000,"4":2000}	9102044	0		UI_CH00BI44	CH00BI44	1	[0,0,0,30,42,0,0,0]	0	[1,1,1,1,1,1]	[2,2,1,1,1,1]	[3,2,1,1,1,1]	[4,4,3,2,1,1]	[5,5,4,3,3,1]	[6,6,5,3,2,1]	["0201025","0201025","0201025","0201025","0201019","0201019"]	["0201026","0201026","0201019","0201019","0201019","0201019"]	["0201027","0201026","0201019","0201019","0201019","0201019"]	["0201028","0201028","0201027","0201020","0201019","0201019"]	[]	[]	0	CH00BI10	eshop	B	20	1	3
0102045	9002045	[1,1,1,1.8,1.8,1,1,1]	[1,1,1,3.5,3.5,1,1,1]	[1,1,1,5.5,5.5,1,1,1]	[1,1,1,7.5,7.5,1,1,1]	[1,1,1,10,10,1,1,1]	160000	{"1":600000,"2":1600,"3":4000,"4":2000}	9102045	0		UI_CH00BI45	CH00BI45	1	[0,0,0,28,57,0,0,0]	0	[1,1,1,1,1,1]	[2,2,1,1,1,1]	[3,2,1,1,1,1]	[4,4,3,2,1,1]	[5,5,4,3,3,1]	[6,6,5,3,2,1]	["0201025","0201025","0201025","0201025","0201019","0201019"]	["0201026","0201026","0201019","0201019","0201019","0201019"]	["0201027","0201026","0201019","0201019","0201019","0201019"]	["0201028","0201028","0201021","0201020","0201061","0201061"]	["0201029","0201029","0201022","0201063","0201063","0201061"]	[]	0	CH00BI02	none	A	30	2	5
0102046	9002046	[1,1,1,1.8,1.8,1,1,1]	[1,1,1,3.5,3.5,1,1,1]	[1,1,1,5.5,5.5,1,1,1]	[1,1,1,7.5,7.5,1,1,1]	[1,1,1,10,10,1,1,1]	160000	{"1":600000,"2":1600,"3":4000,"4":2000}	9102046	0		UI_CH00BI46	CH00BI46	1	[0,0,0,36,46,0,0,0]	0	[1,1,1,1,1,1]	[2,2,1,1,1,1]	[3,2,1,1,1,1]	[4,4,3,2,1,1]	[5,5,4,3,3,1]	[6,6,5,3,2,1]	["0201025","0201025","0201025","0201025","0201019","0201019"]	["0201026","0201026","0201019","0201019","0201019","0201019"]	["0201027","0201026","0201019","0201019","0201019","0201019"]	["0201028","0201028","0201027","0201020","0201019","0201019"]	["0201029","0201029","0201028","0201021","0201021","0201019"]	[]	0	CH00BI08	vdraw	A	30	2	5
0102047	9002047	[1,1,1,2,2,1,1,1]	[1,1,1,4,4,1,1,1]	[1,1,1,8,8,1,1,1]	[1,1,1,12,12,1,1,1]	[1,1,1,15,15,1,1,1]	240000	{"1":1200000,"2":3600,"3":6000,"4":3000}	9102047	0	0601016	UI_CH00BC47	CH00BC47	1	[0,0,0,26,40,0,0,0]	0	[1,1,1,1,1,1]	[2,2,1,1,1,1]	[3,2,1,1,1,1]	[4,4,3,2,1,1]	[5,5,4,3,3,1]	[6,6,5,3,2,1]	["0201025","0201025","0201025","0201025","0201025","0201025"]	["0201026","0201026","0201019","0201019","0201019","0201019"]	["0201027","0201026","0201019","0201019","0201019","0201019"]	["0201028","0201028","0201021","0201020","0201061","0201061"]	["0201029","0201029","0201022","0201063","0201063","0201061"]	["0201030","0201030","0201065","0201021","0201062","0201061"]	0	CH00BC88_1	drop	S	40	2	10
0102048	9002048	[1,1,1,1.5,1.5,1,1,1]	[1,1,1,3,3,1,1,1]	[1,1,1,5,5,1,1,1]	[1,1,1,7.5,7.5,1,1,1]	[1,1,1,10,10,1,1,1]	7500	{"1":75000,"2":100,"3":1000,"4":500}	9102048	0		UI_CH00BC48	CH00BC48	1	[0,0,0,0,0,0,0,0]	1	[1,1,1,1,1,1]	[2,2,1,1,1,1]	[3,2,1,1,1,1]	[4,4,3,2,1,1]	[5,5,4,3,3,1]	[6,6,5,3,2,1]	["0201025","0201025","0201025","0201025","0201019","0201019"]	["0201026","0201026","0201019","0201019","0201019","0201019"]	["0201027","0201026","0201019","0201019","0201019","0201019"]	[]	[]	[]	1	CH00BI12	none	C	10	1	0
0102049	9002049	[1,1,1,1.5,1.5,1,1,1]	[1,1,1,3,3,1,1,1]	[1,1,1,5,5,1,1,1]	[1,1,1,7.5,7.5,1,1,1]	[1,1,1,10,10,1,1,1]	160000	{"1":600000,"2":1600,"3":4000,"4":2000}	9102049	0		UI_CH00BI49	CH00BI49	1	[0,0,0,30,38,0,0,0]	0	[1,1,1,1,1,1]	[2,2,1,1,1,1]	[3,2,1,1,1,1]	[4,4,3,2,1,1]	[5,5,4,3,3,1]	[6,6,5,3,2,1]	["0201025","0201025","0201025","0201025","0201019","0201019"]	["0201026","0201026","0201019","0201019","0201019","0201019"]	["0201027","0201026","0201019","0201019","0201019","0201019"]	["0201028","0201028","0201027","0201020","0201019","0201019"]	[]	[]	0	CH00BI10	shop	B	20	1	3
0102050	9002050	[1,1,1,1.5,1.5,1,1,1]	[1,1,1,3,3,1,1,1]	[1,1,1,5,5,1,1,1]	[1,1,1,7.5,7.5,1,1,1]	[1,1,1,10,10,1,1,1]	7500	{"1":75000,"2":100,"3":1000,"4":500}	9102050	0		UI_CH00BI50	CH00BI50	1	[0,0,0,18,34,0,0,0]	0	[1,1,1,1,1,1]	[2,2,1,1,1,1]	[3,2,1,1,1,1]	[4,4,3,2,1,1]	[5,5,4,3,3,1]	[6,6,5,3,2,1]	["0201025","0201025","0201025","0201025","0201019","0201019"]	["0201026","0201026","0201019","0201019","0201019","0201019"]	["0201027","0201026","0201019","0201019","0201019","0201019"]	[]	[]	[]	0	CH00BI13	pvp	C	10	1	0
0102051	9002051	[1,1,1,2,2,1,1,1]	[1,1,1,4,4,1,1,1]	[1,1,1,8,8,1,1,1]	[1,1,1,12,12,1,1,1]	[1,1,1,15,15,1,1,1]	240000	{"1":1200000,"2":3600,"3":6000,"4":3000}	9102051	0	0601001	UI_CH00BC68	CH00BC68	1	[0,0,0,31,53,0,0,0]	0	[1,1,1,1,1,1]	[2,2,1,1,1,1]	[3,2,1,1,1,1]	[4,4,3,2,1,1]	[5,5,4,3,3,1]	[6,6,5,3,2,1]	["0201025","0201025","0201025","0201025","0201019","0201019"]	["0201026","0201026","0201019","0201019","0201019","0201019"]	["0201027","0201026","0201019","0201019","0201019","0201019"]	["0201028","0201028","0201027","0201020","0201019","0201019"]	["0201029","0201029","0201028","0201021","0201021","0201019"]	["0201030","0201030","0201065","0201021","0201062","0201061"]	0	CH00BI02	none	S	40	2	10
0102052	9002052	[1,1,1,1.8,1.8,1,1,1]	[1,1,1,3.5,3.5,1,1,1]	[1,1,1,5.5,5.5,1,1,1]	[1,1,1,7.5,7.5,1,1,1]	[1,1,1,10,10,1,1,1]	160000	{"1":600000,"2":1600,"3":4000,"4":2000}	9102052	0	0601002	UI_CH00BC52	CH00BC52	1	[0,0,0,32,48,0,0,0]	0	[1,1,1,1,1,1]	[2,2,1,1,1,1]	[3,2,1,1,1,1]	[4,4,3,2,1,1]	[5,5,4,3,3,1]	[6,6,5,3,2,1]	["0201025","0201025","0201025","0201025","0201019","0201019"]	["0201026","0201026","0201019","0201019","0201019","0201019"]	["0201027","0201026","0201019","0201019","0201019","0201019"]	["0201028","0201028","0201027","0201020","0201019","0201019"]	["0201029","0201029","0201028","0201021","0201021","0201019"]	[]	0	CH00BI10	gdraw	A	30	2	5
0102053	9002053	[1,1,1,1.8,1.8,1,1,1]	[1,1,1,3.5,3.5,1,1,1]	[1,1,1,5.5,5.5,1,1,1]	[1,1,1,7.5,7.5,1,1,1]	[1,1,1,10,10,1,1,1]	160000	{"1":600000,"2":1600,"3":4000,"4":2000}	9102053	0	0601003	UI_CH00BC53	CH00BC53	1	[0,0,0,38,42,0,0,0]	0	[1,1,1,1,1,1]	[2,2,1,1,1,1]	[3,2,1,1,1,1]	[4,4,3,2,1,1]	[5,5,4,3,3,1]	[6,6,5,3,2,1]	["0201025","0201025","0201025","0201025","0201019","0201019"]	["0201026","0201026","0201019","0201019","0201019","0201019"]	["0201027","0201026","0201019","0201019","0201019","0201019"]	["0201028","0201028","0201027","0201020","0201019","0201019"]	["0201029","0201029","0201028","0201021","0201021","0201019"]	[]	1	CH00BI10	none	A	30	2	5
0102054	9002054	[1,1,1,1.5,1.5,1,1,1]	[1,1,1,3,3,1,1,1]	[1,1,1,5,5,1,1,1]	[1,1,1,7.5,7.5,1,1,1]	[1,1,1,10,10,1,1,1]	160000	{"1":600000,"2":1600,"3":4000,"4":2000}	9102054	0	0601004	UI_CH00BC54	CH00BC54	1	[0,0,0,23,47,0,0,0]	0	[1,1,1,1,1,1]	[2,2,1,1,1,1]	[3,2,1,1,1,1]	[4,4,3,2,1,1]	[5,5,4,3,3,1]	[6,6,5,3,2,1]	["0201025","0201025","0201025","0201025","0201019","0201019"]	["0201026","0201026","0201019","0201019","0201019","0201019"]	["0201027","0201026","0201019","0201019","0201019","0201019"]	["0201028","0201028","0201027","0201020","0201019","0201019"]	["0201029","0201029","0201028","0201021","0201021","0201019"]	[]	1	CH00BI10	drop	A	30	2	5
0102055	9002055	[1,1,1,1.5,1.5,1,1,1]	[1,1,1,3,3,1,1,1]	[1,1,1,5,5,1,1,1]	[1,1,1,7.5,7.5,1,1,1]	[1,1,1,10,10,1,1,1]	160000	{"1":600000,"2":1600,"3":4000,"4":2000}	9102055	0	0601005	UI_CH00BC55	CH00BC55	1	[0,0,0,14,28,0,0,0]	0	[1,1,1,1,1,1]	[2,2,1,1,1,1]	[3,2,1,1,1,1]	[4,4,3,2,1,1]	[5,5,4,3,3,1]	[6,6,5,3,2,1]	["0201025","0201025","0201025","0201025","0201019","0201019"]	["0201026","0201026","0201019","0201019","0201019","0201019"]	["0201027","0201026","0201019","0201019","0201019","0201019"]	["0201028","0201028","0201027","0201020","0201019","0201019"]	[]	[]	0	CH00BI02	drop	B	20	1	3
0102056	9002056	[1,1,1,2,2,1,1,1]	[1,1,1,4,4,1,1,1]	[1,1,1,8,8,1,1,1]	[1,1,1,12,12,1,1,1]	[1,1,1,15,15,1,1,1]	240000	{"1":1200000,"2":3600,"3":6000,"4":3000}	9102056	0	0601006	UI_CH00BC56	CH00BC56	1	[0,0,0,24,43,0,0,0]	0	[1,1,1,1,1,1]	[2,2,1,1,1,1]	[3,2,1,1,1,1]	[4,4,3,2,1,1]	[5,5,4,3,3,1]	[6,6,5,3,2,1]	["0201025","0201025","0201025","0201025","0201019","0201019"]	["0201026","0201026","0201019","0201019","0201019","0201019"]	["0201027","0201026","0201019","0201019","0201019","0201019"]	["0201028","0201028","0201027","0201020","0201019","0201019"]	["0201029","0201029","0201028","0201021","0201021","0201019"]	["0201030","0201030","0201029","0201021","0201020","0201019"]	0	CH00BI10	vdraw	S	40	2	10
0102057	9002057	[1,1,1,1.8,1.8,1,1,1]	[1,1,1,3.5,3.5,1,1,1]	[1,1,1,5.5,5.5,1,1,1]	[1,1,1,7.5,7.5,1,1,1]	[1,1,1,10,10,1,1,1]	160000	{"1":600000,"2":1600,"3":4000,"4":2000}	9102057	0	0601007	UI_CH00BC57	CH00BC57	1	[0,0,0,29,55,0,0,0]	0	[1,1,1,1,1,1]	[2,2,1,1,1,1]	[3,2,1,1,1,1]	[4,4,3,2,1,1]	[5,5,4,3,3,1]	[6,6,5,3,2,1]	["0201025","0201025","0201025","0201025","0201019","0201019"]	["0201026","0201026","0201019","0201019","0201019","0201019"]	["0201027","0201026","0201019","0201019","0201019","0201019"]	["0201028","0201028","0201027","0201020","0201019","0201019"]	["0201029","0201029","0201028","0201021","0201021","0201019"]	[]	0	CH00BI10	vdraw	A	30	2	5
0102058	9002058	[1,1,1,1.8,1.8,1,1,1]	[1,1,1,3.5,3.5,1,1,1]	[1,1,1,5.5,5.5,1,1,1]	[1,1,1,7.5,7.5,1,1,1]	[1,1,1,10,10,1,1,1]	160000	{"1":600000,"2":1600,"3":4000,"4":2000}	9102058	0	0601008	UI_CH00BC58	CH00BC58	1	[0,0,0,24,56,0,0,0]	0	[1,1,1,1,1,1]	[2,2,1,1,1,1]	[3,2,1,1,1,1]	[4,4,3,2,1,1]	[5,5,4,3,3,1]	[6,6,5,3,2,1]	["0201025","0201025","0201025","0201025","0201019","0201019"]	["0201026","0201026","0201019","0201019","0201019","0201019"]	["0201027","0201026","0201019","0201019","0201019","0201019"]	["0201028","0201028","0201027","0201020","0201019","0201019"]	["0201029","0201029","0201028","0201021","0201021","0201019"]	[]	0	CH00BI10	drop	A	30	2	5
0102059	9002059	[1,1,1,2,2,1,1,1]	[1,1,1,4,4,1,1,1]	[1,1,1,8,8,1,1,1]	[1,1,1,12,12,1,1,1]	[1,1,1,15,15,1,1,1]	240000	{"1":1200000,"2":3600,"3":6000,"4":3000}	9102059	0	0601009	UI_CH00BC59	CH00BC59	1	[0,0,0,28,50,0,0,0]	0	[1,1,1,1,1,1]	[2,2,1,1,1,1]	[3,2,1,1,1,1]	[4,4,3,2,1,1]	[5,5,4,3,3,1]	[6,6,5,3,2,1]	["0201025","0201025","0201025","0201025","0201019","0201019"]	["0201026","0201026","0201019","0201019","0201019","0201019"]	["0201027","0201026","0201019","0201019","0201019","0201019"]	["0201028","0201028","0201027","0201020","0201019","0201019"]	["0201029","0201029","0201028","0201021","0201021","0201019"]	["0201030","0201030","0201029","0201021","0201020","0201019"]	0	CH00BI10	none	S	40	2	10
0102060	9002060	[1,1,1,1.5,1.5,1,1,1]	[1,1,1,3,3,1,1,1]	[1,1,1,5,5,1,1,1]	[1,1,1,7.5,7.5,1,1,1]	[1,1,1,10,10,1,1,1]	160000	{"1":600000,"2":1600,"3":4000,"4":2000}	9102060	0	0601010	UI_CH00BC60	CH00BC60	1	[0,0,0,21,45,0,0,0]	0	[1,1,1,1,1,1]	[2,2,1,1,1,1]	[3,2,1,1,1,1]	[4,4,3,2,1,1]	[5,5,4,3,3,1]	[6,6,5,3,2,1]	["0201025","0201025","0201025","0201025","0201019","0201019"]	["0201026","0201026","0201019","0201019","0201019","0201019"]	["0201027","0201026","0201019","0201019","0201019","0201019"]	["0201028","0201028","0201027","0201020","0201019","0201019"]	["0201029","0201029","0201028","0201021","0201021","0201019"]	[]	1	CH00BI83	drop	A	30	2	5
0102061	9002061	[1,1,1,2,2,1,1,1]	[1,1,1,4,4,1,1,1]	[1,1,1,8,8,1,1,1]	[1,1,1,12,12,1,1,1]	[1,1,1,15,15,1,1,1]	240000	{"1":1200000,"2":3600,"3":6000,"4":3000}	9102061	0	0601011	UI_CH00BC69	CH00BC69	1	[0,0,0,23,43,0,0,0]	0	[1,1,1,1,1,1]	[2,2,1,1,1,1]	[3,2,1,1,1,1]	[4,4,3,2,1,1]	[5,5,4,3,3,1]	[6,6,5,3,2,1]	["0201025","0201025","0201025","0201025","0201019","0201019"]	["0201026","0201026","0201019","0201019","0201019","0201019"]	["0201027","0201026","0201019","0201019","0201019","0201019"]	["0201028","0201028","0201027","0201020","0201019","0201019"]	["0201029","0201029","0201028","0201021","0201021","0201019"]	["0201030","0201030","0201029","0201021","0201020","0201019"]	0	CH00BI10	none	S	40	2	10
0102062	9002062	[1,1,1,2,2,1,1,1]	[1,1,1,4,4,1,1,1]	[1,1,1,8,8,1,1,1]	[1,1,1,12,12,1,1,1]	[1,1,1,15,15,1,1,1]	240000	{"1":1200000,"2":3600,"3":6000,"4":3000}	9102062	0	0601012	UI_CH00BC62	CH00BC62	1	[0,0,0,20,50,0,0,0]	0	[1,1,1,1,1,1]	[2,2,1,1,1,1]	[3,2,1,1,1,1]	[4,4,3,2,1,1]	[5,5,4,3,3,1]	[6,6,5,3,2,1]	["0201025","0201025","0201025","0201025","0201019","0201019"]	["0201026","0201026","0201019","0201019","0201019","0201019"]	["0201027","0201026","0201019","0201019","0201019","0201019"]	["0201028","0201028","0201027","0201020","0201019","0201019"]	["0201029","0201029","0201028","0201021","0201021","0201019"]	["0201030","0201030","0201029","0201021","0201020","0201019"]	1	CH00BI10	eshop	S	40	2	10
0102063	9002063	[1,1,1,2,2,1,1,1]	[1,1,1,4,4,1,1,1]	[1,1,1,8,8,1,1,1]	[1,1,1,12,12,1,1,1]	[1,1,1,15,15,1,1,1]	240000	{"1":1200000,"2":3600,"3":6000,"4":3000}	9102063	0		UI_CH00BC63	CH00BC63	1	[0,0,0,20,40,0,0,0]	1	[1,1,1,1,1,1]	[2,2,1,1,1,1]	[3,2,1,1,1,1]	[4,4,3,2,1,1]	[5,5,4,3,3,1]	[6,6,5,3,2,1]	["0201025","0201025","0201025","0201025","0201019","0201019"]	["0201026","0201026","0201019","0201019","0201019","0201019"]	["0201027","0201026","0201019","0201019","0201019","0201019"]	["0201028","0201028","0201027","0201020","0201019","0201019"]	["0201029","0201029","0201028","0201021","0201021","0201019"]	["0201030","0201030","0201029","0201021","0201020","0201019"]	1	CH00BI10	none	S	40	2	10
0102064	9002064	[1,1,1,1.8,1.8,1,1,1]	[1,1,1,3.5,3.5,1,1,1]	[1,1,1,5.5,5.5,1,1,1]	[1,1,1,7.5,7.5,1,1,1]	[1,1,1,10,10,1,1,1]	160000	{"1":600000,"2":1600,"3":4000,"4":2000}	9102064	0		UI_CH00BC64	CH00BC64	1	[0,0,0,28,52,0,0,0]	0	[1,1,1,1,1,1]	[2,2,1,1,1,1]	[3,2,1,1,1,1]	[4,4,3,2,1,1]	[5,5,4,3,3,1]	[6,6,5,3,2,1]	["0201025","0201025","0201025","0201025","0201025","0201025"]	["0201026","0201026","0201019","0201019","0201019","0201019"]	["0201027","0201026","0201019","0201019","0201019","0201019"]	["0201028","0201028","0201021","0201020","0201037","0201037"]	["0201029","0201029","0201040","0201039","0201039","0201025"]	[]	0	CH00BI10	vdraw	A	30	2	5
0102065	9002065	[1,1,1,1.8,1.8,1,1,1]	[1,1,1,3.5,3.5,1,1,1]	[1,1,1,5.5,5.5,1,1,1]	[1,1,1,7.5,7.5,1,1,1]	[1,1,1,10,10,1,1,1]	160000	{"1":600000,"2":1600,"3":4000,"4":2000}	9102065	0		UI_CH00BC65	CH00BC65	1	[0,0,0,37,53,0,0,0]	0	[1,1,1,1,1,1]	[2,2,1,1,1,1]	[3,2,1,1,1,1]	[4,4,3,2,1,1]	[5,5,4,3,3,1]	[6,6,5,3,2,1]	["0201025","0201025","0201025","0201025","0201019","0201019"]	["0201026","0201026","0201019","0201019","0201019","0201019"]	["0201027","0201026","0201019","0201019","0201019","0201019"]	["0201028","0201028","0201027","0201020","0201019","0201019"]	["0201029","0201029","0201028","0201021","0201021","0201019"]	[]	0	CH00BI10	none	A	30	2	5
0102066	9002066	[1,1,1,1.8,1.8,1,1,1]	[1,1,1,3.5,3.5,1,1,1]	[1,1,1,5.5,5.5,1,1,1]	[1,1,1,7.5,7.5,1,1,1]	[1,1,1,10,10,1,1,1]	160000	{"1":600000,"2":1600,"3":4000,"4":2000}	9102066	0	0601047	UI_CH00BC66	CH00BC66	1	[0,0,0,31,55,0,0,0]	0	[1,1,1,1,1,1]	[2,2,1,1,1,1]	[3,2,1,1,1,1]	[4,4,3,2,1,1]	[5,5,4,3,3,1]	[6,6,5,3,2,1]	["0201025","0201025","0201025","0201025","0201019","0201019"]	["0201026","0201026","0201019","0201019","0201019","0201019"]	["0201027","0201026","0201019","0201019","0201019","0201019"]	["0201028","0201028","0201027","0201020","0201019","0201019"]	["0201029","0201029","0201028","0201021","0201021","0201019"]	[]	1	CH00BI10	none	A	30	2	5
0102067	9002067	[1,1,1,1.5,1.5,1,1,1]	[1,1,1,3,3,1,1,1]	[1,1,1,5,5,1,1,1]	[1,1,1,7.5,7.5,1,1,1]	[1,1,1,15,15,1,1,1]	240000	{"1":1200000,"2":3600,"3":6000,"4":3000}	9102067	0		0	CH00BI51	1	[0,0,0,0,0,0,0,0]	1	[1,1,1,1,1,1]	[2,2,1,1,1,1]	[3,2,1,1,1,1]	[4,4,3,2,1,1]	[5,5,4,3,3,1]	[6,6,5,3,2,1]	["0201025","0201025","0201025","0201025","0201019","0201019"]	["0201026","0201026","0201019","0201019","0201019","0201019"]	["0201027","0201026","0201019","0201019","0201019","0201019"]	["0201028","0201028","0201027","0201020","0201019","0201019"]	["0201029","0201029","0201028","0201021","0201021","0201019"]	["0201030","0201030","0201029","0201021","0201020","0201019"]	2		none		6	1	0
0102068	9002068	[1,1,1,1.5,1.5,1,1,1]	[1,1,1,3,3,1,1,1]	[1,1,1,5,5,1,1,1]	[1,1,1,7.5,7.5,1,1,1]	[1,1,1,15,15,1,1,1]	240000	{"1":1200000,"2":3600,"3":6000,"4":3000}	9102068	0		UI_CH00BC51	CH00BC51	1	[0,0,0,0,0,0,0,0]	1	[1,1,1,1,1,1]	[2,2,1,1,1,1]	[3,2,1,1,1,1]	[4,4,3,2,1,1]	[5,5,4,3,3,1]	[6,6,5,3,2,1]	["0201025","0201025","0201025","0201025","0201019","0201019"]	["0201026","0201026","0201019","0201019","0201019","0201019"]	["0201027","0201026","0201019","0201019","0201019","0201019"]	["0201028","0201028","0201027","0201020","0201019","0201019"]	["0201029","0201029","0201028","0201021","0201021","0201019"]	["0201030","0201030","0201029","0201021","0201020","0201019"]	2		none		6	1	0
0102069	9002069	[1,1,1,1.5,1.5,1,1,1]	[1,1,1,3,3,1,1,1]	[1,1,1,5,5,1,1,1]	[1,1,1,7.5,7.5,1,1,1]	[1,1,1,15,15,1,1,1]	240000	{"1":1200000,"2":3600,"3":6000,"4":3000}	9102069	0		UI_CH00BC61	CH00BC61	1	[0,0,0,0,0,0,0,0]	1	[1,1,1,1,1,1]	[2,2,1,1,1,1]	[3,2,1,1,1,1]	[4,4,3,2,1,1]	[5,5,4,3,3,1]	[6,6,5,3,2,1]	["0201025","0201025","0201025","0201025","0201019","0201019"]	["0201026","0201026","0201019","0201019","0201019","0201019"]	["0201027","0201026","0201019","0201019","0201019","0201019"]	["0201028","0201028","0201027","0201020","0201019","0201019"]	["0201029","0201029","0201028","0201021","0201021","0201019"]	["0201030","0201030","0201029","0201021","0201020","0201019"]	2		none		6	1	0
0102070	9002070	[1,1,1,1.5,1.5,1,1,1]	[1,1,1,3,3,1,1,1]	[1,1,1,5,5,1,1,1]	[1,1,1,7.5,7.5,1,1,1]	[1,1,1,15,15,1,1,1]	240000	{"1":1200000,"2":3600,"3":6000,"4":3000}	9102070	0		UI_CH00BI70	CH00BI70	1	[0,0,0,0,0,0,0,0]	1	[1,1,1,1,1,1]	[2,2,1,1,1,1]	[3,2,1,1,1,1]	[4,4,3,2,1,1]	[5,5,4,3,3,1]	[6,6,5,3,2,1]	["0201025","0201025","0201025","0201025","0201019","0201019"]	["0201026","0201026","0201019","0201019","0201019","0201019"]	["0201027","0201026","0201019","0201019","0201019","0201019"]	[]	[]	[]	2		none	C	10	1	0
0102071	9002071	[1,1,1,1.8,1.8,1,1,1]	[1,1,1,3.5,3.5,1,1,1]	[1,1,1,5.5,5.5,1,1,1]	[1,1,1,7.5,7.5,1,1,1]	[1,1,1,10,10,1,1,1]	160000	{"1":600000,"2":1600,"3":4000,"4":2000}	9102071	0		UI_CH00BI71	CH00BI71	1	[0,0,0,0,0,0,0,0]	1	[1,1,1,1,1,1]	[2,2,1,1,1,1]	[3,2,1,1,1,1]	[4,4,3,2,1,1]	[5,5,4,3,3,1]	[6,6,5,3,2,1]	["0201025","0201025","0201025","0201025","0201019","0201019"]	["0201026","0201026","0201019","0201019","0201019","0201019"]	["0201027","0201026","0201019","0201019","0201019","0201019"]	["0201028","0201028","0201027","0201020","0201019","0201019"]	["0201029","0201029","0201028","0201021","0201021","0201019"]	[]	2		none	A	30	2	5
0102072	9002072	[1,1,1,2,2,1,1,1]	[1,1,1,4,4,1,1,1]	[1,1,1,8,8,1,1,1]	[1,1,1,12,12,1,1,1]	[1,1,1,15,15,1,1,1]	240000	{"1":1200000,"2":3600,"3":6000,"4":3000}	9102072	0	0601060	UI_CH00BC72	CH00BC72	1	[0,0,0,30,55,0,0,0]	1	[1,1,1,1,1,1]	[2,2,1,1,1,1]	[3,2,1,1,1,1]	[4,4,3,2,1,1]	[5,5,4,3,3,1]	[6,6,5,3,2,1]	["0201025","0201025","0201025","0201025","0201019","0201019"]	["0201026","0201026","0201019","0201019","0201019","0201019"]	["0201027","0201026","0201019","0201019","0201019","0201019"]	["0201028","0201028","0201027","0201020","0201019","0201019"]	["0201029","0201029","0201028","0201021","0201021","0201019"]	["0201030","0201030","0201029","0201021","0201020","0201019"]	1	CH00BI70	none		30	1	10
0102073	9002073	[1,1,1,2,2,1,1,1]	[1,1,1,4,4,1,1,1]	[1,1,1,8,8,1,1,1]	[1,1,1,12,12,1,1,1]	[1,1,1,15,15,1,1,1]	240000	{"1":1200000,"2":3600,"3":6000,"4":3000}	9102073	0		UI_CH00BC73	CH00BC73	1	[0,0,0,40,50,0,0,0]	1	[1,1,1,1,1,1]	[2,2,1,1,1,1]	[3,2,1,1,1,1]	[4,4,3,2,1,1]	[5,5,4,3,3,1]	[6,6,5,3,2,1]	["0201025","0201025","0201025","0201025","0201019","0201019"]	["0201026","0201026","0201019","0201019","0201019","0201019"]	["0201027","0201026","0201019","0201019","0201019","0201019"]	["0201028","0201028","0201027","0201020","0201019","0201019"]	["0201029","0201029","0201028","0201021","0201021","0201019"]	["0201030","0201030","0201029","0201021","0201020","0201019"]	1	CH00BI71	none		30	1	10
0102101	9002074	[1,1,1,1.5,1.5,1,1,1]	[1,1,1,3,3,1,1,1]	[1,1,1,5,5,1,1,1]	[1,1,1,7.5,7.5,1,1,1]	[1,1,1,10,10,1,1,1]	7500	{"1":75000,"2":100,"3":1000,"4":500}	9102074	0	0601019	UI_CH00BC101	CH00BC101	1	[0,0,0,23,33,0,0,0]	0	[1,1,1,1,1,1]	[2,2,1,1,1,1]	[3,2,1,1,1,1]	[4,4,3,2,1,1]	[5,5,4,3,3,1]	[6,6,5,3,2,1]	["0201025","0201025","0201025","0201025","0201019","0201019"]	["0201026","0201026","0201019","0201019","0201019","0201019"]	["0201027","0201026","0201019","0201019","0201019","0201019"]	[]	[]	[]	0	CH00BI02	vdraw	C	10	1	0
0102102	9002075	[1,1,1,1.5,1.5,1,1,1]	[1,1,1,3,3,1,1,1]	[1,1,1,5,5,1,1,1]	[1,1,1,7.5,7.5,1,1,1]	[1,1,1,10,10,1,1,1]	160000	{"1":600000,"2":1600,"3":4000,"4":2000}	9102075	0	0601014	UI_CH00BC102	CH00BC102	1	[0,0,0,20,32,0,0,0]	0	[1,1,1,1,1,1]	[2,2,1,1,1,1]	[3,2,1,1,1,1]	[4,4,3,2,1,1]	[5,5,4,3,3,1]	[6,6,5,3,2,1]	["0201025","0201025","0201025","0201025","0201025","0201025"]	["0201026","0201026","0201019","0201019","0201019","0201019"]	["0201027","0201026","0201019","0201019","0201019","0201019"]	[]	[]	[]	0	CH00BI06	vdraw	C	10	1	0
0102103	9002076	[1,1,1,1.5,1.5,1,1,1]	[1,1,1,3,3,1,1,1]	[1,1,1,5,5,1,1,1]	[1,1,1,7.5,7.5,1,1,1]	[1,1,1,10,10,1,1,1]	160000	{"1":600000,"2":1600,"3":4000,"4":2000}	9102076	0		UI_CH00BC103	CH00BC103	1	[0,0,0,25,35,0,0,0]	0	[1,1,1,1,1,1]	[2,2,1,1,1,1]	[3,2,1,1,1,1]	[4,4,3,2,1,1]	[5,5,4,3,3,1]	[6,6,5,3,2,1]	["0201025","0201025","0201025","0201025","0201025","0201025"]	["0201026","0201026","0201019","0201019","0201019","0201019"]	["0201027","0201026","0201019","0201019","0201019","0201019"]	[]	[]	[]	0	CH00BI01	vdraw	C	10	1	0
0102104	9002077	[1,1,1,1.5,1.5,1,1,1]	[1,1,1,3,3,1,1,1]	[1,1,1,5,5,1,1,1]	[1,1,1,7.5,7.5,1,1,1]	[1,1,1,10,10,1,1,1]	160000	{"1":600000,"2":1600,"3":4000,"4":2000}	9102077	0	0601018	UI_CH00BC104	CH00BC104	1	[0,0,0,13,35,0,0,0]	0	[1,1,1,1,1,1]	[2,2,1,1,1,1]	[3,2,1,1,1,1]	[4,4,3,2,1,1]	[5,5,4,3,3,1]	[6,6,5,3,2,1]	["0201025","0201025","0201025","0201025","0201025","0201025"]	["0201026","0201026","0201019","0201019","0201019","0201019"]	["0201027","0201026","0201019","0201019","0201019","0201019"]	[]	[]	[]	1	CH00BI03	vdraw	C	10	1	0
0102105	9002078	[1,1,1,1.5,1.5,1,1,1]	[1,1,1,3,3,1,1,1]	[1,1,1,5,5,1,1,1]	[1,1,1,7.5,7.5,1,1,1]	[1,1,1,10,10,1,1,1]	7500	{"1":75000,"2":100,"3":1000,"4":500}	9102078	0	0601017	UI_CH00BC105	CH00BC105	1	[0,0,0,15,33,0,0,0]	0	[1,1,1,1,1,1]	[2,2,1,1,1,1]	[3,2,1,1,1,1]	[4,4,3,2,1,1]	[5,5,4,3,3,1]	[6,6,5,3,2,1]	["0201025","0201025","0201025","0201025","0201025","0201025"]	["0201026","0201026","0201025","0201025","0201025","0201025"]	["0201027","0201026","0201025","0201025","0201025","0201025"]	[]	[]	[]	0	CH00BI12	vdraw	C	10	1	0
0102106	9002079	[1,1,1,1.5,1.5,1,1,1]	[1,1,1,3,3,1,1,1]	[1,1,1,5,5,1,1,1]	[1,1,1,7.5,7.5,1,1,1]	[1,1,1,10,10,1,1,1]	240000	{"1":1200000,"2":3600,"3":6000,"4":3000}	9102079	0		UI_CH00BC106	CH00BC106	1	[0,0,0,25,35,0,0,0]	0	[1,1,1,1,1,1]	[2,2,1,1,1,1]	[3,2,1,1,1,1]	[4,4,3,2,1,1]	[5,5,4,3,3,1]	[6,6,5,3,2,1]	["0201025","0201025","0201025","0201025","0201019","0201019"]	["0201026","0201026","0201019","0201019","0201019","0201019"]	["0201027","0201026","0201019","0201019","0201019","0201019"]	[]	[]	[]	1	CH00BI06	vdraw	C	10	1	0
0102501	9002080	[1,1,1,1.5,1.5,1,1,1]	[1,1,1,3,3,1,1,1]	[1,1,1,5,5,1,1,1]	[1,1,1,7.5,7.5,1,1,1]	[1,1,1,10,10,1,1,1]	160000	{"1":600000,"2":1600,"3":4000,"4":2000}	9102080	0		UI_CH00BI501	CH00BI501	1	[0,0,0,18,48,0,0,0]	0	[1,1,1,1,1,1]	[2,2,1,1,1,1]	[3,2,1,1,1,1]	[4,4,3,2,1,1]	[5,5,4,3,3,1]	[6,6,5,3,2,1]	["0201025","0201025","0201025","0201025","0201019","0201019"]	["0201026","0201026","0201019","0201019","0201019","0201019"]	["0201027","0201026","0201019","0201019","0201019","0201019"]	[]	[]	[]	0	CH00BI01		C	10	1	0
0102502	9002081	[1,1,1,1.5,1.5,1,1,1]	[1,1,1,3,3,1,1,1]	[1,1,1,5,5,1,1,1]	[1,1,1,7.5,7.5,1,1,1]	[1,1,1,10,10,1,1,1]	160000	{"1":600000,"2":1600,"3":4000,"4":2000}	9102081	0		UI_CH00BI502	CH00BI502	1	[0,0,0,18,50,0,0,0]	0	[1,1,1,1,1,1]	[2,2,1,1,1,1]	[3,2,1,1,1,1]	[4,4,3,2,1,1]	[5,5,4,3,3,1]	[6,6,5,3,2,1]	["0201025","0201025","0201025","0201025","0201019","0201019"]	["0201026","0201026","0201019","0201019","0201019","0201019"]	["0201027","0201026","0201019","0201019","0201019","0201019"]	[]	[]	[]	1	CH00BI13		C	10	1	0
0102503	9002082	[1,1,1,1.5,1.5,1,1,1]	[1,1,1,3,3,1,1,1]	[1,1,1,5,5,1,1,1]	[1,1,1,7.5,7.5,1,1,1]	[1,1,1,10,10,1,1,1]	160000	{"1":600000,"2":1600,"3":4000,"4":2000}	9102082	0		UI_CH00BI503	CH00BI503	1	[0,0,0,22,38,0,0,0]	0	[1,1,1,1,1,1]	[2,2,1,1,1,1]	[3,2,1,1,1,1]	[4,4,3,2,1,1]	[5,5,4,3,3,1]	[6,6,5,3,2,1]	["0201025","0201025","0201025","0201025","0201019","0201019"]	["0201026","0201026","0201019","0201019","0201019","0201019"]	["0201027","0201026","0201019","0201019","0201019","0201019"]	[]	[]	[]	0	CH00BI01		C	20	1	3
0102504	9002083	[1,1,1,1.5,1.5,1,1,1]	[1,1,1,3,3,1,1,1]	[1,1,1,5,5,1,1,1]	[1,1,1,7.5,7.5,1,1,1]	[1,1,1,10,10,1,1,1]	160000	{"1":600000,"2":1600,"3":4000,"4":2000}	9102083	0		UI_CH00BI504	CH00BI504	1	[0,0,0,28,42,0,0,0]	0	[1,1,1,1,1,1]	[2,2,1,1,1,1]	[3,2,1,1,1,1]	[4,4,3,2,1,1]	[5,5,4,3,3,1]	[6,6,5,3,2,1]	["0201025","0201025","0201025","0201025","0201019","0201019"]	["0201026","0201026","0201019","0201019","0201019","0201019"]	["0201027","0201026","0201019","0201019","0201019","0201019"]	[]	[]	[]	0	CH00BI02		C	30	1	5
0102505	9002084	[1,1,1,1.5,1.5,1,1,1]	[1,1,1,3,3,1,1,1]	[1,1,1,5,5,1,1,1]	[1,1,1,7.5,7.5,1,1,1]	[1,1,1,10,10,1,1,1]	160000	{"1":600000,"2":1600,"3":4000,"4":2000}	9102084	0		UI_CH00BI505	CH00BI505	1	[0,0,0,20,60,0,0,0]	0	[1,1,1,1,1,1]	[2,2,1,1,1,1]	[3,2,1,1,1,1]	[4,4,3,2,1,1]	[5,5,4,3,3,1]	[6,6,5,3,2,1]	["0201025","0201025","0201025","0201025","0201019","0201019"]	["0201026","0201026","0201019","0201019","0201019","0201019"]	["0201027","0201026","0201019","0201019","0201019","0201019"]	["0201028","0201028","0201027","0201020","0201019","0201019"]	[]	[]	0	CH00BI08		B	20	1	3
0102506	9002085	[1,1,1,1.5,1.5,1,1,1]	[1,1,1,3,3,1,1,1]	[1,1,1,5,5,1,1,1]	[1,1,1,7.5,7.5,1,1,1]	[1,1,1,10,10,1,1,1]	160000	{"1":600000,"2":1600,"3":4000,"4":2000}	9102085	0		UI_CH00BI506	CH00BI506	1	[0,0,0,23,37,0,0,0]	0	[1,1,1,1,1,1]	[2,2,1,1,1,1]	[3,2,1,1,1,1]	[4,4,3,2,1,1]	[5,5,4,3,3,1]	[6,6,5,3,2,1]	["0201025","0201025","0201025","0201025","0201019","0201019"]	["0201026","0201026","0201019","0201019","0201019","0201019"]	["0201027","0201026","0201019","0201019","0201019","0201019"]	[]	[]	[]	0	CH00BI03		C	10	1	0
0102074	9002086	[1,1,1,2,2,1,1,1]	[1,1,1,4,4,1,1,1]	[1,1,1,8,8,1,1,1]	[1,1,1,12,12,1,1,1]	[1,1,1,15,15,1,1,1]	240000	{"1":1200000,"2":3600,"3":6000,"4":3000}	9102086	0	0601025	UI_CH00BC74	CH00BC74	1	[0,0,0,20,50,0,0,0]	0	[1,1,1,1,1,1]	[2,2,1,1,1,1]	[3,2,1,1,1,1]	[4,4,3,2,1,1]	[5,5,4,3,3,1]	[6,6,5,3,2,1]	["0201025","0201025","0201025","0201025","0201019","0201019"]	["0201026","0201026","0201019","0201019","0201019","0201019"]	["0201027","0201026","0201019","0201019","0201019","0201019"]	["0201028","0201028","0201027","0201020","0201019","0201019"]	["0201029","0201029","0201028","0201021","0201021","0201019"]	["0201030","0201030","0201029","0201021","0201020","0201019"]	0	CH00BI70	vdraw	S	40	2	10
0102075	9002087	[1,1,1,2,2,1,1,1]	[1,1,1,4,4,1,1,1]	[1,1,1,8,8,1,1,1]	[1,1,1,12,12,1,1,1]	[1,1,1,15,15,1,1,1]	240000	{"1":1200000,"2":3600,"3":6000,"4":3000}	9102087	0	0601024	UI_CH00BC75	CH00BC75	1	[0,0,0,40,48,0,0,0]	0	[1,1,1,1,1,1]	[2,2,1,1,1,1]	[3,2,1,1,1,1]	[4,4,3,2,1,1]	[5,5,4,3,3,1]	[6,6,5,3,2,1]	["0201025","0201025","0201025","0201025","0201019","0201019"]	["0201026","0201026","0201019","0201019","0201019","0201019"]	["0201027","0201026","0201019","0201019","0201019","0201019"]	["0201028","0201028","0201027","0201020","0201019","0201019"]	["0201029","0201029","0201028","0201021","0201021","0201019"]	["0201030","0201030","0201065","0201021","0201062","0201061"]	0	CH00BC76	none	S	40	2	10
0102076	9002088	[1,1,1,2,2,1,1,1]	[1,1,1,4,4,1,1,1]	[1,1,1,8,8,1,1,1]	[1,1,1,12,12,1,1,1]	[1,1,1,15,15,1,1,1]	240000	{"1":1200000,"2":3600,"3":6000,"4":3000}	9102088	0		UI_CH00BC76	CH00BC76	1	[0,0,0,0,0,0,0,0]	1	[1,1,1,1,1,1]	[2,2,1,1,1,1]	[3,2,1,1,1,1]	[4,4,3,2,1,1]	[5,5,4,3,3,1]	[6,6,5,3,2,1]	["0201025","0201025","0201025","0201025","0201019","0201019"]	["0201026","0201026","0201019","0201019","0201019","0201019"]	["0201027","0201026","0201019","0201019","0201019","0201019"]	["0201028","0201028","0201027","0201020","0201019","0201019"]	["0201029","0201029","0201028","0201021","0201021","0201019"]	["0201030","0201030","0201029","0201021","0201020","0201019"]	2	CH00BC76	none	S	40	2	10
0102077	9002089	[1,1,1,2,2,1,1,1]	[1,1,1,4,4,1,1,1]	[1,1,1,8,8,1,1,1]	[1,1,1,12,12,1,1,1]	[1,1,1,15,15,1,1,1]	240000	{"1":1200000,"2":3600,"3":6000,"4":3000}	9102089	0	0601026	UI_CH00BC77	CH00BC77	1	[0,0,0,13,60,0,0,0]	0	[1,1,1,1,1,1]	[2,2,1,1,1,1]	[3,2,1,1,1,1]	[4,4,3,2,1,1]	[5,5,4,3,3,1]	[6,6,5,3,2,1]	["0201025","0201025","0201025","0201025","0201019","0201019"]	["0201026","0201026","0201019","0201019","0201019","0201019"]	["0201027","0201026","0201019","0201019","0201019","0201019"]	["0201028","0201028","0201027","0201020","0201019","0201019"]	["0201029","0201029","0201028","0201021","0201021","0201019"]	["0201030","0201030","0201029","0201021","0201020","0201019"]	0	CH00BI71	v2draw	S	40	2	10
0102078	9002090	[1,1,1,1.8,1.8,1,1,1]	[1,1,1,3.5,3.5,1,1,1]	[1,1,1,5.5,5.5,1,1,1]	[1,1,1,7.5,7.5,1,1,1]	[1,1,1,10,10,1,1,1]	160000	{"1":600000,"2":1600,"3":4000,"4":2000}	9102090	0	0601027	UI_CH00BC78	CH00BC78	1	[0,0,0,30,54,0,0,10]	0	[1,1,1,1,1,1]	[2,2,1,1,1,1]	[3,2,1,1,1,1]	[4,4,3,2,1,1]	[5,5,4,3,3,1]	[6,6,5,3,2,1]	["0201025","0201025","0201025","0201025","0201019","0201019"]	["0201026","0201026","0201019","0201019","0201019","0201019"]	["0201027","0201026","0201019","0201019","0201019","0201019"]	["0201028","0201028","0201027","0201020","0201019","0201019"]	["0201029","0201029","0201028","0201021","0201021","0201019"]	[]	0	CH00BI70	none	A	30	2	5
0102079	9002091	[1,1,1,1.8,1.8,1,1,1]	[1,1,1,3.5,3.5,1,1,1]	[1,1,1,5.5,5.5,1,1,1]	[1,1,1,7.5,7.5,1,1,1]	[1,1,1,10,10,1,1,1]	160000	{"1":600000,"2":1600,"3":4000,"4":2000}	9102091	0	0601029	UI_CH00BC79	CH00BC79	1	[0,0,0,33,47,0,0,0]	0	[1,1,1,1,1,1]	[2,2,1,1,1,1]	[3,2,1,1,1,1]	[4,4,3,2,1,1]	[5,5,4,3,3,1]	[6,6,5,3,2,1]	["0201025","0201025","0201025","0201025","0201019","0201019"]	["0201026","0201026","0201019","0201019","0201019","0201019"]	["0201027","0201026","0201019","0201019","0201019","0201019"]	["0201028","0201028","0201027","0201020","0201019","0201019"]	["0201029","0201029","0201028","0201021","0201021","0201019"]	[]	0	CH00BI70	vdraw	A	30	2	5
0102080	9002092	[1,1,1,2,2,1,1,1]	[1,1,1,4,4,1,1,1]	[1,1,1,8,8,1,1,1]	[1,1,1,12,12,1,1,1]	[1,1,1,15,15,1,1,1]	240000	{"1":1200000,"2":3600,"3":6000,"4":3000}	9102092	0	0601028	UI_CH00BC80	CH00BC80	1	[0,0,0,19,47,0,0,0]	0	[1,1,1,1,1,1]	[2,2,1,1,1,1]	[3,2,1,1,1,1]	[4,4,3,2,1,1]	[5,5,4,3,3,1]	[6,6,5,3,2,1]	["0201025","0201025","0201025","0201025","0201019","0201019"]	["0201026","0201026","0201019","0201019","0201019","0201019"]	["0201027","0201026","0201019","0201019","0201019","0201019"]	["0201028","0201028","0201027","0201020","0201019","0201019"]	["0201029","0201029","0201028","0201021","0201021","0201019"]	["0201030","0201030","0201029","0201021","0201020","0201019"]	1	CH00BI71	v2draw	S	40	2	10
0102081	9002093	[1,1,1,2,2,1,1,1]	[1,1,1,4,4,1,1,1]	[1,1,1,8,8,1,1,1]	[1,1,1,12,12,1,1,1]	[1,1,1,15,15,1,1,1]	240000	{"1":1200000,"2":3600,"3":6000,"4":3000}	9102093	0		0	CH00BI81	1	[0,0,0,0,0,0,0,0]	1	[1,1,1,1,1,1]	[2,2,1,1,1,1]	[3,2,1,1,1,1]	[4,4,3,2,1,1]	[5,5,4,3,3,1]	[6,6,5,3,2,1]	["0201025","0201025","0201025","0201025","0201019","0201019"]	["0201026","0201026","0201019","0201019","0201019","0201019"]	["0201027","0201026","0201019","0201019","0201019","0201019"]	["0201028","0201028","0201027","0201020","0201019","0201019"]	["0201029","0201029","0201028","0201021","0201021","0201019"]	["0201030","0201030","0201029","0201021","0201020","0201019"]	2		none	S	40	2	10
0102082	9002094	[1,1,1,2,2,1,1,1]	[1,1,1,4,4,1,1,1]	[1,1,1,8,8,1,1,1]	[1,1,1,12,12,1,1,1]	[1,1,1,15,15,1,1,1]	240000	{"1":1200000,"2":3600,"3":6000,"4":3000}	9102094	0		0	CH00BI82	1	[0,0,0,0,0,0,0,0]	1	[1,1,1,1,1,1]	[2,2,1,1,1,1]	[3,2,1,1,1,1]	[4,4,3,2,1,1]	[5,5,4,3,3,1]	[6,6,5,3,2,1]	["0201025","0201025","0201025","0201025","0201019","0201019"]	["0201026","0201026","0201019","0201019","0201019","0201019"]	["0201027","0201026","0201019","0201019","0201019","0201019"]	["0201028","0201028","0201027","0201020","0201019","0201019"]	["0201029","0201029","0201028","0201021","0201021","0201019"]	["0201030","0201030","0201029","0201021","0201020","0201019"]	2		none	S	40	2	10
0102083	9002095	[1,1,1,1.5,1.5,1,1,1]	[1,1,1,3,3,1,1,1]	[1,1,1,5,5,1,1,1]	[1,1,1,7.5,7.5,1,1,1]	[1,1,1,10,10,1,1,1]	160000	{"1":600000,"2":1600,"3":4000,"4":2000}	9102095	0		0	CH00BI83	1	[0,0,0,0,0,0,0,0]	1	[1,1,1,1,1,1]	[2,2,1,1,1,1]	[3,2,1,1,1,1]	[4,4,3,2,1,1]	[5,5,4,3,3,1]	[6,6,5,3,2,1]	["0201025","0201025","0201025","0201025","0201019","0201019"]	["0201026","0201026","0201019","0201019","0201019","0201019"]	["0201027","0201026","0201019","0201019","0201019","0201019"]	["0201028","0201028","0201027","0201020","0201019","0201019"]	[]	[]	2		none	B	20	1	3
0102084	9002096	[1,1,1,1.5,1.5,1,1,1]	[1,1,1,3,3,1,1,1]	[1,1,1,5,5,1,1,1]	[1,1,1,7.5,7.5,1,1,1]	[1,1,1,10,10,1,1,1]	240000	{"1":1200000,"2":3600,"3":6000,"4":3000}	9102096	0		0	CH00BI84	1	[0,0,0,0,0,0,0,0]	1	[1,1,1,1,1,1]	[2,2,1,1,1,1]	[3,2,1,1,1,1]	[4,4,3,2,1,1]	[5,5,4,3,3,1]	[6,6,5,3,2,1]	["0201025","0201025","0201025","0201025","0201019","0201019"]	["0201026","0201026","0201019","0201019","0201019","0201019"]	["0201027","0201026","0201019","0201019","0201019","0201019"]	[]	[]	[]	2		none	C	10	1	0
0102085	9002097	[1,1,1,1.5,1.5,1,1,1]	[1,1,1,3,3,1,1,1]	[1,1,1,5,5,1,1,1]	[1,1,1,7.5,7.5,1,1,1]	[1,1,1,10,10,1,1,1]	160000	{"1":600000,"2":1600,"3":4000,"4":2000}	9102097	0		0	CH00BI85	1	[0,0,0,0,0,0,0,0]	1	[1,1,1,1,1,1]	[2,2,1,1,1,1]	[3,2,1,1,1,1]	[4,4,3,2,1,1]	[5,5,4,3,3,1]	[6,6,5,3,2,1]	["0201025","0201025","0201025","0201025","0201019","0201019"]	["0201026","0201026","0201019","0201019","0201019","0201019"]	["0201027","0201026","0201019","0201019","0201019","0201019"]	["0201028","0201028","0201027","0201020","0201019","0201019"]	[]	[]	2		none	B	20	1	3
0102086	9002098	[1,1,1,2,2,1,1,1]	[1,1,1,4,4,1,1,1]	[1,1,1,8,8,1,1,1]	[1,1,1,12,12,1,1,1]	[1,1,1,15,15,1,1,1]	240000	{"1":1200000,"2":3600,"3":6000,"4":3000}	9102098	0	0601030	UI_CH00BC86	CH00BC86	1	[0,0,0,30,40,0,0,0]	1	[1,1,1,1,1,1]	[2,2,1,1,1,1]	[3,2,1,1,1,1]	[4,4,3,2,1,1]	[5,5,4,3,3,1]	[6,6,5,3,2,1]	["0201025","0201025","0201025","0201025","0201019","0201019"]	["0201026","0201026","0201019","0201019","0201019","0201019"]	["0201027","0201026","0201019","0201019","0201019","0201019"]	["0201028","0201028","0201027","0201020","0201019","0201019"]	["0201029","0201029","0201028","0201021","0201021","0201019"]	["0201030","0201030","0201029","0201021","0201020","0201019"]	1	CH00BI13	none	S	40	2	10
0102087	9002099	[1,1,1,2,2,1,1,1]	[1,1,1,4,4,1,1,1]	[1,1,1,8,8,1,1,1]	[1,1,1,12,12,1,1,1]	[1,1,1,15,15,1,1,1]	240000	{"1":1200000,"2":3600,"3":6000,"4":3000}	9102099	0		UI_CH00BC87	CH00BC87	1	[0,0,0,0,0,0,0,0]	1	[1,1,1,1,1,1]	[2,2,1,1,1,1]	[3,2,1,1,1,1]	[4,4,3,2,1,1]	[5,5,4,3,3,1]	[6,6,5,3,2,1]	["0201025","0201025","0201025","0201025","0201019","0201019"]	["0201026","0201026","0201019","0201019","0201019","0201019"]	["0201027","0201026","0201019","0201019","0201019","0201019"]	["0201028","0201028","0201027","0201020","0201019","0201019"]	["0201029","0201029","0201028","0201021","0201021","0201019"]	["0201030","0201030","0201029","0201021","0201020","0201019"]	1	CH00BI13	none	S	40	2	10
0102088	9002100	[1,1,1,2,2,1,1,1]	[1,1,1,4,4,1,1,1]	[1,1,1,8,8,1,1,1]	[1,1,1,12,12,1,1,1]	[1,1,1,15,15,1,1,1]	240000	{"1":1200000,"2":3600,"3":6000,"4":3000}	9102100	0		UI_CH00BC88	CH00BC88	1	[0,0,0,0,0,0,0,0]	1	[1,1,1,1,1,1]	[2,2,1,1,1,1]	[3,2,1,1,1,1]	[4,4,3,2,1,1]	[5,5,4,3,3,1]	[6,6,5,3,2,1]	["0201025","0201025","0201025","0201025","0201019","0201019"]	["0201026","0201026","0201019","0201019","0201019","0201019"]	["0201027","0201026","0201019","0201019","0201019","0201019"]	["0201028","0201028","0201027","0201020","0201019","0201019"]	["0201029","0201029","0201028","0201021","0201021","0201019"]	["0201030","0201030","0201029","0201021","0201020","0201019"]	2		none	S	40	2	10
0102089	9002101	[1,1,1,2,2,1,1,1]	[1,1,1,4,4,1,1,1]	[1,1,1,8,8,1,1,1]	[1,1,1,12,12,1,1,1]	[1,1,1,15,15,1,1,1]	240000	{"1":1200000,"2":3600,"3":6000,"4":3000}	9102101	0	0601031	UI_CH00BC89	CH00BC89	1	[0,0,0,28,42,0,0,0]	0	[1,1,1,1,1,1]	[2,2,1,1,1,1]	[3,2,1,1,1,1]	[4,4,3,2,1,1]	[5,5,4,3,3,1]	[6,6,5,3,2,1]	["0201025","0201025","0201025","0201025","0201019","0201019"]	["0201026","0201026","0201019","0201019","0201019","0201019"]	["0201027","0201026","0201019","0201019","0201019","0201019"]	["0201028","0201028","0201027","0201020","0201019","0201019"]	["0201029","0201029","0201028","0201021","0201021","0201019"]	["0201030","0201030","0201029","0201021","0201020","0201019"]	0	CH00BI03	v2draw	S	40	2	10
0102090	9002102	[1,1,1,2,2,1,1,1]	[1,1,1,4,4,1,1,1]	[1,1,1,8,8,1,1,1]	[1,1,1,12,12,1,1,1]	[1,1,1,15,15,1,1,1]	240000	{"1":1200000,"2":3600,"3":6000,"4":3000}	9102102	0	0601032	UI_CH00BC90	CH00BC90	1	[0,0,0,33,47,0,0,0]	0	[1,1,1,1,1,1]	[2,2,1,1,1,1]	[3,2,1,1,1,1]	[4,4,3,2,1,1]	[5,5,4,3,3,1]	[6,6,5,3,2,1]	["0201025","0201025","0201025","0201025","0201019","0201019"]	["0201026","0201026","0201019","0201019","0201019","0201019"]	["0201027","0201026","0201019","0201019","0201019","0201019"]	["0201028","0201028","0201027","0201020","0201019","0201019"]	["0201029","0201029","0201028","0201021","0201021","0201019"]	["0201030","0201030","0201029","0201021","0201020","0201019"]	0	CH00BI70	vdraw	S	30	2	10
0102091	9002103	[1,1,1,1.8,1.8,1,1,1]	[1,1,1,3.5,3.5,1,1,1]	[1,1,1,5.5,5.5,1,1,1]	[1,1,1,7.5,7.5,1,1,1]	[1,1,1,10,10,1,1,1]	160000	{"1":600000,"2":1600,"3":4000,"4":2000}	9102103	0	0601034	UI_CH00BC91	CH00BC91	1	[0,0,0,25,55,20,0,0]	0	[1,1,1,1,1,1]	[2,2,1,1,1,1]	[3,2,1,1,1,1]	[4,4,3,2,1,1]	[5,5,4,3,3,1]	[6,6,5,3,2,1]	["0201025","0201025","0201025","0201025","0201019","0201019"]	["0201026","0201026","0201019","0201019","0201019","0201019"]	["0201027","0201026","0201019","0201019","0201019","0201019"]	["0201028","0201028","0201027","0201020","0201019","0201019"]	["0201029","0201029","0201028","0201021","0201021","0201019"]	[]	0	CH00BI02	drop	A	30	2	5
0102092	9002104	[1,1,1,2,2,1,1,1]	[1,1,1,4,4,1,1,1]	[1,1,1,8,8,1,1,1]	[1,1,1,12,12,1,1,1]	[1,1,1,15,15,1,1,1]	240000	{"1":1200000,"2":3600,"3":6000,"4":3000}	9102104	0	0601033	UI_CH00BC92	CH00BC92	1	[0,0,0,20,40,0,20,0]	0	[1,1,1,1,1,1]	[2,2,1,1,1,1]	[3,2,1,1,1,1]	[4,4,3,2,1,1]	[5,5,4,3,3,1]	[6,6,5,3,2,1]	["0201025","0201025","0201025","0201025","0201019","0201019"]	["0201026","0201026","0201019","0201019","0201019","0201019"]	["0201027","0201026","0201019","0201019","0201019","0201019"]	["0201028","0201028","0201027","0201020","0201019","0201019"]	["0201029","0201029","0201028","0201021","0201021","0201019"]	["0201030","0201030","0201029","0201021","0201020","0201019"]	1	CH00BI02	drop	S	30	2	10
0102093	9002105	[1,1,1,2,2,1,1,1]	[1,1,1,4,4,1,1,1]	[1,1,1,8,8,1,1,1]	[1,1,1,12,12,1,1,1]	[1,1,1,15,15,1,1,1]	240000	{"1":1200000,"2":3600,"3":6000,"4":3000}	9102105	0	0601035	UI_CH00BC93	CH00BC93	1	[0,15,15,16,40,0,0,0]	0	[1,1,1,1,1,1]	[2,2,1,1,1,1]	[3,2,1,1,1,1]	[4,4,3,2,1,1]	[5,5,4,3,3,1]	[6,6,5,3,2,1]	["0201025","0201025","0201025","0201025","0201019","0201019"]	["0201026","0201026","0201019","0201019","0201019","0201019"]	["0201027","0201026","0201019","0201019","0201019","0201019"]	["0201028","0201028","0201027","0201020","0201019","0201019"]	["0201029","0201029","0201028","0201021","0201021","0201019"]	["0201030","0201030","0201029","0201021","0201020","0201019"]	0	CH00BI13	v2draw	S	40	2	10
0102094	9002106	[1,1,1,2,2,1,1,1]	[1,1,1,4,4,1,1,1]	[1,1,1,8,8,1,1,1]	[1,1,1,12,12,1,1,1]	[1,1,1,15,15,1,1,1]	240000	{"1":1200000,"2":3600,"3":6000,"4":3000}	9102106	0	0601036	UI_CH00BC94	CH00BC94	1	[15,0,15,25,55,0,0,0]	0	[1,1,1,1,1,1]	[2,2,1,1,1,1]	[3,2,1,1,1,1]	[4,4,3,2,1,1]	[5,5,4,3,3,1]	[6,6,5,3,2,1]	["0201025","0201025","0201025","0201025","0201019","0201019"]	["0201026","0201026","0201019","0201019","0201019","0201019"]	["0201027","0201026","0201019","0201019","0201019","0201019"]	["0201028","0201028","0201027","0201020","0201019","0201019"]	["0201029","0201029","0201028","0201021","0201021","0201019"]	["0201030","0201030","0201029","0201021","0201020","0201019"]	0	CH00BI10	v2draw	S	40	2	10
0102095	9002107	[1,1,1,1.8,1.8,1,1,1]	[1,1,1,3.5,3.5,1,1,1]	[1,1,1,5.5,5.5,1,1,1]	[1,1,1,7.5,7.5,1,1,1]	[1,1,1,10,10,1,1,1]	160000	{"1":600000,"2":1600,"3":4000,"4":2000}	9102107	0	0601037	UI_CH00BC95	CH00BC95	1	[15,15,0,37,43,0,0,0]	0	[1,1,1,1,1,1]	[2,2,1,1,1,1]	[3,2,1,1,1,1]	[4,4,3,2,1,1]	[5,5,4,3,3,1]	[6,6,5,3,2,1]	["0201025","0201025","0201025","0201025","0201019","0201019"]	["0201026","0201026","0201019","0201019","0201019","0201019"]	["0201027","0201026","0201019","0201019","0201019","0201019"]	["0201028","0201028","0201027","0201020","0201019","0201019"]	["0201029","0201029","0201028","0201021","0201021","0201019"]	[]	1	CH00BI71	v2draw	A	30	2	5
0102096	9002108	[1,1,1,2,2,1,1,1]	[1,1,1,4,4,1,1,1]	[1,1,1,8,8,1,1,1]	[1,1,1,12,12,1,1,1]	[1,1,1,15,15,1,1,1]	240000	{"1":1200000,"2":3600,"3":6000,"4":3000}	9102108	0	0601038	UI_CH00BC96	CH00BC96	1	[0,0,0,20,40,0,0,0]	0	[1,1,1,1,1,1]	[2,2,1,1,1,1]	[3,2,1,1,1,1]	[4,4,3,2,1,1]	[5,5,4,3,3,1]	[6,6,5,3,2,1]	["0201025","0201025","0201025","0201025","0201019","0201019"]	["0201026","0201026","0201019","0201019","0201019","0201019"]	["0201027","0201026","0201019","0201019","0201019","0201019"]	["0201028","0201028","0201027","0201020","0201019","0201019"]	["0201029","0201029","0201028","0201021","0201021","0201019"]	["0201030","0201030","0201029","0201021","0201020","0201019"]	1	CH00BI85	none	S	40	2	10
0102097	9002109	[1,1,1,2,2,1,1,1]	[1,1,1,4,4,1,1,1]	[1,1,1,8,8,1,1,1]	[1,1,1,12,12,1,1,1]	[1,1,1,15,15,1,1,1]	240000	{"1":1200000,"2":3600,"3":6000,"4":3000}	9102109	0	0601039	UI_CH00BC97	CH00BC97	1	[0,0,0,16,50,0,0,0]	0	[1,1,1,1,1,1]	[2,2,1,1,1,1]	[3,2,1,1,1,1]	[4,4,3,2,1,1]	[5,5,4,3,3,1]	[6,6,5,3,2,1]	["0201025","0201025","0201025","0201025","0201019","0201019"]	["0201026","0201026","0201019","0201019","0201019","0201019"]	["0201027","0201026","0201019","0201019","0201019","0201019"]	["0201028","0201028","0201027","0201020","0201019","0201019"]	["0201029","0201029","0201028","0201021","0201021","0201019"]	["0201030","0201030","0201029","0201021","0201020","0201019"]	1	CH00BI82	v2draw	S	40	2	10
0102098	9002110	[1,1,1,2,2,1,1,1]	[1,1,1,4,4,1,1,1]	[1,1,1,8,8,1,1,1]	[1,1,1,12,12,1,1,1]	[1,1,1,15,15,1,1,1]	240000	{"1":1200000,"2":3600,"3":6000,"4":3000}	9102110	0	0601040	UI_CH00BC98	CH00BC98	1	[0,0,0,33,49,0,0,0]	0	[1,1,1,1,1,1]	[2,2,1,1,1,1]	[3,2,1,1,1,1]	[4,4,3,2,1,1]	[5,5,4,3,3,1]	[6,6,5,3,2,1]	["0201025","0201025","0201025","0201025","0201019","0201019"]	["0201026","0201026","0201019","0201019","0201019","0201019"]	["0201027","0201026","0201019","0201019","0201019","0201019"]	["0201028","0201028","0201027","0201020","0201019","0201019"]	["0201029","0201029","0201028","0201021","0201021","0201019"]	["0201030","0201030","0201029","0201021","0201020","0201019"]	0	CH00BI70	drop	S	30	2	10
0102099	9002111	[1,1,1,2,2,1,1,1]	[1,1,1,4,4,1,1,1]	[1,1,1,8,8,1,1,1]	[1,1,1,12,12,1,1,1]	[1,1,1,15,15,1,1,1]	240000	{"1":1200000,"2":3600,"3":6000,"4":3000}	9102111	0	0601041	UI_CH00BC99	CH00BC99	1	[0,0,0,35,45,0,0,0]	0	[1,1,1,1,1,1]	[2,2,1,1,1,1]	[3,2,1,1,1,1]	[4,4,3,2,1,1]	[5,5,4,3,3,1]	[6,6,5,3,2,1]	["0201025","0201025","0201025","0201025","0201019","0201019"]	["0201026","0201026","0201019","0201019","0201019","0201019"]	["0201027","0201026","0201019","0201019","0201019","0201019"]	["0201028","0201028","0201027","0201020","0201019","0201019"]	["0201029","0201029","0201028","0201021","0201021","0201019"]	["0201030","0201030","0201029","0201021","0201020","0201019"]	0	CH00BI70	vdraw	S	30	2	10
0102100	9002112	[1,1,1,2,2,1,1,1]	[1,1,1,4,4,1,1,1]	[1,1,1,8,8,1,1,1]	[1,1,1,12,12,1,1,1]	[1,1,1,15,15,1,1,1]	240000	{"1":1200000,"2":3600,"3":6000,"4":3000}	9102112	0	0601042	UI_CH00BC100	CH00BC100	1	[0,0,0,30,52,0,0,0]	0	[1,1,1,1,1,1]	[2,2,1,1,1,1]	[3,2,1,1,1,1]	[4,4,3,2,1,1]	[5,5,4,3,3,1]	[6,6,5,3,2,1]	["0201025","0201025","0201025","0201025","0201019","0201019"]	["0201026","0201026","0201019","0201019","0201019","0201019"]	["0201027","0201026","0201019","0201019","0201019","0201019"]	["0201028","0201028","0201027","0201020","0201019","0201019"]	["0201029","0201029","0201028","0201021","0201021","0201019"]	["0201030","0201030","0201029","0201021","0201020","0201019"]	0	CH00BI85	none	S	30	2	10
0102201	9002113	[1,1,1,2,2,1,1,1]	[1,1,1,4,4,1,1,1]	[1,1,1,8,8,1,1,1]	[1,1,1,12,12,1,1,1]	[1,1,1,15,15,1,1,1]	240000	{"1":1200000,"2":3600,"3":6000,"4":3000}	9102113	0	0601043	UI_CH00BC201	CH00BC201	1	[0,0,0,16,50,0,0,0]	0	[1,1,1,1,1,1]	[2,2,1,1,1,1]	[3,2,1,1,1,1]	[4,4,3,2,1,1]	[5,5,4,3,3,1]	[6,6,5,3,2,1]	["0201025","0201025","0201025","0201025","0201019","0201019"]	["0201026","0201026","0201019","0201019","0201019","0201019"]	["0201027","0201026","0201019","0201019","0201019","0201019"]	["0201028","0201028","0201027","0201020","0201019","0201019"]	["0201029","0201029","0201028","0201021","0201021","0201019"]	["0201030","0201030","0201029","0201021","0201020","0201019"]	0	CH00BI81	v2draw	S	40	2	10
0102202	9002114	[1,1,1,2,2,1,1,1]	[1,1,1,4,4,1,1,1]	[1,1,1,8,8,1,1,1]	[1,1,1,12,12,1,1,1]	[1,1,1,15,15,1,1,1]	240000	{"1":1200000,"2":3600,"3":6000,"4":3000}	9102114	0	0601044	UI_CH00BC202	CH00BC202	1	[0,0,0,25,45,0,0,0]	0	[1,1,1,1,1,1]	[2,2,1,1,1,1]	[3,2,1,1,1,1]	[4,4,3,2,1,1]	[5,5,4,3,3,1]	[6,6,5,3,2,1]	["0201025","0201025","0201025","0201025","0201019","0201019"]	["0201026","0201026","0201019","0201019","0201019","0201019"]	["0201027","0201026","0201019","0201019","0201019","0201019"]	["0201028","0201028","0201027","0201020","0201019","0201019"]	["0201029","0201029","0201028","0201021","0201021","0201019"]	["0201030","0201030","0201029","0201021","0201020","0201019"]	0	CH00BI71	vdraw	S	40	2	10
0102203	9002115	[1,1,1,2,2,1,1,1]	[1,1,1,4,4,1,1,1]	[1,1,1,8,8,1,1,1]	[1,1,1,12,12,1,1,1]	[1,1,1,15,15,1,1,1]	240000	{"1":1200000,"2":3600,"3":6000,"4":3000}	9102115	0	0601045	UI_CH00BC203	CH00BC203	1	[0,0,0,30,40,0,0,0]	0	[1,1,1,1,1,1]	[2,2,1,1,1,1]	[3,2,1,1,1,1]	[4,4,3,2,1,1]	[5,5,4,3,3,1]	[6,6,5,3,2,1]	["0201025","0201025","0201025","0201025","0201019","0201019"]	["0201026","0201026","0201019","0201019","0201019","0201019"]	["0201027","0201026","0201019","0201019","0201019","0201019"]	["0201028","0201028","0201027","0201020","0201019","0201019"]	["0201029","0201029","0201028","0201021","0201021","0201019"]	["0201030","0201030","0201029","0201021","0201020","0201019"]	0	CH00BC_240	vdraw	S	40	2	10
0102204	9002116	[1,1,1,2,2,1,1,1]	[1,1,1,4,4,1,1,1]	[1,1,1,8,8,1,1,1]	[1,1,1,12,12,1,1,1]	[1,1,1,15,15,1,1,1]	240000	{"1":1200000,"2":3600,"3":6000,"4":3000}	9102116	0	0601046	UI_CH00BC204	CH00BC204	1	[0,0,0,24,42,0,0,0]	0	[1,1,1,1,1,1]	[2,2,1,1,1,1]	[3,2,1,1,1,1]	[4,4,3,2,1,1]	[5,5,4,3,3,1]	[6,6,5,3,2,1]	["0201025","0201025","0201025","0201025","0201019","0201019"]	["0201026","0201026","0201019","0201019","0201019","0201019"]	["0201027","0201026","0201019","0201019","0201019","0201019"]	["0201028","0201028","0201027","0201020","0201019","0201019"]	["0201029","0201029","0201028","0201021","0201021","0201019"]	["0201030","0201030","0201029","0201021","0201020","0201019"]	0	CH00BI70	v2draw	S	40	2	10
0102205	9002117	[1,1,1,2,2,1,1,1]	[1,1,1,4,4,1,1,1]	[1,1,1,8,8,1,1,1]	[1,1,1,12,12,1,1,1]	[1,1,1,15,15,1,1,1]	240000	{"1":1200000,"2":3600,"3":6000,"4":3000}	9102117	0	0601048	UI_CH00BC205	CH00BC205	1	[0,0,0,18,48,0,0,0]	0	[1,1,1,1,1,1]	[2,2,1,1,1,1]	[3,2,1,1,1,1]	[4,4,3,2,1,1]	[5,5,4,3,3,1]	[6,6,5,3,2,1]	["0201025","0201025","0201025","0201025","0201019","0201019"]	["0201026","0201026","0201019","0201019","0201019","0201019"]	["0201027","0201026","0201019","0201019","0201019","0201019"]	["0201028","0201028","0201027","0201020","0201019","0201019"]	["0201029","0201029","0201028","0201021","0201021","0201019"]	["0201030","0201030","0201029","0201021","0201020","0201019"]	0	CH00BI82	v2draw	S	40	2	10
0102206	9002118	[1,1,1,2,2,1,1,1]	[1,1,1,4,4,1,1,1]	[1,1,1,8,8,1,1,1]	[1,1,1,12,12,1,1,1]	[1,1,1,15,15,1,1,1]	240000	{"1":1200000,"2":3600,"3":6000,"4":3000}	9102118	0	0601049	UI_CH00BC206	CH00BC206	1	[0,0,0,30,50,0,0,0]	0	[1,1,1,1,1,1]	[2,2,1,1,1,1]	[3,2,1,1,1,1]	[4,4,3,2,1,1]	[5,5,4,3,3,1]	[6,6,5,3,2,1]	["0201025","0201025","0201025","0201025","0201019","0201019"]	["0201026","0201026","0201019","0201019","0201019","0201019"]	["0201027","0201026","0201019","0201019","0201019","0201019"]	["0201028","0201028","0201027","0201020","0201019","0201019"]	["0201029","0201029","0201028","0201021","0201021","0201019"]	["0201030","0201030","0201029","0201021","0201020","0201019"]	1	CH00BI10	pvp	S	40	2	10
0102207	9002119	[1,1,1,2,2,1,1,1]	[1,1,1,4,4,1,1,1]	[1,1,1,8,8,1,1,1]	[1,1,1,12,12,1,1,1]	[1,1,1,15,15,1,1,1]	240000	{"1":1200000,"2":3600,"3":6000,"4":3000}	9102119	0	0601050	UI_CH00BC207	CH00BC207	1	[0,0,0,32,52,0,0,0]	0	[1,1,1,1,1,1]	[2,2,1,1,1,1]	[3,2,1,1,1,1]	[4,4,3,2,1,1]	[5,5,4,3,3,1]	[6,6,5,3,2,1]	["0201025","0201025","0201025","0201025","0201019","0201019"]	["0201026","0201026","0201019","0201019","0201019","0201019"]	["0201027","0201026","0201019","0201019","0201019","0201019"]	["0201028","0201028","0201027","0201020","0201019","0201019"]	["0201029","0201029","0201028","0201021","0201021","0201019"]	["0201030","0201030","0201029","0201021","0201020","0201019"]	0	CH00BI22	vdraw	S	30	2	10
0102208	9002120	[1,1,1,2,2,1,1,1]	[1,1,1,4,4,1,1,1]	[1,1,1,8,8,1,1,1]	[1,1,1,12,12,1,1,1]	[1,1,1,15,15,1,1,1]	240000	{"1":1200000,"2":3600,"3":6000,"4":3000}	9102120	0	0601051	UI_CH00BC208	CH00BC208	1	[0,0,0,20,53,0,0,0]	0	[1,1,1,1,1,1]	[2,2,1,1,1,1]	[3,2,1,1,1,1]	[4,4,3,2,1,1]	[5,5,4,3,3,1]	[6,6,5,3,2,1]	["0201025","0201025","0201025","0201025","0201019","0201019"]	["0201026","0201026","0201019","0201019","0201019","0201019"]	["0201027","0201026","0201019","0201019","0201019","0201019"]	["0201028","0201028","0201027","0201020","0201019","0201019"]	["0201029","0201029","0201028","0201021","0201021","0201019"]	["0201030","0201030","0201029","0201021","0201020","0201019"]	0	CH00BI13	v2draw	S	40	2	10
0102209	9002121	[1,1,1,2,2,1,1,1]	[1,1,1,4,4,1,1,1]	[1,1,1,8,8,1,1,1]	[1,1,1,12,12,1,1,1]	[1,1,1,15,15,1,1,1]	240000	{"1":1200000,"2":3600,"3":6000,"4":3000}	9102121	0	0601052	UI_CH00BC209	CH00BC209	1	[0,0,0,22,44,0,0,0]	0	[1,1,1,1,1,1]	[2,2,1,1,1,1]	[3,2,1,1,1,1]	[4,4,3,2,1,1]	[5,5,4,3,3,1]	[6,6,5,3,2,1]	["0201025","0201025","0201025","0201025","0201019","0201019"]	["0201026","0201026","0201019","0201019","0201019","0201019"]	["0201027","0201026","0201019","0201019","0201019","0201019"]	["0201028","0201028","0201027","0201020","0201019","0201019"]	["0201029","0201029","0201028","0201021","0201021","0201019"]	["0201030","0201030","0201029","0201021","0201020","0201019"]	0	CH00BC236	v2draw	S	40	2	10
0102210	9002122	[1,1,1,2,2,1,1,1]	[1,1,1,4,4,1,1,1]	[1,1,1,8,8,1,1,1]	[1,1,1,12,12,1,1,1]	[1,1,1,15,15,1,1,1]	240000	{"1":1200000,"2":3600,"3":6000,"4":3000}	9102122	0	0601053	UI_CH00BC210	CH00BC210	1	[0,0,0,0,12,58,0,0]	0	[1,1,1,1,1,1]	[2,2,1,1,1,1]	[3,2,1,1,1,1]	[4,4,3,2,1,1]	[5,5,4,3,3,1]	[6,6,5,3,2,1]	["0201025","0201025","0201025","0201025","0201019","0201019"]	["0201026","0201026","0201019","0201019","0201019","0201019"]	["0201027","0201026","0201019","0201019","0201019","0201019"]	["0201028","0201028","0201027","0201020","0201019","0201019"]	["0201029","0201029","0201028","0201021","0201021","0201019"]	["0201030","0201030","0201029","0201021","0201020","0201019"]	0	CH00BI13	none	S	40	2	10
0102211	9002123	[1,1,1,2,2,1,1,1]	[1,1,1,4,4,1,1,1]	[1,1,1,8,8,1,1,1]	[1,1,1,12,12,1,1,1]	[1,1,1,15,15,1,1,1]	240000	{"1":1200000,"2":3600,"3":6000,"4":3000}	9102123	0	0601054	UI_CH00BC211	CH00BC211	1	[0,0,0,30,50,0,0,0]	0	[1,1,1,1,1,1]	[2,2,1,1,1,1]	[3,2,1,1,1,1]	[4,4,3,2,1,1]	[5,5,4,3,3,1]	[6,6,5,3,2,1]	["0201025","0201025","0201025","0201025","0201019","0201019"]	["0201026","0201026","0201019","0201019","0201019","0201019"]	["0201027","0201026","0201019","0201019","0201019","0201019"]	["0201028","0201028","0201027","0201020","0201019","0201019"]	["0201029","0201029","0201028","0201021","0201021","0201019"]	["0201030","0201030","0201029","0201021","0201020","0201019"]	0	CH00BC236_1	none	S	30	2	10
0102212	9002124	[1,1,1,2,2,1,1,1]	[1,1,1,4,4,1,1,1]	[1,1,1,8,8,1,1,1]	[1,1,1,12,12,1,1,1]	[1,1,1,15,15,1,1,1]	240000	{"1":1200000,"2":3600,"3":6000,"4":3000}	9102124	0	0601055	UI_CH00BC212	CH00BC212	1	[0,0,0,22,48,0,0,0]	0	[1,1,1,1,1,1]	[2,2,1,1,1,1]	[3,2,1,1,1,1]	[4,4,3,2,1,1]	[5,5,4,3,3,1]	[6,6,5,3,2,1]	["0201025","0201025","0201025","0201025","0201019","0201019"]	["0201026","0201026","0201019","0201019","0201019","0201019"]	["0201027","0201026","0201019","0201019","0201019","0201019"]	["0201028","0201028","0201027","0201020","0201019","0201019"]	["0201029","0201029","0201028","0201021","0201021","0201019"]	["0201030","0201030","0201029","0201021","0201020","0201019"]	0	CH00BI21	none	S	40	2	10
0102213	9002125	[1,1,1,2,2,1,1,1]	[1,1,1,4,4,1,1,1]	[1,1,1,8,8,1,1,1]	[1,1,1,12,12,1,1,1]	[1,1,1,15,15,1,1,1]	240000	{"1":1200000,"2":3600,"3":6000,"4":3000}	9102125	0	0601056	UI_CH00BC213	CH00BC213	1	[0,0,0,0,0,0,0,0]	0	[1,1,1,1,1,1]	[2,2,1,1,1,1]	[3,2,1,1,1,1]	[4,4,3,2,1,1]	[5,5,4,3,3,1]	[6,6,5,3,2,1]	["0201025","0201025","0201025","0201025","0201019","0201019"]	["0201026","0201026","0201019","0201019","0201019","0201019"]	["0201027","0201026","0201019","0201019","0201019","0201019"]	["0201028","0201028","0201027","0201020","0201019","0201019"]	["0201029","0201029","0201028","0201021","0201021","0201019"]	["0201030","0201030","0201029","0201021","0201020","0201019"]	0	CH00BI13	none	S	40	2	10
0102214	9002126	[1,1,1,2,2,1,1,1]	[1,1,1,4,4,1,1,1]	[1,1,1,8,8,1,1,1]	[1,1,1,12,12,1,1,1]	[1,1,1,15,15,1,1,1]	240000	{"1":1200000,"2":3600,"3":6000,"4":3000}	9102126	0	0601057	UI_CH00BC214	CH00BC214	1	[0,0,0,0,0,0,0,0]	0	[1,1,1,1,1,1]	[2,2,1,1,1,1]	[3,2,1,1,1,1]	[4,4,3,2,1,1]	[5,5,4,3,3,1]	[6,6,5,3,2,1]	["0201025","0201025","0201025","0201025","0201019","0201019"]	["0201026","0201026","0201019","0201019","0201019","0201019"]	["0201027","0201026","0201019","0201019","0201019","0201019"]	["0201028","0201028","0201027","0201020","0201019","0201019"]	["0201029","0201029","0201028","0201021","0201021","0201019"]	["0201030","0201030","0201029","0201021","0201020","0201019"]	0	CH00BI13	none	S	40	2	10
0102215	9002127	[1,1,1,2,2,1,1,1]	[1,1,1,4,4,1,1,1]	[1,1,1,8,8,1,1,1]	[1,1,1,12,12,1,1,1]	[1,1,1,15,15,1,1,1]	240000	{"1":1200000,"2":3600,"3":6000,"4":3000}	9102127	0	0601058	UI_CH00BC215	CH00BC215	1	[0,0,0,0,0,0,0,0]	0	[1,1,1,1,1,1]	[2,2,1,1,1,1]	[3,2,1,1,1,1]	[4,4,3,2,1,1]	[5,5,4,3,3,1]	[6,6,5,3,2,1]	["0201025","0201025","0201025","0201025","0201019","0201019"]	["0201026","0201026","0201019","0201019","0201019","0201019"]	["0201027","0201026","0201019","0201019","0201019","0201019"]	["0201028","0201028","0201027","0201020","0201019","0201019"]	["0201029","0201029","0201028","0201021","0201021","0201019"]	["0201030","0201030","0201029","0201021","0201020","0201019"]	0	CH00BI13	none	S	40	2	10
0102216	9002128	[1,1,1,2,2,1,1,1]	[1,1,1,4,4,1,1,1]	[1,1,1,8,8,1,1,1]	[1,1,1,12,12,1,1,1]	[1,1,1,15,15,1,1,1]	240000	{"1":1200000,"2":3600,"3":6000,"4":3000}	9102128	0		UI_CH00BC216	CH00BC216	1	[0,0,0,0,0,0,0,0]	1	[1,1,1,1,1,1]	[2,2,1,1,1,1]	[3,2,1,1,1,1]	[4,4,3,2,1,1]	[5,5,4,3,3,1]	[6,6,5,3,2,1]	["0201025","0201025","0201025","0201025","0201019","0201019"]	["0201026","0201026","0201019","0201019","0201019","0201019"]	["0201027","0201026","0201019","0201019","0201019","0201019"]	["0201028","0201028","0201027","0201020","0201019","0201019"]	["0201029","0201029","0201028","0201021","0201021","0201019"]	["0201030","0201030","0201029","0201021","0201020","0201019"]	0	CH00BI13	none	S	40	2	10
0102217	9002129	[1,1,1,2,2,1,1,1]	[1,1,1,4,4,1,1,1]	[1,1,1,8,8,1,1,1]	[1,1,1,12,12,1,1,1]	[1,1,1,15,15,1,1,1]	240000	{"1":1200000,"2":3600,"3":6000,"4":3000}	9102129	0		UI_CH00BC216-1	CH00BC216-1	1	[0,0,0,0,0,0,0,0]	1	[1,1,1,1,1,1]	[2,2,1,1,1,1]	[3,2,1,1,1,1]	[4,4,3,2,1,1]	[5,5,4,3,3,1]	[6,6,5,3,2,1]	["0201025","0201025","0201025","0201025","0201019","0201019"]	["0201026","0201026","0201019","0201019","0201019","0201019"]	["0201027","0201026","0201019","0201019","0201019","0201019"]	["0201028","0201028","0201027","0201020","0201019","0201019"]	["0201029","0201029","0201028","0201021","0201021","0201019"]	["0201030","0201030","0201029","0201021","0201020","0201019"]	0	CH00BI13	none	S	40	2	10
0102218	9002130	[1,1,1,2,2,1,1,1]	[1,1,1,4,4,1,1,1]	[1,1,1,8,8,1,1,1]	[1,1,1,12,12,1,1,1]	[1,1,1,15,15,1,1,1]	240000	{"1":1200000,"2":3600,"3":6000,"4":3000}	9102130	0		UI_CH00BC216-2	CH00BC216-2	1	[0,0,0,0,0,0,0,0]	1	[1,1,1,1,1,1]	[2,2,1,1,1,1]	[3,2,1,1,1,1]	[4,4,3,2,1,1]	[5,5,4,3,3,1]	[6,6,5,3,2,1]	["0201025","0201025","0201025","0201025","0201019","0201019"]	["0201026","0201026","0201019","0201019","0201019","0201019"]	["0201027","0201026","0201019","0201019","0201019","0201019"]	["0201028","0201028","0201027","0201020","0201019","0201019"]	["0201029","0201029","0201028","0201021","0201021","0201019"]	["0201030","0201030","0201029","0201021","0201020","0201019"]	0	CH00BI13	none	S	40	2	10
0102219	9002131	[1,1,1,2,2,1,1,1]	[1,1,1,4,4,1,1,1]	[1,1,1,8,8,1,1,1]	[1,1,1,12,12,1,1,1]	[1,1,1,15,15,1,1,1]	240000	{"1":1200000,"2":3600,"3":6000,"4":3000}	9102131	0		UI_CH00BC216-3	CH00BC216-3	1	[0,0,0,0,0,0,0,0]	1	[1,1,1,1,1,1]	[2,2,1,1,1,1]	[3,2,1,1,1,1]	[4,4,3,2,1,1]	[5,5,4,3,3,1]	[6,6,5,3,2,1]	["0201025","0201025","0201025","0201025","0201019","0201019"]	["0201026","0201026","0201019","0201019","0201019","0201019"]	["0201027","0201026","0201019","0201019","0201019","0201019"]	["0201028","0201028","0201027","0201020","0201019","0201019"]	["0201029","0201029","0201028","0201021","0201021","0201019"]	["0201030","0201030","0201029","0201021","0201020","0201019"]	0	CH00BI13	none	S	40	2	10
0102220	9002132	[1,1,1,2,2,1,1,1]	[1,1,1,4,4,1,1,1]	[1,1,1,8,8,1,1,1]	[1,1,1,12,12,1,1,1]	[1,1,1,15,15,1,1,1]	240000	{"1":1200000,"2":3600,"3":6000,"4":3000}	9102132	0		UI_CH00BC220	CH00BC220	1	[0,0,0,0,0,0,0,0]	1	[1,1,1,1,1,1]	[2,2,1,1,1,1]	[3,2,1,1,1,1]	[4,4,3,2,1,1]	[5,5,4,3,3,1]	[6,6,5,3,2,1]	["0201025","0201025","0201025","0201025","0201019","0201019"]	["0201026","0201026","0201019","0201019","0201019","0201019"]	["0201027","0201026","0201019","0201019","0201019","0201019"]	["0201028","0201028","0201027","0201020","0201019","0201019"]	["0201029","0201029","0201028","0201021","0201021","0201019"]	["0201030","0201030","0201029","0201021","0201020","0201019"]	0	CH00BI13	none	S	40	2	10
0102221	9002133	[1,1,1,2,2,1,1,1]	[1,1,1,4,4,1,1,1]	[1,1,1,8,8,1,1,1]	[1,1,1,12,12,1,1,1]	[1,1,1,15,15,1,1,1]	240000	{"1":1200000,"2":3600,"3":6000,"4":3000}	9102133	0		UI_CH00BC220-1	CH00BC220-1	1	[0,0,0,0,0,0,0,0]	1	[1,1,1,1,1,1]	[2,2,1,1,1,1]	[3,2,1,1,1,1]	[4,4,3,2,1,1]	[5,5,4,3,3,1]	[6,6,5,3,2,1]	["0201025","0201025","0201025","0201025","0201019","0201019"]	["0201026","0201026","0201019","0201019","0201019","0201019"]	["0201027","0201026","0201019","0201019","0201019","0201019"]	["0201028","0201028","0201027","0201020","0201019","0201019"]	["0201029","0201029","0201028","0201021","0201021","0201019"]	["0201030","0201030","0201029","0201021","0201020","0201019"]	0	CH00BI13	none	S	40	2	10
0102222	9002134	[1,1,1,2,2,1,1,1]	[1,1,1,4,4,1,1,1]	[1,1,1,8,8,1,1,1]	[1,1,1,12,12,1,1,1]	[1,1,1,15,15,1,1,1]	240000	{"1":1200000,"2":3600,"3":6000,"4":3000}	9102134	0		UI_CH00BC220-2	CH00BC220-2	1	[0,0,0,0,0,0,0,0]	1	[1,1,1,1,1,1]	[2,2,1,1,1,1]	[3,2,1,1,1,1]	[4,4,3,2,1,1]	[5,5,4,3,3,1]	[6,6,5,3,2,1]	["0201025","0201025","0201025","0201025","0201019","0201019"]	["0201026","0201026","0201019","0201019","0201019","0201019"]	["0201027","0201026","0201019","0201019","0201019","0201019"]	["0201028","0201028","0201027","0201020","0201019","0201019"]	["0201029","0201029","0201028","0201021","0201021","0201019"]	["0201030","0201030","0201029","0201021","0201020","0201019"]	0	CH00BI13	none	S	40	2	10
0102223	9002135	[1,1,1,2,2,1,1,1]	[1,1,1,4,4,1,1,1]	[1,1,1,8,8,1,1,1]	[1,1,1,12,12,1,1,1]	[1,1,1,15,15,1,1,1]	240000	{"1":1200000,"2":3600,"3":6000,"4":3000}	9102135	0		UI_CH00BC220-3	CH00BC220-3	1	[0,0,0,0,0,0,0,0]	1	[1,1,1,1,1,1]	[2,2,1,1,1,1]	[3,2,1,1,1,1]	[4,4,3,2,1,1]	[5,5,4,3,3,1]	[6,6,5,3,2,1]	["0201025","0201025","0201025","0201025","0201019","0201019"]	["0201026","0201026","0201019","0201019","0201019","0201019"]	["0201027","0201026","0201019","0201019","0201019","0201019"]	["0201028","0201028","0201027","0201020","0201019","0201019"]	["0201029","0201029","0201028","0201021","0201021","0201019"]	["0201030","0201030","0201029","0201021","0201020","0201019"]	0	CH00BI13	none	S	40	2	10
0102224	9002136	[1,1,1,2,2,1,1,1]	[1,1,1,4,4,1,1,1]	[1,1,1,8,8,1,1,1]	[1,1,1,12,12,1,1,1]	[1,1,1,15,15,1,1,1]	240000	{"1":1200000,"2":3600,"3":6000,"4":3000}	9102136	0		UI_CH00BC224	CH00BC224	1	[0,0,0,0,0,0,0,0]	1	[1,1,1,1,1,1]	[2,2,1,1,1,1]	[3,2,1,1,1,1]	[4,4,3,2,1,1]	[5,5,4,3,3,1]	[6,6,5,3,2,1]	["0201025","0201025","0201025","0201025","0201019","0201019"]	["0201026","0201026","0201019","0201019","0201019","0201019"]	["0201027","0201026","0201019","0201019","0201019","0201019"]	["0201028","0201028","0201027","0201020","0201019","0201019"]	["0201029","0201029","0201028","0201021","0201021","0201019"]	["0201030","0201030","0201029","0201021","0201020","0201019"]	0	CH00BI13	none	S	40	2	10
0102225	9002137	[1,1,1,2,2,1,1,1]	[1,1,1,4,4,1,1,1]	[1,1,1,8,8,1,1,1]	[1,1,1,12,12,1,1,1]	[1,1,1,15,15,1,1,1]	240000	{"1":1200000,"2":3600,"3":6000,"4":3000}	9102137	0		UI_CH00BC224-1	CH00BC224-1	1	[0,0,0,0,0,0,0,0]	1	[1,1,1,1,1,1]	[2,2,1,1,1,1]	[3,2,1,1,1,1]	[4,4,3,2,1,1]	[5,5,4,3,3,1]	[6,6,5,3,2,1]	["0201025","0201025","0201025","0201025","0201019","0201019"]	["0201026","0201026","0201019","0201019","0201019","0201019"]	["0201027","0201026","0201019","0201019","0201019","0201019"]	["0201028","0201028","0201027","0201020","0201019","0201019"]	["0201029","0201029","0201028","0201021","0201021","0201019"]	["0201030","0201030","0201029","0201021","0201020","0201019"]	0	CH00BI13	none	S	40	2	10
0102226	9002138	[1,1,1,2,2,1,1,1]	[1,1,1,4,4,1,1,1]	[1,1,1,8,8,1,1,1]	[1,1,1,12,12,1,1,1]	[1,1,1,15,15,1,1,1]	240000	{"1":1200000,"2":3600,"3":6000,"4":3000}	9102138	0		UI_CH00BC224-2	CH00BC224-2	1	[0,0,0,0,0,0,0,0]	1	[1,1,1,1,1,1]	[2,2,1,1,1,1]	[3,2,1,1,1,1]	[4,4,3,2,1,1]	[5,5,4,3,3,1]	[6,6,5,3,2,1]	["0201025","0201025","0201025","0201025","0201019","0201019"]	["0201026","0201026","0201019","0201019","0201019","0201019"]	["0201027","0201026","0201019","0201019","0201019","0201019"]	["0201028","0201028","0201027","0201020","0201019","0201019"]	["0201029","0201029","0201028","0201021","0201021","0201019"]	["0201030","0201030","0201029","0201021","0201020","0201019"]	0	CH00BI13	none	S	40	2	10
0102227	9002139	[1,1,1,2,2,1,1,1]	[1,1,1,4,4,1,1,1]	[1,1,1,8,8,1,1,1]	[1,1,1,12,12,1,1,1]	[1,1,1,15,15,1,1,1]	240000	{"1":1200000,"2":3600,"3":6000,"4":3000}	9102139	0		UI_CH00BC224-3	CH00BC224-3	1	[0,0,0,0,0,0,0,0]	1	[1,1,1,1,1,1]	[2,2,1,1,1,1]	[3,2,1,1,1,1]	[4,4,3,2,1,1]	[5,5,4,3,3,1]	[6,6,5,3,2,1]	["0201025","0201025","0201025","0201025","0201019","0201019"]	["0201026","0201026","0201019","0201019","0201019","0201019"]	["0201027","0201026","0201019","0201019","0201019","0201019"]	["0201028","0201028","0201027","0201020","0201019","0201019"]	["0201029","0201029","0201028","0201021","0201021","0201019"]	["0201030","0201030","0201029","0201021","0201020","0201019"]	0	CH00BI13	none	S	40	2	10
0102228	9002140	[1,1,1,2,2,1,1,1]	[1,1,1,4,4,1,1,1]	[1,1,1,8,8,1,1,1]	[1,1,1,12,12,1,1,1]	[1,1,1,15,15,1,1,1]	240000	{"1":1200000,"2":3600,"3":6000,"4":3000}	9102140	0	0601059	UI_CH00BC225	CH00BC225	1	[0,0,0,36,59,0,0,0]	1	[1,1,1,1,1,1]	[2,2,1,1,1,1]	[3,2,1,1,1,1]	[4,4,3,2,1,1]	[5,5,4,3,3,1]	[6,6,5,3,2,1]	["0201025","0201025","0201025","0201025","0201019","0201019"]	["0201026","0201026","0201019","0201019","0201019","0201019"]	["0201027","0201026","0201019","0201019","0201019","0201019"]	["0201028","0201028","0201027","0201020","0201019","0201019"]	["0201029","0201029","0201028","0201021","0201021","0201019"]	["0201030","0201030","0201029","0201021","0201020","0201019"]	1	CH00BC226	none	S	40	2	10
0102229	9002141	[1,1,1,2,2,1,1,1]	[1,1,1,4,4,1,1,1]	[1,1,1,8,8,1,1,1]	[1,1,1,12,12,1,1,1]	[1,1,1,15,15,1,1,1]	240000	{"1":1200000,"2":3600,"3":6000,"4":3000}	9102141	0		UI_CH00BC226	CH00BC226	1	[0,0,0,0,0,0,0,0]	1	[1,1,1,1,1,1]	[2,2,1,1,1,1]	[3,2,1,1,1,1]	[4,4,3,2,1,1]	[5,5,4,3,3,1]	[6,6,5,3,2,1]	["0201025","0201025","0201025","0201025","0201019","0201019"]	["0201026","0201026","0201019","0201019","0201019","0201019"]	["0201027","0201026","0201019","0201019","0201019","0201019"]	["0201028","0201028","0201027","0201020","0201019","0201019"]	["0201029","0201029","0201028","0201021","0201021","0201019"]	["0201030","0201030","0201029","0201021","0201020","0201019"]	2	CH00BI13	none	S	40	2	10
0102230	9002142	[1,1,1,2,2,1,1,1]	[1,1,1,4,4,1,1,1]	[1,1,1,8,8,1,1,1]	[1,1,1,12,12,1,1,1]	[1,1,1,15,15,1,1,1]	240000	{"1":1200000,"2":3600,"3":6000,"4":3000}	9102142	0	0601061	UI_CH00BC230	CH00BC230	1	[0,0,0,0,0,0,0,0]	0	[1,1,1,1,1,1]	[2,2,1,1,1,1]	[3,2,1,1,1,1]	[4,4,3,2,1,1]	[5,5,4,3,3,1]	[6,6,5,3,2,1]	["0201025","0201025","0201025","0201025","0201019","0201019"]	["0201026","0201026","0201019","0201019","0201019","0201019"]	["0201027","0201026","0201019","0201019","0201019","0201019"]	["0201028","0201028","0201027","0201020","0201019","0201019"]	["0201029","0201029","0201028","0201021","0201021","0201019"]	["0201030","0201030","0201029","0201021","0201020","0201019"]	0	CH00BI13	none	S	40	2	10
0102231	9002143	[1,1,1,2,2,1,1,1]	[1,1,1,4,4,1,1,1]	[1,1,1,8,8,1,1,1]	[1,1,1,12,12,1,1,1]	[1,1,1,15,15,1,1,1]	240000	{"1":1200000,"2":3600,"3":6000,"4":3000}	9102143	0	0601062	UI_CH00BC231	CH00BC231	1	[0,0,0,0,0,0,0,0]	0	[1,1,1,1,1,1]	[2,2,1,1,1,1]	[3,2,1,1,1,1]	[4,4,3,2,1,1]	[5,5,4,3,3,1]	[6,6,5,3,2,1]	["0201025","0201025","0201025","0201025","0201019","0201019"]	["0201026","0201026","0201019","0201019","0201019","0201019"]	["0201027","0201026","0201019","0201019","0201019","0201019"]	["0201028","0201028","0201027","0201020","0201019","0201019"]	["0201029","0201029","0201028","0201021","0201021","0201019"]	["0201030","0201030","0201029","0201021","0201020","0201019"]	0	CH00BI13	none	S	40	2	10
0102232	9002144	[1,1,1,2,2,1,1,1]	[1,1,1,4,4,1,1,1]	[1,1,1,8,8,1,1,1]	[1,1,1,12,12,1,1,1]	[1,1,1,15,15,1,1,1]	240000	{"1":1200000,"2":3600,"3":6000,"4":3000}	9102144	0	0601063	UI_CH00BC232	CH00BC232	1	[0,0,0,0,0,0,0,0]	0	[1,1,1,1,1,1]	[2,2,1,1,1,1]	[3,2,1,1,1,1]	[4,4,3,2,1,1]	[5,5,4,3,3,1]	[6,6,5,3,2,1]	["0201025","0201025","0201025","0201025","0201019","0201019"]	["0201026","0201026","0201019","0201019","0201019","0201019"]	["0201027","0201026","0201019","0201019","0201019","0201019"]	["0201028","0201028","0201027","0201020","0201019","0201019"]	["0201029","0201029","0201028","0201021","0201021","0201019"]	["0201030","0201030","0201029","0201021","0201020","0201019"]	0	CH00BI13	none	S	40	2	10
0102233	9002145	[1,1,1,2,2,1,1,1]	[1,1,1,4,4,1,1,1]	[1,1,1,8,8,1,1,1]	[1,1,1,12,12,1,1,1]	[1,1,1,15,15,1,1,1]	240000	{"1":1200000,"2":3600,"3":6000,"4":3000}	9102145	0	0601064	UI_CH00BC233	CH00BC233	1	[0,0,0,0,0,0,0,0]	0	[1,1,1,1,1,1]	[2,2,1,1,1,1]	[3,2,1,1,1,1]	[4,4,3,2,1,1]	[5,5,4,3,3,1]	[6,6,5,3,2,1]	["0201025","0201025","0201025","0201025","0201019","0201019"]	["0201026","0201026","0201019","0201019","0201019","0201019"]	["0201027","0201026","0201019","0201019","0201019","0201019"]	["0201028","0201028","0201027","0201020","0201019","0201019"]	["0201029","0201029","0201028","0201021","0201021","0201019"]	["0201030","0201030","0201029","0201021","0201020","0201019"]	0	CH00BI13	none	S	40	2	10
0102234	9002146	[1,1,1,2,2,1,1,1]	[1,1,1,4,4,1,1,1]	[1,1,1,8,8,1,1,1]	[1,1,1,12,12,1,1,1]	[1,1,1,15,15,1,1,1]	240000	{"1":1200000,"2":3600,"3":6000,"4":3000}	9102146	0		UI_CH00BC88_1	CH00BC88_1	1	[0,0,0,0,0,0,0,0]	1	[1,1,1,1,1,1]	[2,2,1,1,1,1]	[3,2,1,1,1,1]	[4,4,3,2,1,1]	[5,5,4,3,3,1]	[6,6,5,3,2,1]	["0201025","0201025","0201025","0201025","0201019","0201019"]	["0201026","0201026","0201019","0201019","0201019","0201019"]	["0201027","0201026","0201019","0201019","0201019","0201019"]	["0201028","0201028","0201027","0201020","0201019","0201019"]	["0201029","0201029","0201028","0201021","0201021","0201019"]	["0201030","0201030","0201029","0201021","0201020","0201019"]	2	CH00BI13	none	S	40	2	10
0102235	9002147	[1,1,1,2,2,1,1,1]	[1,1,1,4,4,1,1,1]	[1,1,1,8,8,1,1,1]	[1,1,1,12,12,1,1,1]	[1,1,1,15,15,1,1,1]	240000	{"1":1200000,"2":3600,"3":6000,"4":3000}	9102147	0		UI_CH00BC88_2	CH00BC88_2	1	[0,0,0,0,0,0,0,0]	1	[1,1,1,1,1,1]	[2,2,1,1,1,1]	[3,2,1,1,1,1]	[4,4,3,2,1,1]	[5,5,4,3,3,1]	[6,6,5,3,2,1]	["0201025","0201025","0201025","0201025","0201019","0201019"]	["0201026","0201026","0201019","0201019","0201019","0201019"]	["0201027","0201026","0201019","0201019","0201019","0201019"]	["0201028","0201028","0201027","0201020","0201019","0201019"]	["0201029","0201029","0201028","0201021","0201021","0201019"]	["0201030","0201030","0201029","0201021","0201020","0201019"]	2	CH00BI13	none	S	40	2	10
0102236	9002148	[1,1,1,2,2,1,1,1]	[1,1,1,4,4,1,1,1]	[1,1,1,8,8,1,1,1]	[1,1,1,12,12,1,1,1]	[1,1,1,15,15,1,1,1]	240000	{"1":1200000,"2":3600,"3":6000,"4":3000}	9102148	0		UI_CH00BC236	CH00BC236	1	[0,0,0,0,0,0,0,0]	1	[1,1,1,1,1,1]	[2,2,1,1,1,1]	[3,2,1,1,1,1]	[4,4,3,2,1,1]	[5,5,4,3,3,1]	[6,6,5,3,2,1]	["0201025","0201025","0201025","0201025","0201019","0201019"]	["0201026","0201026","0201019","0201019","0201019","0201019"]	["0201027","0201026","0201019","0201019","0201019","0201019"]	["0201028","0201028","0201027","0201020","0201019","0201019"]	["0201029","0201029","0201028","0201021","0201021","0201019"]	["0201030","0201030","0201029","0201021","0201020","0201019"]	2	CH00BI13	none	S	40	2	10
0102237	9002149	[1,1,1,2,2,1,1,1]	[1,1,1,4,4,1,1,1]	[1,1,1,8,8,1,1,1]	[1,1,1,12,12,1,1,1]	[1,1,1,15,15,1,1,1]	240000	{"1":1200000,"2":3600,"3":6000,"4":3000}	9102149	0		UI_CH00BC236_1	CH00BC236_1	1	[0,0,0,0,0,0,0,0]	1	[1,1,1,1,1,1]	[2,2,1,1,1,1]	[3,2,1,1,1,1]	[4,4,3,2,1,1]	[5,5,4,3,3,1]	[6,6,5,3,2,1]	["0201025","0201025","0201025","0201025","0201019","0201019"]	["0201026","0201026","0201019","0201019","0201019","0201019"]	["0201027","0201026","0201019","0201019","0201019","0201019"]	["0201028","0201028","0201027","0201020","0201019","0201019"]	["0201029","0201029","0201028","0201021","0201021","0201019"]	["0201030","0201030","0201029","0201021","0201020","0201019"]	2	CH00BI13	none	S	40	2	10
0102238	9002150	[1,1,1,2,2,1,1,1]	[1,1,1,4,4,1,1,1]	[1,1,1,8,8,1,1,1]	[1,1,1,12,12,1,1,1]	[1,1,1,15,15,1,1,1]	240000	{"1":1200000,"2":3600,"3":6000,"4":3000}	9102150	0	0601065	UI_CH00BC238	CH00BC238	1	[0,0,0,0,0,0,0,0]	0	[1,1,1,1,1,1]	[2,2,1,1,1,1]	[3,2,1,1,1,1]	[4,4,3,2,1,1]	[5,5,4,3,3,1]	[6,6,5,3,2,1]	["0201025","0201025","0201025","0201025","0201019","0201019"]	["0201026","0201026","0201019","0201019","0201019","0201019"]	["0201027","0201026","0201019","0201019","0201019","0201019"]	["0201028","0201028","0201027","0201020","0201019","0201019"]	["0201029","0201029","0201028","0201021","0201021","0201019"]	["0201030","0201030","0201029","0201021","0201020","0201019"]	0	CH00BI13	none	S	40	2	10
0102239	9002151	[1,1,1,2,2,1,1,1]	[1,1,1,4,4,1,1,1]	[1,1,1,8,8,1,1,1]	[1,1,1,12,12,1,1,1]	[1,1,1,15,15,1,1,1]	240000	{"1":1200000,"2":3600,"3":6000,"4":3000}	9102151	0	0601066	UI_CH00BC239	CH00BC239	1	[0,0,0,0,0,0,0,0]	0	[1,1,1,1,1,1]	[2,2,1,1,1,1]	[3,2,1,1,1,1]	[4,4,3,2,1,1]	[5,5,4,3,3,1]	[6,6,5,3,2,1]	["0201025","0201025","0201025","0201025","0201019","0201019"]	["0201026","0201026","0201019","0201019","0201019","0201019"]	["0201027","0201026","0201019","0201019","0201019","0201019"]	["0201028","0201028","0201027","0201020","0201019","0201019"]	["0201029","0201029","0201028","0201021","0201021","0201019"]	["0201030","0201030","0201029","0201021","0201020","0201019"]	0	CH00BI13	none	S	40	2	10
0102240	9002152	[1,1,1,2,2,1,1,1]	[1,1,1,4,4,1,1,1]	[1,1,1,8,8,1,1,1]	[1,1,1,12,12,1,1,1]	[1,1,1,15,15,1,1,1]	240000	{"1":1200000,"2":3600,"3":6000,"4":3000}	9102152	0		0	CH00BC240	1	[0,0,0,0,0,0,0,0]	1	[1,1,1,1,1,1]	[2,2,1,1,1,1]	[3,2,1,1,1,1]	[4,4,3,2,1,1]	[5,5,4,3,3,1]	[6,6,5,3,2,1]	["0201025","0201025","0201025","0201025","0201019","0201019"]	["0201026","0201026","0201019","0201019","0201019","0201019"]	["0201027","0201026","0201019","0201019","0201019","0201019"]	["0201028","0201028","0201027","0201020","0201019","0201019"]	["0201029","0201029","0201028","0201021","0201021","0201019"]	["0201030","0201030","0201029","0201021","0201020","0201019"]	2		none	S	40	2	10
0102241	9002153	[1,1,1,2,2,1,1,1]	[1,1,1,4,4,1,1,1]	[1,1,1,8,8,1,1,1]	[1,1,1,12,12,1,1,1]	[1,1,1,15,15,1,1,1]	240000	{"1":1200000,"2":3600,"3":6000,"4":3000}	9102153	0		0	CH00BC241	1	[0,0,0,0,0,0,0,0]	1	[1,1,1,1,1,1]	[2,2,1,1,1,1]	[3,2,1,1,1,1]	[4,4,3,2,1,1]	[5,5,4,3,3,1]	[6,6,5,3,2,1]	["0201025","0201025","0201025","0201025","0201019","0201019"]	["0201026","0201026","0201019","0201019","0201019","0201019"]	["0201027","0201026","0201019","0201019","0201019","0201019"]	["0201028","0201028","0201027","0201020","0201019","0201019"]	["0201029","0201029","0201028","0201021","0201021","0201019"]	["0201030","0201030","0201029","0201021","0201020","0201019"]	2		none	S	40	2	10
0102651	9002651	[1,1,1,2,2,1,1,1]	[1,1,1,4,4,1,1,1]	[1,1,1,8,8,1,1,1]	[1,1,1,12,12,1,1,1]	[1,1,1,15,15,1,1,1]	240000	{"1":1200000,"2":3600,"3":6000,"4":3000}	9102051	0		UI_CH00BC651	CH00BC651	1	[0,0,0,0,0,0,0,0]	1	[1,1,1,1,1,1]	[2,2,1,1,1,1]	[3,2,1,1,1,1]	[4,4,3,2,1,1]	[5,5,4,3,3,1]	[6,6,5,3,2,1]	["0201025","0201025","0201025","0201025","0201019","0201019"]	["0201026","0201026","0201019","0201019","0201019","0201019"]	["0201027","0201026","0201019","0201019","0201019","0201019"]	["0201028","0201028","0201027","0201020","0201019","0201019"]	["0201029","0201029","0201028","0201021","0201021","0201019"]	["0201030","0201030","0201029","0201021","0201020","0201019"]	2	CH00BI13	none	S	40	2	10
0102654	9002654	[1,1,1,1.8,1.8,1,1,1]	[1,1,1,3.5,3.5,1,1,1]	[1,1,1,5.5,5.5,1,1,1]	[1,1,1,7.5,7.5,1,1,1]	[1,1,1,10,10,1,1,1]	160000	{"1":600000,"2":1600,"3":4000,"4":2000}	9102054	0	0601068	UI_CH00BC654	CH00BC654	1	[0,0,0,26,56,0,0,0]	0	[1,1,1,1,1,1]	[2,2,1,1,1,1]	[3,2,1,1,1,1]	[4,4,3,2,1,1]	[5,5,4,3,3,1]	[6,6,5,3,2,1]	["0201025","0201025","0201025","0201025","0201019","0201019"]	["0201026","0201026","0201019","0201019","0201019","0201019"]	["0201027","0201026","0201019","0201019","0201019","0201019"]	["0201028","0201028","0201027","0201020","0201019","0201019"]	[]	[]	0	CH00BI13	drop	B	20	1	3
0102658	9002658	[1,1,1,2,2,1,1,1]	[1,1,1,4,4,1,1,1]	[1,1,1,8,8,1,1,1]	[1,1,1,12,12,1,1,1]	[1,1,1,15,15,1,1,1]	240000	{"1":1200000,"2":3600,"3":6000,"4":3000}	9102058	0	0601069	UI_CH00BC658	CH00BC658	1	[0,0,0,15,55,0,0,0]	0	[1,1,1,1,1,1]	[2,2,1,1,1,1]	[3,2,1,1,1,1]	[4,4,3,2,1,1]	[5,5,4,3,3,1]	[6,6,5,3,2,1]	["0201025","0201025","0201025","0201025","0201019","0201019"]	["0201026","0201026","0201019","0201019","0201019","0201019"]	["0201027","0201026","0201019","0201019","0201019","0201019"]	["0201028","0201028","0201027","0201020","0201019","0201019"]	["0201029","0201029","0201028","0201021","0201021","0201019"]	["0201030","0201030","0201029","0201021","0201020","0201019"]	0	CH00BI13	drop	S	40	2	10
0102660	9002660	[1,1,1,1.8,1.8,1,1,1]	[1,1,1,3.5,3.5,1,1,1]	[1,1,1,5.5,5.5,1,1,1]	[1,1,1,7.5,7.5,1,1,1]	[1,1,1,10,10,1,1,1]	160000	{"1":600000,"2":1600,"3":4000,"4":2000}	9102060	0	0601070	UI_CH00BC660	CH00BC660	1	[0,0,0,21,45,0,0,0]	0	[1,1,1,1,1,1]	[2,2,1,1,1,1]	[3,2,1,1,1,1]	[4,4,3,2,1,1]	[5,5,4,3,3,1]	[6,6,5,3,2,1]	["0201025","0201025","0201025","0201025","0201019","0201019"]	["0201026","0201026","0201019","0201019","0201019","0201019"]	["0201027","0201026","0201019","0201019","0201019","0201019"]	["0201028","0201028","0201027","0201020","0201019","0201019"]	[]	[]	1	CH00BI83	drop	B	20	1	3
0102666	9002666	[1,1,1,2,2,1,1,1]	[1,1,1,4,4,1,1,1]	[1,1,1,8,8,1,1,1]	[1,1,1,12,12,1,1,1]	[1,1,1,15,15,1,1,1]	240000	{"1":1200000,"2":3600,"3":6000,"4":3000}	9102066	0	0601071	UI_CH00BC666	CH00BC666	1	[0,0,0,27,50,0,0,0]	0	[1,1,1,1,1,1]	[2,2,1,1,1,1]	[3,2,1,1,1,1]	[4,4,3,2,1,1]	[5,5,4,3,3,1]	[6,6,5,3,2,1]	["0201025","0201025","0201025","0201025","0201019","0201019"]	["0201026","0201026","0201019","0201019","0201019","0201019"]	["0201027","0201026","0201019","0201019","0201019","0201019"]	["0201028","0201028","0201027","0201020","0201019","0201019"]	["0201029","0201029","0201028","0201021","0201021","0201019"]	["0201030","0201030","0201029","0201021","0201020","0201019"]	1	CH00BI651	none	S	40	2	10
0102667	9002667	[1,1,1,2,2,1,1,1]	[1,1,1,4,4,1,1,1]	[1,1,1,8,8,1,1,1]	[1,1,1,12,12,1,1,1]	[1,1,1,15,15,1,1,1]	240000	{"1":1200000,"2":3600,"3":6000,"4":3000}	9102667	0		UI_CH00BI651	CH00BI651	1	[0,0,0,0,0,0,0,0]	1	[1,1,1,1,1,1]	[2,2,1,1,1,1]	[3,2,1,1,1,1]	[4,4,3,2,1,1]	[5,5,4,3,3,1]	[6,6,5,3,2,1]	["0201025","0201025","0201025","0201025","0201019","0201019"]	["0201026","0201026","0201019","0201019","0201019","0201019"]	["0201027","0201026","0201019","0201019","0201019","0201019"]	["0201028","0201028","0201027","0201020","0201019","0201019"]	["0201029","0201029","0201028","0201021","0201021","0201019"]	["0201030","0201030","0201029","0201021","0201020","0201019"]	2	CH00BI13	none	S	40	2	10
0102668	9002668	[1,1,1,1.8,1.8,1,1,1]	[1,1,1,3.5,3.5,1,1,1]	[1,1,1,5.5,5.5,1,1,1]	[1,1,1,7.5,7.5,1,1,1]	[1,1,1,10,10,1,1,1]	160000	{"1":600000,"2":1600,"3":4000,"4":2000}	9102051	0	0601067	UI_CH00BC668	CH00BC668	1	[0,0,0,33,40,0,0,0]	0	[1,1,1,1,1,1]	[2,2,1,1,1,1]	[3,2,1,1,1,1]	[4,4,3,2,1,1]	[5,5,4,3,3,1]	[6,6,5,3,2,1]	["0201025","0201025","0201025","0201025","0201019","0201019"]	["0201026","0201026","0201019","0201019","0201019","0201019"]	["0201027","0201026","0201019","0201019","0201019","0201019"]	["0201028","0201028","0201027","0201020","0201019","0201019"]	["0201029","0201029","0201028","0201021","0201021","0201019"]	[]	0	CH00BC651	none	A	30	2	5
0102697	9002697	[1,1,1,1.8,1.8,1,1,1]	[1,1,1,3.5,3.5,1,1,1]	[1,1,1,5.5,5.5,1,1,1]	[1,1,1,7.5,7.5,1,1,1]	[1,1,1,10,10,1,1,1]	160000	{"1":600000,"2":1600,"3":4000,"4":2000}	9102109	0	0601072	UI_CH00BC697	CH00BC697	1	[0,0,0,35,50,0,0,0]	0	[1,1,1,1,1,1]	[2,2,1,1,1,1]	[3,2,1,1,1,1]	[4,4,3,2,1,1]	[5,5,4,3,3,1]	[6,6,5,3,2,1]	["0201025","0201025","0201025","0201025","0201019","0201019"]	["0201026","0201026","0201019","0201019","0201019","0201019"]	["0201027","0201026","0201019","0201019","0201019","0201019"]	["0201028","0201028","0201027","0201020","0201019","0201019"]	["0201029","0201029","0201028","0201021","0201021","0201019"]	[]	1	CH00BI84	none	A	30	2	5
0102805	9002805	[1,1,1,1.8,1.8,1,1,1]	[1,1,1,3.5,3.5,1,1,1]	[1,1,1,5.5,5.5,1,1,1]	[1,1,1,7.5,7.5,1,1,1]	[1,1,1,10,10,1,1,1]	160000	{"1":600000,"2":1600,"3":4000,"4":2000}	9102117	0	0601073	UI_CH00BC805	CH00BC805	1	[0,0,0,47,48,0,0,0]	0	[1,1,1,1,1,1]	[2,2,1,1,1,1]	[3,2,1,1,1,1]	[4,4,3,2,1,1]	[5,5,4,3,3,1]	[6,6,5,3,2,1]	["0201025","0201025","0201025","0201025","0201019","0201019"]	["0201026","0201026","0201019","0201019","0201019","0201019"]	["0201027","0201026","0201019","0201019","0201019","0201019"]	["0201028","0201028","0201027","0201020","0201019","0201019"]	["0201029","0201029","0201028","0201021","0201021","0201019"]	[]	0	CH00BI12	none	A	30	2	5
0102675	9002675	[1,1,1,1.8,1.8,1,1,1]	[1,1,1,3.5,3.5,1,1,1]	[1,1,1,5.5,5.5,1,1,1]	[1,1,1,7.5,7.5,1,1,1]	[1,1,1,10,10,1,1,1]	160000	{"1":600000,"2":1600,"3":4000,"4":2000}	9102087	0	0601074	UI_CH00BC675	CH00BC675	1	[0,0,0,18,48,0,0,0]	0	[1,1,1,1,1,1]	[2,2,1,1,1,1]	[3,2,1,1,1,1]	[4,4,3,2,1,1]	[5,5,4,3,3,1]	[6,6,5,3,2,1]	["0201025","0201025","0201025","0201025","0201019","0201019"]	["0201026","0201026","0201019","0201019","0201019","0201019"]	["0201027","0201026","0201019","0201019","0201019","0201019"]	["0201028","0201028","0201027","0201020","0201019","0201019"]	["0201029","0201029","0201028","0201021","0201021","0201019"]	[]	0	CH00BC676	none	A	30	2	5
0102676	9002676	[1,1,1,2,2,1,1,1]	[1,1,1,4,4,1,1,1]	[1,1,1,8,8,1,1,1]	[1,1,1,12,12,1,1,1]	[1,1,1,15,15,1,1,1]	240000	{"1":1200000,"2":3600,"3":6000,"4":3000}	9102088	0		UICH00BC676	CH00BC676	1	[0,0,0,0,0,0,0,0]	1	[1,1,1,1,1,1]	[2,2,1,1,1,1]	[3,2,1,1,1,1]	[4,4,3,2,1,1]	[5,5,4,3,3,1]	[6,6,5,3,2,1]	["0201025","0201025","0201025","0201025","0201019","0201019"]	["0201026","0201026","0201019","0201019","0201019","0201019"]	["0201027","0201026","0201019","0201019","0201019","0201019"]	["0201028","0201028","0201027","0201020","0201019","0201019"]	["0201029","0201029","0201028","0201021","0201021","0201019"]	["0201030","0201030","0201029","0201021","0201020","0201019"]	2		none	S	40	2	10
0101001	9001001	[1.2,1.2,1.2,1.2,1.2,1.2,1.2,1.3]	[1.5,1.5,1.5,1.5,1.5,1.5,1.5,1.6]	[2,2,2,2,2,2,2,3]	[2.5,2.5,2.5,2.5,2.5,2.5,2.5,2.6]	[3,3,3,3,3,3,3,3]	240000	{"1":1200000,"2":3600,"3":6000,"4":3000}	9101001	0		UI_CH00H001	CH00H001	1	[0,0,5,10,0,0,0,0]	0	[1,1,1,1,1,1]	[2,2,1,1,1,1]	[3,2,1,1,1,1]	[4,4,3,2,1,1]	[5,5,4,3,3,1]	[6,6,5,3,2,1]	["0201019","0201019","0201019","0201025","0201025","0201025"]	["0201020","0201026","0201025","0201001","0201007","0201013"]	["0201021","0201020","0201025","0201031","0201037","0201043"]	["0201058","0201052","0201063","0201062","0201025","0201025"]	["0201065","0201059","0201052","0201009","0201015","0201001"]	["0201036","0201042","0201047","0201021","0201020","0201025"]	0		none	S	40	2	10
0101002	9001002	[1.2,1.2,1.2,1.2,1.2,1.2,1.2,1.3]	[1.5,1.5,1.5,1.5,1.5,1.5,1.5,1.6]	[2,2,2,2,2,2,2,3]	[2.5,2.5,2.5,2.5,2.5,2.5,2.5,2.6]	[3,3,3,3,3,3,3,3]	240000	{"1":1200000,"2":3600,"3":6000,"4":3000}	9101002	0		UI_CH00H002	CH00H002	1	[0,5,0,10,0,0,0,0]	0	[1,1,1,1,1,1]	[2,2,1,1,1,1]	[3,2,1,1,1,1]	[4,4,3,2,1,1]	[5,5,4,3,3,1]	[6,6,5,3,2,1]	["0201019","0201019","0201019","0201025","0201025","0201025"]	["0201020","0201026","0201025","0201001","0201007","0201013"]	["0201021","0201020","0201025","0201031","0201037","0201043"]	["0201058","0201052","0201063","0201062","0201025","0201025"]	["0201065","0201059","0201052","0201009","0201015","0201001"]	["0201036","0201042","0201047","0201021","0201020","0201025"]	0		none	S	40	2	10
0101003	9001003	[1.2,1.2,1.2,1.2,1.2,1.2,1.2,1.3]	[1.5,1.5,1.5,1.5,1.5,1.5,1.5,1.6]	[2,2,2,2,2,2,2,3]	[2.5,2.5,2.5,2.5,2.5,2.5,2.5,2.6]	[3,3,3,3,3,3,3,3]	240000	{"1":1200000,"2":3600,"3":6000,"4":3000}	9101003	0		UI_CH00H003	CH00H003	1	[5,0,0,10,0,0,0,0]	0	[1,1,1,1,1,1]	[2,2,1,1,1,1]	[3,2,1,1,1,1]	[4,4,3,2,1,1]	[5,5,4,3,3,1]	[6,6,5,3,2,1]	["0201019","0201019","0201019","0201025","0201025","0201025"]	["0201020","0201026","0201025","0201001","0201007","0201013"]	["0201021","0201020","0201025","0201031","0201037","0201043"]	["0201058","0201052","0201063","0201062","0201025","0201025"]	["0201065","0201059","0201052","0201009","0201015","0201001"]	["0201036","0201042","0201047","0201021","0201020","0201025"]	0		none	S	40	2	10
0101004	9001004	[1.2,1.2,1.2,1.2,1.2,1.2,1.2,1.3]	[1.5,1.5,1.5,1.5,1.5,1.5,1.5,1.6]	[2,2,2,2,2,2,2,3]	[2.5,2.5,2.5,2.5,2.5,2.5,2.5,2.6]	[3,3,3,3,3,3,3,3]	240000	{"1":1200000,"2":3600,"3":6000,"4":3000}	9101004	0		UI_CH00H004	CH00H004	1	[0,0,5,10,0,0,0,0]	0	[1,1,1,1,1,1]	[2,2,1,1,1,1]	[3,2,1,1,1,1]	[4,4,3,2,1,1]	[5,5,4,3,3,1]	[6,6,5,3,2,1]	["0201019","0201019","0201019","0201025","0201025","0201025"]	["0201020","0201026","0201025","0201001","0201007","0201013"]	["0201021","0201020","0201025","0201031","0201037","0201043"]	["0201058","0201052","0201063","0201062","0201025","0201025"]	["0201065","0201059","0201052","0201009","0201015","0201001"]	["0201036","0201042","0201047","0201021","0201020","0201025"]	0		none	S	40	2	10
0101005	9001005	[1.2,1.2,1.2,1.2,1.2,1.2,1.2,1.3]	[1.5,1.5,1.5,1.5,1.5,1.5,1.5,1.6]	[2,2,2,2,2,2,2,3]	[2.5,2.5,2.5,2.5,2.5,2.5,2.5,2.6]	[3,3,3,3,3,3,3,3]	240000	{"1":1200000,"2":3600,"3":6000,"4":3000}	9101005	0		UI_CH00H005	CH00H005	1	[0,5,0,10,0,0,0,0]	0	[1,1,1,1,1,1]	[2,2,1,1,1,1]	[3,2,1,1,1,1]	[4,4,3,2,1,1]	[5,5,4,3,3,1]	[6,6,5,3,2,1]	["0201019","0201019","0201019","0201025","0201025","0201025"]	["0201020","0201026","0201025","0201001","0201007","0201013"]	["0201021","0201020","0201025","0201031","0201037","0201043"]	["0201058","0201052","0201063","0201062","0201025","0201025"]	["0201065","0201059","0201052","0201009","0201015","0201001"]	["0201036","0201042","0201047","0201021","0201020","0201025"]	0		none	S	40	2	10
0101006	9001006	[1.2,1.2,1.2,1.2,1.2,1.2,1.2,1.3]	[1.5,1.5,1.5,1.5,1.5,1.5,1.5,1.6]	[2,2,2,2,2,2,2,3]	[2.5,2.5,2.5,2.5,2.5,2.5,2.5,2.6]	[3,3,3,3,3,3,3,3]	240000	{"1":1200000,"2":3600,"3":6000,"4":3000}	9101006	0		UI_CH00H006	CH00H006	1	[5,0,0,10,0,0,0,0]	0	[1,1,1,1,1,1]	[2,2,1,1,1,1]	[3,2,1,1,1,1]	[4,4,3,2,1,1]	[5,5,4,3,3,1]	[6,6,5,3,2,1]	["0201019","0201019","0201019","0201025","0201025","0201025"]	["0201020","0201026","0201025","0201001","0201007","0201013"]	["0201021","0201020","0201025","0201031","0201037","0201043"]	["0201058","0201052","0201063","0201062","0201025","0201025"]	["0201065","0201059","0201052","0201009","0201015","0201001"]	["0201036","0201042","0201047","0201021","0201020","0201025"]	0		none	S	40	2	10
0101007	9001007	[1.2,1.2,1.2,1.2,1.2,1.2,1.2,1.3]	[1.5,1.5,1.5,1.5,1.5,1.5,1.5,1.6]	[2,2,2,2,2,2,2,3]	[2.5,2.5,2.5,2.5,2.5,2.5,2.5,2.6]	[3,3,3,3,3,3,3,3]	240000	{"1":1200000,"2":3600,"3":6000,"4":3000}	9101007	0		UI_CH00H007	CH00H007	1	[0,0,5,10,0,0,0,0]	0	[1,1,1,1,1,1]	[2,2,1,1,1,1]	[3,2,1,1,1,1]	[4,4,3,2,1,1]	[5,5,4,3,3,1]	[6,6,5,3,2,1]	["0201019","0201019","0201019","0201025","0201025","0201025"]	["0201020","0201026","0201025","0201001","0201007","0201013"]	["0201021","0201020","0201025","0201031","0201037","0201043"]	["0201058","0201052","0201063","0201062","0201025","0201025"]	["0201065","0201059","0201052","0201009","0201015","0201001"]	["0201036","0201042","0201047","0201021","0201020","0201025"]	0		none	S	40	2	10
0101008	9001008	[1.2,1.2,1.2,1.2,1.2,1.2,1.2,1.2]	[1.5,1.5,1.5,1.5,1.5,1.5,1.5,1.5]	[2,2,2,2,2,2,2,2]	[2.5,2.5,2.5,2.5,2.5,2.5,2.5,2.5]	[3,3,3,3,3,3,3,3]	160000	{"1":600000,"2":1600,"3":4000,"4":2000}	9101008	0		UI_CH00H008	CH00H008	1	[0,5,0,10,0,0,0,0]	0	[1,1,1,1,1,1]	[2,2,1,1,1,1]	[3,2,1,1,1,1]	[4,4,3,2,1,1]	[5,5,4,3,3,1]	[6,6,5,3,2,1]	["0201019","0201019","0201019","0201025","0201025","0201025"]	["0201020","0201026","0201025","0201001","0201007","0201013"]	["0201021","0201020","0201025","0201031","0201037","0201043"]	["0201058","0201052","0201063","0201062","0201025","0201025"]	["0201065","0201059","0201052","0201009","0201015","0201001"]	[]	0		eshop	A	30	2	5
0101009	9001009	[1.2,1.2,1.2,1.2,1.2,1.2,1.2,1.2]	[1.5,1.5,1.5,1.5,1.5,1.5,1.5,1.5]	[2,2,2,2,2,2,2,2]	[2.5,2.5,2.5,2.5,2.5,2.5,2.5,2.5]	[3,3,3,3,3,3,3,3]	160000	{"1":600000,"2":1600,"3":4000,"4":2000}	9101009	0		UI_CH00H009	CH00H009	1	[5,0,0,10,0,0,0,0]	0	[1,1,1,1,1,1]	[2,2,1,1,1,1]	[3,2,1,1,1,1]	[4,4,3,2,1,1]	[5,5,4,3,3,1]	[6,6,5,3,2,1]	["0201019","0201019","0201019","0201025","0201025","0201025"]	["0201020","0201026","0201025","0201001","0201007","0201013"]	["0201021","0201020","0201025","0201031","0201037","0201043"]	["0201058","0201052","0201063","0201062","0201025","0201025"]	[]	[]	0		gdraw	B	20	1	3
0101010	9001010	[1.2,1.2,1.2,1.2,1.2,1.2,1.2,1.2]	[1.5,1.5,1.5,1.5,1.5,1.5,1.5,1.5]	[2,2,2,2,2,2,2,2]	[2.5,2.5,2.5,2.5,2.5,2.5,2.5,2.5]	[3,3,3,3,3,3,3,3]	160000	{"1":600000,"2":1600,"3":4000,"4":2000}	9101010	0		UI_CH00H010	CH00H010	1	[0,0,5,10,0,0,0,0]	0	[1,1,1,1,1,1]	[2,2,1,1,1,1]	[3,2,1,1,1,1]	[4,4,3,2,1,1]	[5,5,4,3,3,1]	[6,6,5,3,2,1]	["0201019","0201019","0201019","0201025","0201025","0201025"]	["0201020","0201026","0201025","0201001","0201007","0201013"]	["0201021","0201020","0201025","0201031","0201037","0201043"]	["0201058","0201052","0201063","0201062","0201025","0201025"]	["0201065","0201059","0201052","0201009","0201015","0201001"]	[]	0		gdraw	A	30	2	5
0101011	9001011	[1.2,1.2,1.2,1.2,1.2,1.2,1.2,1.2]	[1.5,1.5,1.5,1.5,1.5,1.5,1.5,1.5]	[2,2,2,2,2,2,2,2]	[2.5,2.5,2.5,2.5,2.5,2.5,2.5,2.5]	[3,3,3,3,3,3,3,3]	160000	{"1":600000,"2":1600,"3":4000,"4":2000}	9101011	0		UI_CH00H011	CH00H011	1	[0,5,0,10,0,0,0,0]	0	[1,1,1,1,1,1]	[2,2,1,1,1,1]	[3,2,1,1,1,1]	[4,4,3,2,1,1]	[5,5,4,3,3,1]	[6,6,5,3,2,1]	["0201019","0201019","0201019","0201025","0201025","0201025"]	["0201020","0201026","0201025","0201001","0201007","0201013"]	["0201021","0201020","0201025","0201031","0201037","0201043"]	["0201058","0201052","0201063","0201062","0201025","0201025"]	[]	[]	0		none	B	20	1	3
0101012	9001012	[1.2,1.2,1.2,1.2,1.2,1.2,1.2,1.2]	[1.5,1.5,1.5,1.5,1.5,1.5,1.5,1.5]	[2,2,2,2,2,2,2,2]	[2.5,2.5,2.5,2.5,2.5,2.5,2.5,2.5]	[3,3,3,3,3,3,3,3]	7500	{"1":600000,"2":1600,"3":4000,"4":2000}	9101012	0		UI_CH00H012	CH00H012	1	[5,0,0,10,0,0,0,0]	0	[1,1,1,1,1,1]	[2,2,1,1,1,1]	[3,2,1,1,1,1]	[4,4,3,2,1,1]	[5,5,4,3,3,1]	[6,6,5,3,2,1]	["0201019","0201019","0201019","0201025","0201025","0201025"]	["0201020","0201026","0201025","0201001","0201007","0201013"]	["0201021","0201020","0201025","0201031","0201037","0201043"]	[]	[]	[]	0		none	C	10	1	0
0101013	9001013	[1.2,1.2,1.2,1.2,1.2,1.2,1.2,1.2]	[1.5,1.5,1.5,1.5,1.5,1.5,1.5,1.5]	[2,2,2,2,2,2,2,2]	[2.5,2.5,2.5,2.5,2.5,2.5,2.5,2.5]	[3,3,3,3,3,3,3,3]	160000	{"1":600000,"2":1600,"3":4000,"4":2000}	9101013	0		UI_CH00H013	CH00H013	1	[0,0,5,10,0,0,0,0]	0	[1,1,1,1,1,1]	[2,2,1,1,1,1]	[3,2,1,1,1,1]	[4,4,3,2,1,1]	[5,5,4,3,3,1]	[6,6,5,3,2,1]	["0201019","0201019","0201019","0201025","0201025","0201025"]	["0201020","0201026","0201025","0201001","0201007","0201013"]	["0201021","0201020","0201025","0201031","0201037","0201043"]	["0201058","0201052","0201063","0201062","0201025","0201025"]	[]	[]	0		gdraw	B	20	1	3
0101014	9001014	[1.2,1.2,1.2,1.2,1.2,1.2,1.2,1.2]	[1.5,1.5,1.5,1.5,1.5,1.5,1.5,1.5]	[2,2,2,2,2,2,2,2]	[2.5,2.5,2.5,2.5,2.5,2.5,2.5,2.5]	[3,3,3,3,3,3,3,3]	7500	{"1":75000,"2":100,"3":1000,"4":500}	9101014	0		UI_CH00H014	CH00H014	1	[0,5,0,10,0,0,0,0]	0	[1,1,1,1,1,1]	[2,2,1,1,1,1]	[3,2,1,1,1,1]	[4,4,3,2,1,1]	[5,5,4,3,3,1]	[6,6,5,3,2,1]	["0201019","0201019","0201019","0201025","0201025","0201025"]	["0201020","0201026","0201025","0201001","0201007","0201013"]	["0201021","0201020","0201025","0201031","0201037","0201043"]	[]	[]	[]	0		none	C	10	1	0
0101015	9001015	[1.2,1.2,1.2,1.2,1.2,1.2,1.2,1.2]	[1.5,1.5,1.5,1.5,1.5,1.5,1.5,1.5]	[2,2,2,2,2,2,2,2]	[2.5,2.5,2.5,2.5,2.5,2.5,2.5,2.5]	[3,3,3,3,3,3,3,3]	160000	{"1":600000,"2":1600,"3":4000,"4":2000}	9101015	0		UI_CH00H015	CH00H015	1	[5,0,0,10,0,0,0,0]	0	[1,1,1,1,1,1]	[2,2,1,1,1,1]	[3,2,1,1,1,1]	[4,4,3,2,1,1]	[5,5,4,3,3,1]	[6,6,5,3,2,1]	["0201019","0201019","0201019","0201025","0201025","0201025"]	["0201020","0201026","0201025","0201001","0201007","0201013"]	["0201021","0201020","0201025","0201031","0201037","0201043"]	["0201058","0201052","0201063","0201062","0201025","0201025"]	[]	[]	0		gdraw	B	20	1	3
0101016	9001016	[1.2,1.2,1.2,1.2,1.2,1.2,1.2,1.2]	[1.5,1.5,1.5,1.5,1.5,1.5,1.5,1.5]	[2,2,2,2,2,2,2,2]	[2.5,2.5,2.5,2.5,2.5,2.5,2.5,2.5]	[3,3,3,3,3,3,3,3]	160000	{"1":600000,"2":1600,"3":4000,"4":2000}	9101016	0		UI_CH00H016	CH00H016	1	[0,0,5,10,0,0,0,0]	0	[1,1,1,1,1,1]	[2,2,1,1,1,1]	[3,2,1,1,1,1]	[4,4,3,2,1,1]	[5,5,4,3,3,1]	[6,6,5,3,2,1]	["0201019","0201019","0201019","0201025","0201025","0201025"]	["0201020","0201026","0201025","0201001","0201007","0201013"]	["0201021","0201020","0201025","0201031","0201037","0201043"]	["0201058","0201052","0201063","0201062","0201025","0201025"]	[]	[]	0		none	B	20	1	3
0101017	9001017	[1.2,1.2,1.2,1.2,1.2,1.2,1.2,1.2]	[1.5,1.5,1.5,1.5,1.5,1.5,1.5,1.5]	[2,2,2,2,2,2,2,2]	[2.5,2.5,2.5,2.5,2.5,2.5,2.5,2.5]	[3,3,3,3,3,3,3,3]	160000	{"1":600000,"2":1600,"3":4000,"4":2000}	9101017	0		UI_CH00H017	CH00H017	1	[0,5,0,10,0,0,0,0]	0	[1,1,1,1,1,1]	[2,2,1,1,1,1]	[3,2,1,1,1,1]	[4,4,3,2,1,1]	[5,5,4,3,3,1]	[6,6,5,3,2,1]	["0201019","0201019","0201019","0201025","0201025","0201025"]	["0201020","0201026","0201025","0201001","0201007","0201013"]	["0201021","0201020","0201025","0201031","0201037","0201043"]	[]	[]	[]	0		none	C	10	1	0
0101018	9001018	[1.2,1.2,1.2,1.2,1.2,1.2,1.2,1.2]	[1.5,1.5,1.5,1.5,1.5,1.5,1.5,1.5]	[2,2,2,2,2,2,2,2]	[2.5,2.5,2.5,2.5,2.5,2.5,2.5,2.5]	[3,3,3,3,3,3,3,3]	160000	{"1":600000,"2":1600,"3":4000,"4":2000}	9101018	0		UI_CH00H018	CH00H018	1	[5,0,0,10,0,0,0,0]	0	[1,1,1,1,1,1]	[2,2,1,1,1,1]	[3,2,1,1,1,1]	[4,4,3,2,1,1]	[5,5,4,3,3,1]	[6,6,5,3,2,1]	["0201019","0201019","0201019","0201025","0201025","0201025"]	["0201020","0201026","0201025","0201001","0201007","0201013"]	["0201021","0201020","0201025","0201031","0201037","0201043"]	["0201058","0201052","0201063","0201062","0201025","0201025"]	["0201065","0201059","0201052","0201009","0201015","0201001"]	[]	0		vdraw	A	30	2	5
0101019	9001019	[1.2,1.2,1.2,1.2,1.2,1.2,1.2,1.2]	[1.5,1.5,1.5,1.5,1.5,1.5,1.5,1.5]	[2,2,2,2,2,2,2,2]	[2.5,2.5,2.5,2.5,2.5,2.5,2.5,2.5]	[3,3,3,3,3,3,3,3]	160000	{"1":600000,"2":1600,"3":4000,"4":2000}	9101019	0		UI_CH00H019	CH00H019	1	[0,0,5,10,0,0,0,0]	0	[1,1,1,1,1,1]	[2,2,1,1,1,1]	[3,2,1,1,1,1]	[4,4,3,2,1,1]	[5,5,4,3,3,1]	[6,6,5,3,2,1]	["0201019","0201019","0201019","0201025","0201025","0201025"]	["0201020","0201026","0201025","0201001","0201007","0201013"]	["0201021","0201020","0201025","0201031","0201037","0201043"]	["0201058","0201052","0201063","0201062","0201025","0201025"]	["0201065","0201059","0201052","0201009","0201015","0201001"]	[]	0		none	A	30	2	5
0101020	9001020	[1.2,1.2,1.2,1.2,1.2,1.2,1.2,1.2]	[1.5,1.5,1.5,1.5,1.5,1.5,1.5,1.5]	[2,2,2,2,2,2,2,2]	[2.5,2.5,2.5,2.5,2.5,2.5,2.5,2.5]	[3,3,3,3,3,3,3,3]	160000	{"1":600000,"2":1600,"3":4000,"4":2000}	9101020	0		UI_CH00H020	CH00H020	1	[0,5,0,10,0,0,0,0]	0	[1,1,1,1,1,1]	[2,2,1,1,1,1]	[3,2,1,1,1,1]	[4,4,3,2,1,1]	[5,5,4,3,3,1]	[6,6,5,3,2,1]	["0201019","0201019","0201019","0201025","0201025","0201025"]	["0201020","0201026","0201025","0201001","0201007","0201013"]	["0201021","0201020","0201025","0201031","0201037","0201043"]	["0201058","0201052","0201063","0201062","0201025","0201025"]	["0201065","0201059","0201052","0201009","0201015","0201001"]	[]	0		v2draw	A	30	2	5
0101021	9001021	[1.2,1.2,1.2,1.2,1.2,1.2,1.2,1.2]	[1.5,1.5,1.5,1.5,1.5,1.5,1.5,1.5]	[2,2,2,2,2,2,2,2]	[2.5,2.5,2.5,2.5,2.5,2.5,2.5,2.5]	[3,3,3,3,3,3,3,3]	7500	{"1":75000,"2":100,"3":1000,"4":500}	9101021	0		UI_CH00H021	CH00H021	1	[5,0,0,10,0,0,0,0]	0	[1,1,1,1,1,1]	[2,2,1,1,1,1]	[3,2,1,1,1,1]	[4,4,3,2,1,1]	[5,5,4,3,3,1]	[6,6,5,3,2,1]	["0201019","0201019","0201019","0201025","0201025","0201025"]	["0201020","0201026","0201025","0201001","0201007","0201013"]	[]	[]	[]	[]	0		gdraw	D	10	1	0
0101022	9001022	[1.2,1.2,1.2,1.2,1.2,1.2,1.2,1.2]	[1.5,1.5,1.5,1.5,1.5,1.5,1.5,1.5]	[2,2,2,2,2,2,2,2]	[2.5,2.5,2.5,2.5,2.5,2.5,2.5,2.5]	[3,3,3,3,3,3,3,3]	7500	{"1":75000,"2":100,"3":1000,"4":500}	9101022	0		UI_CH00H022	CH00H022	1	[0,0,5,10,0,0,0,0]	0	[1,1,1,1,1,1]	[2,2,1,1,1,1]	[3,2,1,1,1,1]	[4,4,3,2,1,1]	[5,5,4,3,3,1]	[6,6,5,3,2,1]	["0201019","0201019","0201019","0201025","0201025","0201025"]	["0201020","0201026","0201025","0201001","0201007","0201013"]	["0201021","0201020","0201025","0201031","0201037","0201043"]	[]	[]	[]	0		gdraw	C	10	1	0
0101023	9001023	[1.2,1.2,1.2,1.2,1.2,1.2,1.2,1.2]	[1.5,1.5,1.5,1.5,1.5,1.5,1.5,1.5]	[2,2,2,2,2,2,2,2]	[2.5,2.5,2.5,2.5,2.5,2.5,2.5,2.5]	[3,3,3,3,3,3,3,3]	160000	{"1":600000,"2":1600,"3":4000,"4":2000}	9101023	0		UI_CH00H023	CH00H023	1	[0,5,0,10,0,0,0,0]	0	[1,1,1,1,1,1]	[2,2,1,1,1,1]	[3,2,1,1,1,1]	[4,4,3,2,1,1]	[5,5,4,3,3,1]	[6,6,5,3,2,1]	["0201019","0201019","0201019","0201025","0201025","0201025"]	["0201020","0201026","0201025","0201001","0201007","0201013"]	["0201021","0201020","0201025","0201031","0201037","0201043"]	["0201058","0201052","0201063","0201062","0201025","0201025"]	["0201065","0201059","0201052","0201009","0201015","0201001"]	[]	0		gdraw	A	30	2	5
0101024	9001024	[1.2,1.2,1.2,1.2,1.2,1.2,1.2,1.2]	[1.5,1.5,1.5,1.5,1.5,1.5,1.5,1.5]	[2,2,2,2,2,2,2,2]	[2.5,2.5,2.5,2.5,2.5,2.5,2.5,2.5]	[3,3,3,3,3,3,3,3]	160000	{"1":600000,"2":1600,"3":4000,"4":2000}	9101024	0		UI_CH00H024	CH00H024	1	[5,0,0,10,0,0,0,0]	0	[1,1,1,1,1,1]	[2,2,1,1,1,1]	[3,2,1,1,1,1]	[4,4,3,2,1,1]	[5,5,4,3,3,1]	[6,6,5,3,2,1]	["0201019","0201019","0201019","0201025","0201025","0201025"]	["0201020","0201026","0201025","0201001","0201007","0201013"]	["0201021","0201020","0201025","0201031","0201037","0201043"]	["0201058","0201052","0201063","0201062","0201025","0201025"]	[]	[]	0		none	B	20	1	3
0101025	9001025	[1.2,1.2,1.2,1.2,1.2,1.2,1.2,1.2]	[1.5,1.5,1.5,1.5,1.5,1.5,1.5,1.5]	[2,2,2,2,2,2,2,2]	[2.5,2.5,2.5,2.5,2.5,2.5,2.5,2.5]	[3,3,3,3,3,3,3,3]	160000	{"1":600000,"2":1600,"3":4000,"4":2000}	9101025	0		UI_CH00H025	CH00H025	1	[0,0,5,10,0,0,0,0]	0	[1,1,1,1,1,1]	[2,2,1,1,1,1]	[3,2,1,1,1,1]	[4,4,3,2,1,1]	[5,5,4,3,3,1]	[6,6,5,3,2,1]	["0201019","0201019","0201019","0201025","0201025","0201025"]	["0201020","0201026","0201025","0201001","0201007","0201013"]	["0201021","0201020","0201025","0201031","0201037","0201043"]	["0201058","0201052","0201063","0201062","0201025","0201025"]	[]	[]	0		none	B	20	1	3
0101026	9001026	[1.2,1.2,1.2,1.2,1.2,1.2,1.2,1.2]	[1.5,1.5,1.5,1.5,1.5,1.5,1.5,1.5]	[2,2,2,2,2,2,2,2]	[2.5,2.5,2.5,2.5,2.5,2.5,2.5,2.5]	[3,3,3,3,3,3,3,3]	7500	{"1":75000,"2":100,"3":1000,"4":500}	9101026	0		UI_CH00H026	CH00H026	1	[0,5,0,10,0,0,0,0]	0	[1,1,1,1,1,1]	[2,2,1,1,1,1]	[3,2,1,1,1,1]	[4,4,3,2,1,1]	[5,5,4,3,3,1]	[6,6,5,3,2,1]	["0201019","0201019","0201019","0201025","0201025","0201025"]	["0201020","0201026","0201025","0201001","0201007","0201013"]	["0201021","0201020","0201025","0201031","0201037","0201043"]	[]	[]	[]	0		none	C	10	1	0
0101027	9001027	[1.2,1.2,1.2,1.2,1.2,1.2,1.2,1.2]	[1.5,1.5,1.5,1.5,1.5,1.5,1.5,1.5]	[2,2,2,2,2,2,2,2]	[2.5,2.5,2.5,2.5,2.5,2.5,2.5,2.5]	[3,3,3,3,3,3,3,3]	160000	{"1":600000,"2":1600,"3":4000,"4":2000}	9101027	0		UI_CH00H027	CH00H027	1	[5,0,0,10,0,0,0,0]	0	[1,1,1,1,1,1]	[2,2,1,1,1,1]	[3,2,1,1,1,1]	[4,4,3,2,1,1]	[5,5,4,3,3,1]	[6,6,5,3,2,1]	["0201019","0201019","0201019","0201025","0201025","0201025"]	["0201020","0201026","0201025","0201001","0201007","0201013"]	["0201021","0201020","0201025","0201031","0201037","0201043"]	["0201058","0201052","0201063","0201062","0201025","0201025"]	[]	[]	0		none	B	20	1	3
0101028	9001028	[1.2,1.2,1.2,1.2,1.2,1.2,1.2,1.2]	[1.5,1.5,1.5,1.5,1.5,1.5,1.5,1.5]	[2,2,2,2,2,2,2,2]	[2.5,2.5,2.5,2.5,2.5,2.5,2.5,2.5]	[3,3,3,3,3,3,3,3]	7500	{"1":75000,"2":100,"3":1000,"4":500}	9101028	0		UI_CH00H028	CH00H028	1	[0,0,5,10,0,0,0,0]	0	[1,1,1,1,1,1]	[2,2,1,1,1,1]	[3,2,1,1,1,1]	[4,4,3,2,1,1]	[5,5,4,3,3,1]	[6,6,5,3,2,1]	["0201019","0201019","0201019","0201025","0201025","0201025"]	["0201020","0201026","0201025","0201001","0201007","0201013"]	["0201021","0201020","0201025","0201031","0201037","0201043"]	[]	[]	[]	0		none	C	10	1	0
0101029	9001029	[1.2,1.2,1.2,1.2,1.2,1.2,1.2,1.2]	[1.5,1.5,1.5,1.5,1.5,1.5,1.5,1.5]	[2,2,2,2,2,2,2,2]	[2.5,2.5,2.5,2.5,2.5,2.5,2.5,2.5]	[3,3,3,3,3,3,3,3]	7500	{"1":75000,"2":100,"3":1000,"4":500}	9101029	0		UI_CH00H029	CH00H029	1	[0,5,0,10,0,0,0,0]	0	[1,1,1,1,1,1]	[2,2,1,1,1,1]	[3,2,1,1,1,1]	[4,4,3,2,1,1]	[5,5,4,3,3,1]	[6,6,5,3,2,1]	["0201019","0201019","0201019","0201025","0201025","0201025"]	["0201020","0201026","0201025","0201001","0201007","0201013"]	["0201021","0201020","0201025","0201031","0201037","0201043"]	[]	[]	[]	0		none	C	10	1	0
0101030	9001030	[1.2,1.2,1.2,1.2,1.2,1.2,1.2,1.2]	[1.5,1.5,1.5,1.5,1.5,1.5,1.5,1.5]	[2,2,2,2,2,2,2,2]	[2.5,2.5,2.5,2.5,2.5,2.5,2.5,2.5]	[3,3,3,3,3,3,3,3]	160000	{"1":600000,"2":1600,"3":4000,"4":2000}	9101030	0		UI_CH00H030	CH00H030	1	[5,0,0,10,0,0,0,0]	0	[1,1,1,1,1,1]	[2,2,1,1,1,1]	[3,2,1,1,1,1]	[4,4,3,2,1,1]	[5,5,4,3,3,1]	[6,6,5,3,2,1]	["0201019","0201019","0201019","0201025","0201025","0201025"]	["0201020","0201026","0201025","0201001","0201007","0201013"]	["0201021","0201020","0201025","0201031","0201037","0201043"]	["0201058","0201052","0201063","0201062","0201025","0201025"]	["0201065","0201059","0201052","0201009","0201015","0201001"]	[]	0		none	A	30	2	5
0101031	9001031	[1.2,1.2,1.2,1.2,1.2,1.2,1.2,1.2]	[1.5,1.5,1.5,1.5,1.5,1.5,1.5,1.5]	[2,2,2,2,2,2,2,2]	[2.5,2.5,2.5,2.5,2.5,2.5,2.5,2.5]	[3,3,3,3,3,3,3,3]	160000	{"1":600000,"2":1600,"3":4000,"4":2000}	9101031	0		UI_CH00H008_1	CH00H008_1	1	[5,0,0,10,0,0,0,0]	0	[1,1,1,1,1,1]	[2,2,1,1,1,1]	[3,2,1,1,1,1]	[4,4,3,2,1,1]	[5,5,4,3,3,1]	[6,6,5,3,2,1]	["0201019","0201019","0201019","0201025","0201025","0201025"]	["0201020","0201026","0201025","0201001","0201007","0201013"]	["0201021","0201020","0201025","0201031","0201037","0201043"]	["0201058","0201052","0201063","0201062","0201025","0201025"]	["0201065","0201059","0201052","0201009","0201015","0201001"]	[]	0		v2draw	A	30	2	5
0101032	9001032	[1.2,1.2,1.2,1.2,1.2,1.2,1.2,1.2]	[1.5,1.5,1.5,1.5,1.5,1.5,1.5,1.5]	[2,2,2,2,2,2,2,2]	[2.5,2.5,2.5,2.5,2.5,2.5,2.5,2.5]	[3,3,3,3,3,3,3,3]	240000	{"1":1200000,"2":3600,"3":6000,"4":3000}	9101032	0		UI_CH00H009_1	CH00H009_1	1	[0,0,5,10,0,0,0,0]	0	[1,1,1,1,1,1]	[2,2,1,1,1,1]	[3,2,1,1,1,1]	[4,4,3,2,1,1]	[5,5,4,3,3,1]	[6,6,5,3,2,1]	["0201019","0201019","0201019","0201025","0201025","0201025"]	["0201020","0201026","0201025","0201001","0201007","0201013"]	["0201021","0201020","0201025","0201031","0201037","0201043"]	["0201058","0201052","0201063","0201062","0201025","0201025"]	[]	[]	0		eshop	B	20	1	3
0101033	9001033	[1.2,1.2,1.2,1.2,1.2,1.2,1.2,1.2]	[1.5,1.5,1.5,1.5,1.5,1.5,1.5,1.5]	[2,2,2,2,2,2,2,2]	[2.5,2.5,2.5,2.5,2.5,2.5,2.5,2.5]	[3,3,3,3,3,3,3,3]	160000	{"1":600000,"2":1600,"3":4000,"4":2000}	9101033	0		UI_CH00H010_1	CH00H010_1	1	[0,5,0,10,0,0,0,0]	0	[1,1,1,1,1,1]	[2,2,1,1,1,1]	[3,2,1,1,1,1]	[4,4,3,2,1,1]	[5,5,4,3,3,1]	[6,6,5,3,2,1]	["0201019","0201019","0201019","0201025","0201025","0201025"]	["0201020","0201026","0201025","0201001","0201007","0201013"]	["0201021","0201020","0201025","0201031","0201037","0201043"]	["0201058","0201052","0201063","0201062","0201025","0201025"]	["0201065","0201059","0201052","0201009","0201015","0201001"]	[]	0		vdraw	A	30	2	5
0101034	9001034	[1.2,1.2,1.2,1.2,1.2,1.2,1.2,1.2]	[1.5,1.5,1.5,1.5,1.5,1.5,1.5,1.5]	[2,2,2,2,2,2,2,2]	[2.5,2.5,2.5,2.5,2.5,2.5,2.5,2.5]	[3,3,3,3,3,3,3,3]	240000	{"1":1200000,"2":3600,"3":6000,"4":3000}	9101034	0		UI_CH00H011_1	CH00H011_1	1	[5,0,0,10,0,0,0,0]	0	[1,1,1,1,1,1]	[2,2,1,1,1,1]	[3,2,1,1,1,1]	[4,4,3,2,1,1]	[5,5,4,3,3,1]	[6,6,5,3,2,1]	["0201019","0201019","0201019","0201025","0201025","0201025"]	["0201020","0201026","0201025","0201001","0201007","0201013"]	["0201021","0201020","0201025","0201031","0201037","0201043"]	[]	[]	[]	0		none	C	10	1	0
0101035	9001035	[1.2,1.2,1.2,1.2,1.2,1.2,1.2,1.2]	[1.5,1.5,1.5,1.5,1.5,1.5,1.5,1.5]	[2,2,2,2,2,2,2,2]	[2.5,2.5,2.5,2.5,2.5,2.5,2.5,2.5]	[3,3,3,3,3,3,3,3]	240000	{"1":1200000,"2":3600,"3":6000,"4":3000}	9101035	0		UI_CH00H012_1	CH00H012_1	1	[5,0,0,10,0,0,0,0]	0	[1,1,1,1,1,1]	[2,2,1,1,1,1]	[3,2,1,1,1,1]	[4,4,3,2,1,1]	[5,5,4,3,3,1]	[6,6,5,3,2,1]	["0201019","0201019","0201019","0201025","0201025","0201025"]	["0201020","0201026","0201025","0201001","0201007","0201013"]	["0201021","0201020","0201025","0201031","0201037","0201043"]	[]	[]	[]	0		none	C	10	1	0
0101036	9001036	[1.2,1.2,1.2,1.2,1.2,1.2,1.2,1.2]	[1.5,1.5,1.5,1.5,1.5,1.5,1.5,1.5]	[2,2,2,2,2,2,2,2]	[2.5,2.5,2.5,2.5,2.5,2.5,2.5,2.5]	[3,3,3,3,3,3,3,3]	240000	{"1":1200000,"2":3600,"3":6000,"4":3000}	9101036	0		UI_CH00H013_1	CH00H013_1	1	[0,0,5,10,0,0,0,0]	0	[1,1,1,1,1,1]	[2,2,1,1,1,1]	[3,2,1,1,1,1]	[4,4,3,2,1,1]	[5,5,4,3,3,1]	[6,6,5,3,2,1]	["0201019","0201019","0201019","0201025","0201025","0201025"]	["0201020","0201026","0201025","0201001","0201007","0201013"]	["0201021","0201020","0201025","0201031","0201037","0201043"]	[]	[]	[]	0		none	C	10	1	0
0101037	9001037	[1.2,1.2,1.2,1.2,1.2,1.2,1.2,1.2]	[1.5,1.5,1.5,1.5,1.5,1.5,1.5,1.5]	[2,2,2,2,2,2,2,2]	[2.5,2.5,2.5,2.5,2.5,2.5,2.5,2.5]	[3,3,3,3,3,3,3,3]	240000	{"1":1200000,"2":3600,"3":6000,"4":3000}	9101037	0		UI_CH00H014_1	CH00H014_1	1	[0,5,0,10,0,0,0,0]	0	[1,1,1,1,1,1]	[2,2,1,1,1,1]	[3,2,1,1,1,1]	[4,4,3,2,1,1]	[5,5,4,3,3,1]	[6,6,5,3,2,1]	["0201019","0201019","0201019","0201025","0201025","0201025"]	["0201020","0201026","0201025","0201001","0201007","0201013"]	["0201021","0201020","0201025","0201031","0201037","0201043"]	["0201058","0201052","0201063","0201062","0201025","0201025"]	[]	[]	0		none	B	20	1	3
0101038	9001038	[1.2,1.2,1.2,1.2,1.2,1.2,1.2,1.2]	[1.5,1.5,1.5,1.5,1.5,1.5,1.5,1.5]	[2,2,2,2,2,2,2,2]	[2.5,2.5,2.5,2.5,2.5,2.5,2.5,2.5]	[3,3,3,3,3,3,3,3]	240000	{"1":1200000,"2":3600,"3":6000,"4":3000}	9101038	0		UI_CH00H015_1	CH00H015_1	1	[5,0,0,10,0,0,0,0]	0	[1,1,1,1,1,1]	[2,2,1,1,1,1]	[3,2,1,1,1,1]	[4,4,3,2,1,1]	[5,5,4,3,3,1]	[6,6,5,3,2,1]	["0201019","0201019","0201019","0201025","0201025","0201025"]	["0201020","0201026","0201025","0201001","0201007","0201013"]	["0201021","0201020","0201025","0201031","0201037","0201043"]	[]	[]	[]	0		none	C	10	1	0
0101039	9001039	[1.2,1.2,1.2,1.2,1.2,1.2,1.2,1.2]	[1.5,1.5,1.5,1.5,1.5,1.5,1.5,1.5]	[2,2,2,2,2,2,2,2]	[2.5,2.5,2.5,2.5,2.5,2.5,2.5,2.5]	[3,3,3,3,3,3,3,3]	7500	{"1":1200000,"2":3600,"3":6000,"4":3000}	9101039	0		UI_CH00H016_1	CH00H016_1	1	[5,0,0,10,0,0,0,0]	0	[1,1,1,1,1,1]	[2,2,1,1,1,1]	[3,2,1,1,1,1]	[4,4,3,2,1,1]	[5,5,4,3,3,1]	[6,6,5,3,2,1]	["0201019","0201019","0201019","0201025","0201025","0201025"]	["0201020","0201026","0201025","0201001","0201007","0201013"]	["0201021","0201020","0201025","0201031","0201037","0201043"]	[]	[]	[]	0		none	C	10	1	0
0101040	9001040	[1.2,1.2,1.2,1.2,1.2,1.2,1.2,1.2]	[1.5,1.5,1.5,1.5,1.5,1.5,1.5,1.5]	[2,2,2,2,2,2,2,2]	[2.5,2.5,2.5,2.5,2.5,2.5,2.5,2.5]	[3,3,3,3,3,3,3,3]	240000	{"1":1200000,"2":3600,"3":6000,"4":3000}	9101040	0		UI_CH00H017_1	CH00H017_1	1	[0,0,5,10,0,0,0,0]	0	[1,1,1,1,1,1]	[2,2,1,1,1,1]	[3,2,1,1,1,1]	[4,4,3,2,1,1]	[5,5,4,3,3,1]	[6,6,5,3,2,1]	["0201019","0201019","0201019","0201025","0201025","0201025"]	["0201020","0201026","0201025","0201001","0201007","0201013"]	["0201021","0201020","0201025","0201031","0201037","0201043"]	[]	[]	[]	0		none	C	10	1	0
0101041	9001041	[1.2,1.2,1.2,1.2,1.2,1.2,1.2,1.2]	[1.5,1.5,1.5,1.5,1.5,1.5,1.5,1.5]	[2,2,2,2,2,2,2,2]	[2.5,2.5,2.5,2.5,2.5,2.5,2.5,2.5]	[3,3,3,3,3,3,3,3]	160000	{"1":600000,"2":1600,"3":4000,"4":2000}	9101041	0		UI_CH00H018_1	CH00H018_1	1	[0,5,0,10,0,0,0,0]	0	[1,1,1,1,1,1]	[2,2,1,1,1,1]	[3,2,1,1,1,1]	[4,4,3,2,1,1]	[5,5,4,3,3,1]	[6,6,5,3,2,1]	["0201019","0201019","0201019","0201025","0201025","0201025"]	["0201020","0201026","0201025","0201001","0201007","0201013"]	["0201021","0201020","0201025","0201031","0201037","0201043"]	["0201058","0201052","0201063","0201062","0201025","0201025"]	["0201065","0201059","0201052","0201009","0201015","0201001"]	[]	0		vdraw	A	30	2	5
0101042	9001042	[1.2,1.2,1.2,1.2,1.2,1.2,1.2,1.2]	[1.5,1.5,1.5,1.5,1.5,1.5,1.5,1.5]	[2,2,2,2,2,2,2,2]	[2.5,2.5,2.5,2.5,2.5,2.5,2.5,2.5]	[3,3,3,3,3,3,3,3]	240000	{"1":1200000,"2":3600,"3":6000,"4":3000}	9101042	0		UI_CH00H019_1	CH00H019_1	1	[5,0,0,10,0,0,0,0]	0	[1,1,1,1,1,1]	[2,2,1,1,1,1]	[3,2,1,1,1,1]	[4,4,3,2,1,1]	[5,5,4,3,3,1]	[6,6,5,3,2,1]	["0201019","0201019","0201019","0201025","0201025","0201025"]	["0201020","0201026","0201025","0201001","0201007","0201013"]	["0201021","0201020","0201025","0201031","0201037","0201043"]	["0201058","0201052","0201063","0201062","0201025","0201025"]	[]	[]	0		none	B	20	1	3
0101043	9001043	[1.2,1.2,1.2,1.2,1.2,1.2,1.2,1.2]	[1.5,1.5,1.5,1.5,1.5,1.5,1.5,1.5]	[2,2,2,2,2,2,2,2]	[2.5,2.5,2.5,2.5,2.5,2.5,2.5,2.5]	[3,3,3,3,3,3,3,3]	160000	{"1":600000,"2":1600,"3":4000,"4":2000}	9101043	0		UI_CH00H020_1	CH00H020_1	1	[5,0,0,10,0,0,0,0]	0	[1,1,1,1,1,1]	[2,2,1,1,1,1]	[3,2,1,1,1,1]	[4,4,3,2,1,1]	[5,5,4,3,3,1]	[6,6,5,3,2,1]	["0201019","0201019","0201019","0201025","0201025","0201025"]	["0201020","0201026","0201025","0201001","0201007","0201013"]	["0201021","0201020","0201025","0201031","0201037","0201043"]	["0201058","0201052","0201063","0201062","0201025","0201025"]	["0201065","0201059","0201052","0201009","0201015","0201001"]	[]	0		vdraw	A	30	2	5
0101044	9001044	[1.2,1.2,1.2,1.2,1.2,1.2,1.2,1.2]	[1.5,1.5,1.5,1.5,1.5,1.5,1.5,1.5]	[2,2,2,2,2,2,2,2]	[2.5,2.5,2.5,2.5,2.5,2.5,2.5,2.5]	[3,3,3,3,3,3,3,3]	240000	{"1":1200000,"2":3600,"3":6000,"4":3000}	9101044	0		UI_CH00H021_1	CH00H021_1	1	[0,0,5,10,0,0,0,0]	0	[1,1,1,1,1,1]	[2,2,1,1,1,1]	[3,2,1,1,1,1]	[4,4,3,2,1,1]	[5,5,4,3,3,1]	[6,6,5,3,2,1]	["0201019","0201019","0201019","0201025","0201025","0201025"]	["0201020","0201026","0201025","0201001","0201007","0201013"]	[]	[]	[]	[]	0		gdraw	D	10	1	0
0101045	9001045	[1.2,1.2,1.2,1.2,1.2,1.2,1.2,1.2]	[1.5,1.5,1.5,1.5,1.5,1.5,1.5,1.5]	[2,2,2,2,2,2,2,2]	[2.5,2.5,2.5,2.5,2.5,2.5,2.5,2.5]	[3,3,3,3,3,3,3,3]	240000	{"1":1200000,"2":3600,"3":6000,"4":3000}	9101045	0		UI_CH00H022_1	CH00H022_1	1	[0,5,0,10,0,0,0,0]	0	[1,1,1,1,1,1]	[2,2,1,1,1,1]	[3,2,1,1,1,1]	[4,4,3,2,1,1]	[5,5,4,3,3,1]	[6,6,5,3,2,1]	["0201019","0201019","0201019","0201025","0201025","0201025"]	["0201020","0201026","0201025","0201001","0201007","0201013"]	["0201021","0201020","0201025","0201031","0201037","0201043"]	["0201058","0201052","0201063","0201062","0201025","0201025"]	[]	[]	0		none	B	20	1	3
0101046	9001046	[1.2,1.2,1.2,1.2,1.2,1.2,1.2,1.2]	[1.5,1.5,1.5,1.5,1.5,1.5,1.5,1.5]	[2,2,2,2,2,2,2,2]	[2.5,2.5,2.5,2.5,2.5,2.5,2.5,2.5]	[3,3,3,3,3,3,3,3]	240000	{"1":1200000,"2":3600,"3":6000,"4":3000}	9101046	0		UI_CH00H023_1	CH00H023_1	1	[5,0,0,10,0,0,0,0]	0	[1,1,1,1,1,1]	[2,2,1,1,1,1]	[3,2,1,1,1,1]	[4,4,3,2,1,1]	[5,5,4,3,3,1]	[6,6,5,3,2,1]	["0201019","0201019","0201019","0201025","0201025","0201025"]	["0201020","0201026","0201025","0201001","0201007","0201013"]	["0201021","0201020","0201025","0201031","0201037","0201043"]	[]	[]	[]	0		none	C	10	1	0
0101047	9001047	[1.2,1.2,1.2,1.2,1.2,1.2,1.2,1.3]	[1.5,1.5,1.5,1.5,1.5,1.5,1.5,1.6]	[2,2,2,2,2,2,2,3]	[2.5,2.5,2.5,2.5,2.5,2.5,2.5,2.6]	[3,3,3,3,3,3,3,3]	240000	{"1":1200000,"2":3600,"3":6000,"4":3000}	9101047	0		UI_CH00H047	CH00H047	1	[3,3,3,0,0,0,0,0]	0	[1,1,1,1,1,1]	[2,2,1,1,1,1]	[3,2,1,1,1,1]	[4,4,3,2,1,1]	[5,5,4,3,3,1]	[6,6,5,3,2,1]	["0201019","0201019","0201019","0201025","0201025","0201025"]	["0201020","0201026","0201025","0201001","0201007","0201013"]	["0201021","0201020","0201025","0201031","0201037","0201043"]	["0201058","0201052","0201063","0201062","0201025","0201025"]	["0201065","0201059","0201052","0201009","0201015","0201001"]	["0201036","0201042","0201047","0201021","0201020","0201025"]	0		none	S	40	2	10
0101048	9001048	[1.2,1.2,1.2,1.2,1.2,1.2,1.2,1.2]	[1.5,1.5,1.5,1.5,1.5,1.5,1.5,1.5]	[2,2,2,2,2,2,2,2]	[2.5,2.5,2.5,2.5,2.5,2.5,2.5,2.5]	[3,3,3,3,3,3,3,3]	160000	{"1":1200000,"2":3600,"3":6000,"4":3000}	9101048	0		UI_CH00H048	CH00H048	1	[0,0,5,10,0,0,0,0]	0	[1,1,1,1,1,1]	[2,2,1,1,1,1]	[3,2,1,1,1,1]	[4,4,3,2,1,1]	[5,5,4,3,3,1]	[6,6,5,3,2,1]	["0201019","0201019","0201019","0201025","0201025","0201025"]	["0201020","0201026","0201025","0201001","0201007","0201013"]	["0201021","0201020","0201025","0201031","0201037","0201043"]	["0201058","0201052","0201063","0201062","0201025","0201025"]	["0201065","0201059","0201052","0201009","0201015","0201001"]	[]	0		none	A	30	2	5
0101049	9001049	[1.2,1.2,1.2,1.2,1.2,1.2,1.2,1.2]	[1.5,1.5,1.5,1.5,1.5,1.5,1.5,1.5]	[2,2,2,2,2,2,2,2]	[2.5,2.5,2.5,2.5,2.5,2.5,2.5,2.5]	[3,3,3,3,3,3,3,3]	160000	{"1":600000,"2":1600,"3":4000,"4":2000}	9101049	0		UI_CH00H049	CH00H049	1	[0,0,0,0,0,0,0,0]	0	[1,1,1,1,1,1]	[2,2,1,1,1,1]	[3,2,1,1,1,1]	[4,4,3,2,1,1]	[5,5,4,3,3,1]	[6,6,5,3,2,1]	["0201019","0201019","0201019","0201025","0201025","0201025"]	["0201020","0201026","0201025","0201001","0201007","0201013"]	["0201021","0201020","0201025","0201031","0201037","0201043"]	["0201058","0201052","0201063","0201062","0201025","0201025"]	["0201065","0201059","0201052","0201009","0201015","0201001"]	[]	0		none	A	30	2	5
0101050	9001050	[1.2,1.2,1.2,1.2,1.2,1.2,1.2,1.2]	[1.5,1.5,1.5,1.5,1.5,1.5,1.5,1.5]	[2,2,2,2,2,2,2,2]	[2.5,2.5,2.5,2.5,2.5,2.5,2.5,2.5]	[3,3,3,3,3,3,3,3]	240000	{"1":1200000,"2":3600,"3":6000,"4":3000}	9101050	0		UI_CH00H050	CH00H050	1	[0,0,0,0,0,0,0,0]	0	[1,1,1,1,1,1]	[2,2,1,1,1,1]	[3,2,1,1,1,1]	[4,4,3,2,1,1]	[5,5,4,3,3,1]	[6,6,5,3,2,1]	["0201019","0201019","0201019","0201025","0201025","0201025"]	["0201020","0201026","0201025","0201001","0201007","0201013"]	["0201021","0201020","0201025","0201031","0201037","0201043"]	["0201058","0201052","0201063","0201062","0201025","0201025"]	[]	[]	0		none	B	20	1	3
0101051	9001051	[1.2,1.2,1.2,1.2,1.2,1.2,1.2,1.2]	[1.5,1.5,1.5,1.5,1.5,1.5,1.5,1.5]	[2,2,2,2,2,2,2,2]	[2.5,2.5,2.5,2.5,2.5,2.5,2.5,2.5]	[3,3,3,3,3,3,3,3]	240000	{"1":1200000,"2":3600,"3":6000,"4":3000}	9101051	0		UI_CH00H051	CH00H051	1	[0,0,0,0,0,0,0,0]	1	[1,1,1,1,1,1]	[2,2,1,1,1,1]	[3,2,1,1,1,1]	[4,4,3,2,1,1]	[5,5,4,3,3,1]	[6,6,5,3,2,1]	["0201019","0201019","0201019","0201025","0201025","0201025"]	["0201020","0201026","0201025","0201001","0201007","0201013"]	["0201021","0201020","0201025","0201031","0201037","0201043"]	["0201058","0201052","0201063","0201062","0201025","0201025"]	["0201065","0201059","0201052","0201009","0201015","0201001"]	["0201036","0201042","0201047","0201021","0201020","0201025"]	0		none		6	1	0
0101052	9001052	[1.2,1.2,1.2,1.2,1.2,1.2,1.2,1.2]	[1.5,1.5,1.5,1.5,1.5,1.5,1.5,1.5]	[2,2,2,2,2,2,2,2]	[2.5,2.5,2.5,2.5,2.5,2.5,2.5,2.5]	[3,3,3,3,3,3,3,3]	240000	{"1":1200000,"2":3600,"3":6000,"4":3000}	9101052	0		UI_CH00H052	CH00H052	1	[0,0,0,0,0,0,0,0]	0	[1,1,1,1,1,1]	[2,2,1,1,1,1]	[3,2,1,1,1,1]	[4,4,3,2,1,1]	[5,5,4,3,3,1]	[6,6,5,3,2,1]	["0201019","0201019","0201019","0201025","0201025","0201025"]	["0201020","0201026","0201025","0201001","0201007","0201013"]	[]	[]	[]	[]	0		gdraw	D	10	1	0
0101053	9001053	[1.2,1.2,1.2,1.2,1.2,1.2,1.2,1.2]	[1.5,1.5,1.5,1.5,1.5,1.5,1.5,1.5]	[2,2,2,2,2,2,2,2]	[2.5,2.5,2.5,2.5,2.5,2.5,2.5,2.5]	[3,3,3,3,3,3,3,3]	240000	{"1":1200000,"2":3600,"3":6000,"4":3000}	9101053	0	0601060	UI_CH00H053	CH00H053	1	[0,5,0,10,0,0,0,0]	1	[1,1,1,1,1,1]	[2,2,1,1,1,1]	[3,2,1,1,1,1]	[4,4,3,2,1,1]	[5,5,4,3,3,1]	[6,6,5,3,2,1]	["0201019","0201019","0201019","0201025","0201025","0201025"]	["0201020","0201026","0201025","0201001","0201007","0201013"]	["0201021","0201020","0201025","0201031","0201037","0201043"]	["0201058","0201052","0201063","0201062","0201025","0201025"]	["0201065","0201059","0201052","0201009","0201015","0201001"]	["0201036","0201042","0201047","0201021","0201020","0201025"]	0		none	S	40	2	10
0101054	9001054	[1.2,1.2,1.2,1.2,1.2,1.2,1.2,1.2]	[1.5,1.5,1.5,1.5,1.5,1.5,1.5,1.5]	[2,2,2,2,2,2,2,2]	[2.5,2.5,2.5,2.5,2.5,2.5,2.5,2.5]	[3,3,3,3,3,3,3,3]	240000	{"1":1200000,"2":3600,"3":6000,"4":3000}	9101054	0		UI_CH00H054	CH00H054	1	[0,0,5,10,0,0,0,0]	0	[1,1,1,1,1,1]	[2,2,1,1,1,1]	[3,2,1,1,1,1]	[4,4,3,2,1,1]	[5,5,4,3,3,1]	[6,6,5,3,2,1]	["0201019","0201019","0201019","0201025","0201025","0201025"]	["0201020","0201026","0201025","0201001","0201007","0201013"]	["0201021","0201020","0201025","0201031","0201037","0201043"]	["0201058","0201052","0201063","0201062","0201025","0201025"]	["0201065","0201059","0201052","0201009","0201015","0201001"]	["0201036","0201042","0201047","0201021","0201020","0201025"]	0		none	S	40	2	10
0101055	9001055	[1.2,1.2,1.2,1.2,1.2,1.2,1.2,1.2]	[1.5,1.5,1.5,1.5,1.5,1.5,1.5,1.5]	[2,2,2,2,2,2,2,2]	[2.5,2.5,2.5,2.5,2.5,2.5,2.5,2.5]	[3,3,3,3,3,3,3,3]	7500	{"1":1200000,"2":3600,"3":6000,"4":3000}	9101055	0		UI_CH00H055	CH00H055	1	[0,0,0,0,0,0,0,0]	0	[1,1,1,1,1,1]	[2,2,1,1,1,1]	[3,2,1,1,1,1]	[4,4,3,2,1,1]	[5,5,4,3,3,1]	[6,6,5,3,2,1]	["0201019","0201019","0201019","0201025","0201025","0201025"]	["0201020","0201026","0201025","0201001","0201007","0201013"]	["0201021","0201020","0201025","0201031","0201037","0201043"]	[]	[]	[]	0		gdraw	C	10	1	0
0101056	9001056	[1.2,1.2,1.2,1.2,1.2,1.2,1.2,1.2]	[1.5,1.5,1.5,1.5,1.5,1.5,1.5,1.5]	[2,2,2,2,2,2,2,2]	[2.5,2.5,2.5,2.5,2.5,2.5,2.5,2.5]	[3,3,3,3,3,3,3,3]	240000	{"1":1200000,"2":3600,"3":6000,"4":3000}	9101056	0		UI_CH00H056	CH00H056	1	[0,0,0,0,0,0,0,0]	1	[1,1,1,1,1,1]	[2,2,1,1,1,1]	[3,2,1,1,1,1]	[4,4,3,2,1,1]	[5,5,4,3,3,1]	[6,6,5,3,2,1]	["0201019","0201019","0201019","0201025","0201025","0201025"]	["0201020","0201026","0201025","0201001","0201007","0201013"]	["0201021","0201020","0201025","0201031","0201037","0201043"]	["0201058","0201052","0201063","0201062","0201025","0201025"]	["0201065","0201059","0201052","0201009","0201015","0201001"]	["0201036","0201042","0201047","0201021","0201020","0201025"]	0		none	S	40	2	10
0101057	9001057	[1.2,1.2,1.2,1.2,1.2,1.2,1.2,1.2]	[1.5,1.5,1.5,1.5,1.5,1.5,1.5,1.5]	[2,2,2,2,2,2,2,2]	[2.5,2.5,2.5,2.5,2.5,2.5,2.5,2.5]	[3,3,3,3,3,3,3,3]	160000	{"1":600000,"2":1600,"3":4000,"4":2000}	9101057	0	0601027	UI_CH00H057	CH00H057	1	[5,0,0,5,5,0,0,0]	0	[1,1,1,1,1,1]	[2,2,1,1,1,1]	[3,2,1,1,1,1]	[4,4,3,2,1,1]	[5,5,4,3,3,1]	[6,6,5,3,2,1]	["0201019","0201019","0201019","0201025","0201025","0201025"]	["0201020","0201026","0201025","0201001","0201007","0201013"]	["0201021","0201020","0201025","0201031","0201037","0201043"]	["0201058","0201052","0201063","0201062","0201025","0201025"]	["0201065","0201059","0201052","0201009","0201015","0201001"]	[]	0		none	A	30	2	5
0101058	9001058	[1.2,1.2,1.2,1.2,1.2,1.2,1.2,1.2]	[1.5,1.5,1.5,1.5,1.5,1.5,1.5,1.5]	[2,2,2,2,2,2,2,2]	[2.5,2.5,2.5,2.5,2.5,2.5,2.5,2.5]	[3,3,3,3,3,3,3,3]	240000	{"1":1200000,"2":3600,"3":6000,"4":3000}	9101058	0	0601033	UI_CH00H058	CH00H058	1	[0,10,0,13,7,0,0,0]	0	[1,1,1,1,1,1]	[2,2,1,1,1,1]	[3,2,1,1,1,1]	[4,4,3,2,1,1]	[5,5,4,3,3,1]	[6,6,5,3,2,1]	["0201019","0201019","0201019","0201025","0201025","0201025"]	["0201020","0201026","0201025","0201001","0201007","0201013"]	["0201021","0201020","0201025","0201031","0201037","0201043"]	["0201058","0201052","0201063","0201062","0201025","0201025"]	["0201065","0201059","0201052","0201009","0201015","0201001"]	["0201042","0201048","0201035","0201033","0201038","0201043"]	0		drop	S	30	2	10
0101059	9001059	[1.2,1.2,1.2,1.2,1.2,1.2,1.2,1.2]	[1.5,1.5,1.5,1.5,1.5,1.5,1.5,1.5]	[2,2,2,2,2,2,2,2]	[2.5,2.5,2.5,2.5,2.5,2.5,2.5,2.5]	[3,3,3,3,3,3,3,3]	160000	{"1":600000,"2":1600,"3":4000,"4":2000}	9101059	0		UI_CH00H059	CH00H059	1	[0,0,0,0,0,0,0,0]	0	[1,1,1,1,1,1]	[2,2,1,1,1,1]	[3,2,1,1,1,1]	[4,4,3,2,1,1]	[5,5,4,3,3,1]	[6,6,5,3,2,1]	["0201019","0201019","0201019","0201025","0201025","0201025"]	["0201020","0201026","0201025","0201001","0201007","0201013"]	["0201021","0201020","0201025","0201031","0201037","0201043"]	["0201058","0201052","0201063","0201062","0201025","0201025"]	["0201065","0201059","0201052","0201009","0201015","0201001"]	[]	0		v2draw	A	30	2	3
0101060	9001060	[1.2,1.2,1.2,1.2,1.2,1.2,1.2,1.2]	[1.5,1.5,1.5,1.5,1.5,1.5,1.5,1.5]	[2,2,2,2,2,2,2,2]	[2.5,2.5,2.5,2.5,2.5,2.5,2.5,2.5]	[3,3,3,3,3,3,3,3]	160000	{"1":600000,"2":1600,"3":4000,"4":2000}	9101060	0	0601034	UI_CH00H060	CH00H060	1	[0,0,5,8,2,10,0,5]	0	[1,1,1,1,1,1]	[2,2,1,1,1,1]	[3,2,1,1,1,1]	[4,4,3,2,1,1]	[5,5,4,3,3,1]	[6,6,5,3,2,1]	["0201019","0201019","0201019","0201025","0201025","0201025"]	["0201020","0201026","0201025","0201001","0201007","0201013"]	["0201021","0201020","0201025","0201031","0201037","0201043"]	["0201058","0201052","0201063","0201062","0201025","0201025"]	["0201065","0201059","0201052","0201009","0201015","0201001"]	[]	0		drop	A	30	2	5
0101061	9001061	[1.2,1.2,1.2,1.2,1.2,1.2,1.2,1.2]	[1.5,1.5,1.5,1.5,1.5,1.5,1.5,1.5]	[2,2,2,2,2,2,2,2]	[2.5,2.5,2.5,2.5,2.5,2.5,2.5,2.5]	[3,3,3,3,3,3,3,3]	240000	{"1":1200000,"2":3600,"3":6000,"4":3000}	9101061	0	0601039	UI_CH00H061	CH00H061	1	[0,35,0,0,0,0,0,0]	1	[1,1,1,1,1,1]	[2,2,1,1,1,1]	[3,2,1,1,1,1]	[4,4,3,2,1,1]	[5,5,4,3,3,1]	[6,6,5,3,2,1]	["0201019","0201019","0201019","0201025","0201025","0201025"]	["0201020","0201026","0201025","0201001","0201007","0201013"]	["0201021","0201020","0201025","0201031","0201037","0201043"]	["0201058","0201052","0201063","0201062","0201025","0201025"]	["0201065","0201059","0201052","0201009","0201015","0201001"]	["0201042","0201048","0201035","0201033","0201038","0201043"]	0		v2draw	S	40	2	10
0101062	9001062	[1.2,1.2,1.2,1.2,1.2,1.2,1.2,1.2]	[1.5,1.5,1.5,1.5,1.5,1.5,1.5,1.5]	[2,2,2,2,2,2,2,2]	[2.5,2.5,2.5,2.5,2.5,2.5,2.5,2.5]	[3,3,3,3,3,3,3,3]	240000	{"1":1200000,"2":3600,"3":6000,"4":3000}	9101062	0	0601041	UI_CH00H062	CH00H062	1	[10,0,0,10,0,3,3,3]	0	[1,1,1,1,1,1]	[2,2,1,1,1,1]	[3,2,1,1,1,1]	[4,4,3,2,1,1]	[5,5,4,3,3,1]	[6,6,5,3,2,1]	["0201019","0201019","0201019","0201025","0201025","0201025"]	["0201020","0201026","0201025","0201001","0201007","0201013"]	["0201021","0201020","0201025","0201031","0201037","0201043"]	["0201058","0201052","0201063","0201062","0201025","0201025"]	["0201065","0201059","0201052","0201009","0201015","0201001"]	["0201042","0201048","0201035","0201033","0201038","0201043"]	0		vdraw	S	30	2	10
0101063	9001063	[1.2,1.2,1.2,1.2,1.2,1.2,1.2,1.2]	[1.5,1.5,1.5,1.5,1.5,1.5,1.5,1.5]	[2,2,2,2,2,2,2,2]	[2.5,2.5,2.5,2.5,2.5,2.5,2.5,2.5]	[3,3,3,3,3,3,3,3]	240000	{"1":1200000,"2":3600,"3":6000,"4":3000}	9101063	0		UI_CH00H063	CH00H063	1	[20,0,0,10,0,0,3,3]	0	[1,1,1,1,1,1]	[2,2,1,1,1,1]	[3,2,1,1,1,1]	[4,4,3,2,1,1]	[5,5,4,3,3,1]	[6,6,5,3,2,1]	["0201019","0201019","0201019","0201025","0201025","0201025"]	["0201020","0201026","0201025","0201001","0201007","0201013"]	["0201039","0201044","0201031","0201031","0201037","0201043"]	["0201034","0201034","0201039","0201044","0201031","0201037"]	["0201035","0201041","0201046","0201033","0201039","0201043"]	["0201042","0201048","0201035","0201033","0201038","0201043"]	0		v2draw	S	40	2	10
0101064	9001064	[1.2,1.2,1.2,1.2,1.2,1.2,1.2,1.2]	[1.5,1.5,1.5,1.5,1.5,1.5,1.5,1.5]	[2,2,2,2,2,2,2,2]	[2.5,2.5,2.5,2.5,2.5,2.5,2.5,2.5]	[3,3,3,3,3,3,3,3]	240000	{"1":1200000,"2":3600,"3":6000,"4":3000}	9101064	0		UI_CH00H064	CH00H064	1	[0,20,0,10,0,3,0,3]	1	[1,1,1,1,1,1]	[2,2,1,1,1,1]	[3,2,1,1,1,1]	[4,4,3,2,1,1]	[5,5,4,3,3,1]	[6,6,5,3,2,1]	["0201019","0201019","0201019","0201025","0201025","0201025"]	["0201020","0201026","0201025","0201001","0201007","0201013"]	["0201039","0201044","0201031","0201031","0201037","0201043"]	["0201034","0201034","0201039","0201044","0201031","0201037"]	["0201035","0201041","0201046","0201033","0201039","0201043"]	["0201042","0201048","0201035","0201033","0201038","0201043"]	5		v2draw	S	40	2	10
0101065	9001065	[1.2,1.2,1.2,1.2,1.2,1.2,1.2,1.2]	[1.5,1.5,1.5,1.5,1.5,1.5,1.5,1.5]	[2,2,2,2,2,2,2,2]	[2.5,2.5,2.5,2.5,2.5,2.5,2.5,2.5]	[3,3,3,3,3,3,3,3]	240000	{"1":1200000,"2":3600,"3":6000,"4":3000}	9101065	0		UI_CH00H065	CH00H065	1	[0,0,20,10,0,3,3,0]	0	[1,1,1,1,1,1]	[2,2,1,1,1,1]	[3,2,1,1,1,1]	[4,4,3,2,1,1]	[5,5,4,3,3,1]	[6,6,5,3,2,1]	["0201019","0201019","0201019","0201025","0201025","0201025"]	["0201020","0201026","0201025","0201001","0201007","0201013"]	["0201039","0201044","0201031","0201031","0201037","0201043"]	["0201034","0201034","0201039","0201044","0201031","0201037"]	["0201035","0201041","0201046","0201033","0201039","0201043"]	["0201042","0201048","0201035","0201033","0201038","0201043"]	0		v2draw	S	40	2	10
0101066	9001066	[1.2,1.2,1.2,1.2,1.2,1.2,1.2,1.2]	[1.5,1.5,1.5,1.5,1.5,1.5,1.5,1.5]	[2,2,2,2,2,2,2,2]	[2.5,2.5,2.5,2.5,2.5,2.5,2.5,2.5]	[3,3,3,3,3,3,3,3]	240000	{"1":1200000,"2":3600,"3":6000,"4":3000}	9101066	0	0601061	UI_CH00H066	CH00H066	1	[0,0,0,0,0,0,0,0]	0	[1,1,1,1,1,1]	[2,2,1,1,1,1]	[3,2,1,1,1,1]	[4,4,3,2,1,1]	[5,5,4,3,3,1]	[6,6,5,3,2,1]	["0201019","0201019","0201019","0201025","0201025","0201025"]	["0201020","0201026","0201025","0201001","0201007","0201013"]	["0201021","0201020","0201025","0201031","0201037","0201043"]	["0201058","0201052","0201063","0201062","0201025","0201025"]	["0201065","0201059","0201052","0201009","0201015","0201001"]	["0201036","0201042","0201047","0201021","0201020","0201025"]	0		none	S	40	2	10
0101067	9001067	[1.2,1.2,1.2,1.2,1.2,1.2,1.2,1.2]	[1.5,1.5,1.5,1.5,1.5,1.5,1.5,1.5]	[2,2,2,2,2,2,2,2]	[2.5,2.5,2.5,2.5,2.5,2.5,2.5,2.5]	[3,3,3,3,3,3,3,3]	240000	{"1":1200000,"2":3600,"3":6000,"4":3000}	9101067	0		UI_CH00H067	CH00H067	1	[10,10,10,5,0,0,0,0]	1	[1,1,1,1,1,1]	[2,2,1,1,1,1]	[3,2,1,1,1,1]	[4,4,3,2,1,1]	[5,5,4,3,3,1]	[6,6,5,3,2,1]	["0201019","0201019","0201019","0201025","0201025","0201025"]	["0201020","0201026","0201025","0201001","0201007","0201013"]	["0201021","0201020","0201025","0201031","0201037","0201043"]	["0201058","0201052","0201063","0201062","0201025","0201025"]	["0201065","0201059","0201052","0201009","0201015","0201001"]	["0201036","0201042","0201047","0201021","0201020","0201025"]	5		v2draw	S	40	2	10
0101068	9001068	[1.2,1.2,1.2,1.2,1.2,1.2,1.2,1.2]	[1.5,1.5,1.5,1.5,1.5,1.5,1.5,1.5]	[2,2,2,2,2,2,2,2]	[2.5,2.5,2.5,2.5,2.5,2.5,2.5,2.5]	[3,3,3,3,3,3,3,3]	240000	{"1":1200000,"2":3600,"3":6000,"4":3000}	9101068	0		UI_CH00H068	CH00H068	1	[0,0,0,0,0,0,0,0]	0	[1,1,1,1,1,1]	[2,2,1,1,1,1]	[3,2,1,1,1,1]	[4,4,3,2,1,1]	[5,5,4,3,3,1]	[6,6,5,3,2,1]	["0201019","0201019","0201019","0201025","0201025","0201025"]	["0201020","0201026","0201025","0201001","0201007","0201013"]	["0201021","0201020","0201025","0201031","0201037","0201043"]	["0201058","0201052","0201063","0201062","0201025","0201025"]	["0201065","0201059","0201052","0201009","0201015","0201001"]	["0201036","0201042","0201047","0201021","0201020","0201025"]	0		none	S	40	2	10
0101069	9001069	[1.2,1.2,1.2,1.2,1.2,1.2,1.2,1.2]	[1.5,1.5,1.5,1.5,1.5,1.5,1.5,1.5]	[2,2,2,2,2,2,2,2]	[2.5,2.5,2.5,2.5,2.5,2.5,2.5,2.5]	[3,3,3,3,3,3,3,3]	240000	{"1":1200000,"2":3600,"3":6000,"4":3000}	9101069	0		UI_CH00H069	CH00H069	1	[0,0,0,0,0,0,0,0]	0	[1,1,1,1,1,1]	[2,2,1,1,1,1]	[3,2,1,1,1,1]	[4,4,3,2,1,1]	[5,5,4,3,3,1]	[6,6,5,3,2,1]	["0201019","0201019","0201019","0201025","0201025","0201025"]	["0201020","0201026","0201025","0201001","0201007","0201013"]	["0201021","0201020","0201025","0201031","0201037","0201043"]	["0201058","0201052","0201063","0201062","0201025","0201025"]	["0201065","0201059","0201052","0201009","0201015","0201001"]	["0201036","0201042","0201047","0201021","0201020","0201025"]	0		none	S	40	2	10
0101070	9001070	[1.2,1.2,1.2,1.2,1.2,1.2,1.2,1.2]	[1.5,1.5,1.5,1.5,1.5,1.5,1.5,1.5]	[2,2,2,2,2,2,2,2]	[2.5,2.5,2.5,2.5,2.5,2.5,2.5,2.5]	[3,3,3,3,3,3,3,3]	240000	{"1":1200000,"2":3600,"3":6000,"4":3000}	9101070	0		UI_CH00H070	CH00H070	1	[0,0,0,0,0,0,0,0]	0	[1,1,1,1,1,1]	[2,2,1,1,1,1]	[3,2,1,1,1,1]	[4,4,3,2,1,1]	[5,5,4,3,3,1]	[6,6,5,3,2,1]	["0201019","0201019","0201019","0201025","0201025","0201025"]	["0201020","0201026","0201025","0201001","0201007","0201013"]	["0201021","0201020","0201025","0201031","0201037","0201043"]	["0201058","0201052","0201063","0201062","0201025","0201025"]	["0201065","0201059","0201052","0201009","0201015","0201001"]	["0201036","0201042","0201047","0201021","0201020","0201025"]	0		none	S	40	2	10
0101071	9001071	[1.2,1.2,1.2,1.2,1.2,1.2,1.2,1.2]	[1.5,1.5,1.5,1.5,1.5,1.5,1.5,1.5]	[2,2,2,2,2,2,2,2]	[2.5,2.5,2.5,2.5,2.5,2.5,2.5,2.5]	[3,3,3,3,3,3,3,3]	240000	{"1":1200000,"2":3600,"3":6000,"4":3000}	9101071	0		UI_CH00H071	CH00H071	1	[0,0,0,0,0,0,0,0]	0	[1,1,1,1,1,1]	[2,2,1,1,1,1]	[3,2,1,1,1,1]	[4,4,3,2,1,1]	[5,5,4,3,3,1]	[6,6,5,3,2,1]	["0201019","0201019","0201019","0201025","0201025","0201025"]	["0201020","0201026","0201025","0201001","0201007","0201013"]	["0201021","0201020","0201025","0201031","0201037","0201043"]	["0201058","0201052","0201063","0201062","0201025","0201025"]	["0201065","0201059","0201052","0201009","0201015","0201001"]	["0201036","0201042","0201047","0201021","0201020","0201025"]	0		none	S	40	2	10
0101072	9001072	[1.2,1.2,1.2,1.2,1.2,1.2,1.2,1.2]	[1.5,1.5,1.5,1.5,1.5,1.5,1.5,1.5]	[2,2,2,2,2,2,2,2]	[2.5,2.5,2.5,2.5,2.5,2.5,2.5,2.5]	[3,3,3,3,3,3,3,3]	240000	{"1":1200000,"2":3600,"3":6000,"4":3000}	9101072	0		UI_CH00H072	CH00H072	1	[0,5,0,10,0,0,0,0]	0	[1,1,1,1,1,1]	[2,2,1,1,1,1]	[3,2,1,1,1,1]	[4,4,3,2,1,1]	[5,5,4,3,3,1]	[6,6,5,3,2,1]	["0201019","0201019","0201019","0201025","0201025","0201025"]	["0201020","0201026","0201025","0201001","0201007","0201013"]	["0201021","0201020","0201025","0201031","0201037","0201043"]	["0201058","0201052","0201063","0201062","0201025","0201025"]	["0201065","0201059","0201052","0201009","0201015","0201001"]	["0201036","0201042","0201047","0201021","0201020","0201025"]	0		none	S	40	2	10
0101073	9001073	[1.2,1.2,1.2,1.2,1.2,1.2,1.2,1.2]	[1.5,1.5,1.5,1.5,1.5,1.5,1.5,1.5]	[2,2,2,2,2,2,2,2]	[2.5,2.5,2.5,2.5,2.5,2.5,2.5,2.5]	[3,3,3,3,3,3,3,3]	240000	{"1":1200000,"2":3600,"3":6000,"4":3000}	9101073	0	0601059	UI_CH00H073	CH00H073	1	[0,0,0,6,4,3,3,3]	1	[1,1,1,1,1,1]	[2,2,1,1,1,1]	[3,2,1,1,1,1]	[4,4,3,2,1,1]	[5,5,4,3,3,1]	[6,6,5,3,2,1]	["0201019","0201019","0201019","0201025","0201025","0201025"]	["0201020","0201026","0201025","0201001","0201007","0201013"]	["0201021","0201020","0201025","0201031","0201037","0201043"]	["0201058","0201052","0201063","0201062","0201025","0201025"]	["0201065","0201059","0201052","0201009","0201015","0201001"]	["0201036","0201042","0201047","0201021","0201020","0201025"]	0		none	S	40	2	10
0101661	9001661	[1.2,1.2,1.2,1.2,1.2,1.2,1.2,1.2]	[1.5,1.5,1.5,1.5,1.5,1.5,1.5,1.5]	[2,2,2,2,2,2,2,2]	[2.5,2.5,2.5,2.5,2.5,2.5,2.5,2.5]	[3,3,3,3,3,3,3,3]	160000	{"1":600000,"2":1600,"3":4000,"4":2000}	9101061	0	0601072	UI_CH00H061	CH00H061	1	[0,30,0,0,0,0,0,0]	0	[1,1,1,1,1,1]	[2,2,1,1,1,1]	[3,2,1,1,1,1]	[4,4,3,2,1,1]	[5,5,4,3,3,1]	[6,6,5,3,2,1]	["0201019","0201019","0201019","0201025","0201025","0201025"]	["0201020","0201026","0201025","0201001","0201007","0201013"]	["0201021","0201020","0201025","0201031","0201037","0201043"]	["0201058","0201052","0201063","0201062","0201025","0201025"]	["0201065","0201059","0201052","0201009","0201015","0201001"]	[]	0		none	A	30	2	5
0106001	9006001	[1,1,1,1,1,1.2,1.2,1.2]	[1,1,1,1,1,1.2,1.2,2]	[1,1,1,1,1,1.2,2,2]	[1,1,1,1,1,2,2,2]	[1,1,1,1,1,3,3,3]	160000	{"1":600000,"2":1600,"3":4000,"4":2000}	9106001	0		UI_CH00HA01	CH00HA01	1	[0,0,0,0,0,10,10,10]	0	[1,1,1,1,1,1]	[2,2,1,1,1,1]	[3,2,1,1,1,1]	[4,4,3,2,1,1]	[5,5,4,3,3,1]	[6,6,5,3,2,1]	["0201031","0201037","0201043","0201031","0201037","0201043"]	["0201044","0201044","0201031","0201031","0201037","0201037"]	["0201039","0201044","0201031","0201031","0201037","0201043"]	["0201034","0201034","0201039","0201044","0201031","0201037"]	["0201035","0201041","0201046","0201033","0201039","0201043"]	[]	0		vdraw	A	30	2	5
0106002	9006002	[1,1,1,1,1,1.5,1.5,1.5]	[1,1,1,1,1,1.5,1.5,2]	[1,1,1,1,1,1.5,2,2]	[1,1,1,1,1,2,2,2]	[1,1,1,1,1,3,3,3]	160000	{"1":600000,"2":1600,"3":4000,"4":2000}	9106002	0		UI_CH00HA02	CH00HA02	1	[0,0,0,0,0,18,5,5]	0	[1,1,1,1,1,1]	[2,2,1,1,1,1]	[3,2,1,1,1,1]	[4,4,3,2,1,1]	[5,5,4,3,3,1]	[6,6,5,3,2,1]	["0201031","0201037","0201043","0201031","0201037","0201043"]	["0201044","0201044","0201031","0201031","0201037","0201037"]	["0201039","0201044","0201031","0201031","0201037","0201043"]	["0201034","0201034","0201039","0201044","0201031","0201037"]	[]	[]	0		drop	B	20	1	3
0106051	9006003	[1,1,1,1,1,1.5,1.5,1.5]	[1,1,1,1,1,1.5,1.5,2]	[1,1,1,1,1,1.5,2,2]	[1,1,1,1,1,2,2,2]	[1,1,1,1,1,3,3,3]	240000	{"1":1200000,"2":3600,"3":6000,"4":3000}	9106003	0	0601001	UI_CH00HA51	CH00HA51	1	[0,0,0,0,0,15,10,5]	0	[1,1,1,1,1,1]	[2,2,1,1,1,1]	[3,2,1,1,1,1]	[4,4,3,2,1,1]	[5,5,4,3,3,1]	[6,6,5,3,2,1]	["0201031","0201037","0201043","0201031","0201037","0201043"]	["0201044","0201044","0201031","0201031","0201037","0201037"]	["0201039","0201044","0201031","0201031","0201037","0201043"]	["0201034","0201034","0201039","0201044","0201031","0201037"]	["0201035","0201041","0201046","0201033","0201039","0201043"]	["0201042","0201048","0201035","0201033","0201038","0201043"]	0		none	S	40	2	10
0106052	9006004	[1,1,1,1,1,1.2,1.2,1.2]	[1,1,1,1,1,1.2,1.2,2]	[1,1,1,1,1,1.2,2,2]	[1,1,1,1,1,2,2,2]	[1,1,1,1,1,3,3,3]	160000	{"1":600000,"2":1600,"3":4000,"4":2000}	9106004	0	0601002	UI_CH00HA52	CH00HA52	1	[0,0,0,0,0,10,5,15]	0	[1,1,1,1,1,1]	[2,2,1,1,1,1]	[3,2,1,1,1,1]	[4,4,3,2,1,1]	[5,5,4,3,3,1]	[6,6,5,3,2,1]	["0201031","0201037","0201043","0201031","0201037","0201043"]	["0201044","0201044","0201031","0201031","0201037","0201037"]	["0201039","0201044","0201031","0201031","0201037","0201043"]	["0201034","0201034","0201039","0201044","0201031","0201037"]	["0201035","0201041","0201046","0201033","0201039","0201043"]	[]	0		gdraw	A	30	2	5
0106053	9006005	[1,1,1,1,1,1.2,1.2,1.2]	[1,1,1,1,1,1.2,1.2,2]	[1,1,1,1,1,1.2,2,2]	[1,1,1,1,1,2,2,2]	[1,1,1,1,1,3,3,3]	160000	{"1":600000,"2":1600,"3":4000,"4":2000}	9106005	0	0601003	UI_CH00HA53	CH00HA53	1	[0,0,0,0,0,5,15,10]	0	[1,1,1,1,1,1]	[2,2,1,1,1,1]	[3,2,1,1,1,1]	[4,4,3,2,1,1]	[5,5,4,3,3,1]	[6,6,5,3,2,1]	["0201031","0201037","0201043","0201031","0201037","0201043"]	["0201044","0201044","0201031","0201031","0201037","0201037"]	["0201039","0201044","0201031","0201031","0201037","0201043"]	["0201034","0201034","0201039","0201044","0201031","0201037"]	["0201035","0201041","0201046","0201033","0201039","0201043"]	[]	0		none	A	30	2	5
0106054	9006006	[1,1,1,1,1,1.5,1.5,1.5]	[1,1,1,1,1,1.5,1.5,2]	[1,1,1,1,1,1.5,2,2]	[1,1,1,1,1,2,2,2]	[1,1,1,1,1,3,3,3]	160000	{"1":600000,"2":1600,"3":4000,"4":2000}	9106006	0	0601004	UI_CH00HA54	CH00HA54	1	[0,0,0,0,0,5,5,18]	0	[1,1,1,1,1,1]	[2,2,1,1,1,1]	[3,2,1,1,1,1]	[4,4,3,2,1,1]	[5,5,4,3,3,1]	[6,6,5,3,2,1]	["0201031","0201037","0201043","0201031","0201037","0201043"]	["0201044","0201044","0201031","0201031","0201037","0201037"]	["0201039","0201044","0201031","0201031","0201037","0201043"]	["0201034","0201034","0201039","0201044","0201031","0201037"]	["0201035","0201041","0201046","0201033","0201039","0201043"]	[]	0		drop	A	30	2	5
0106055	9006007	[1,1,1,1,1,1.5,1.5,1.5]	[1,1,1,1,1,1.5,1.5,2]	[1,1,1,1,1,1.5,2,2]	[1,1,1,1,1,2,2,2]	[1,1,1,1,1,3,3,3]	160000	{"1":600000,"2":1600,"3":4000,"4":2000}	9106007	0	0601005	UI_CH00HA55	CH00HA55	1	[0,0,0,0,0,18,5,5]	0	[1,1,1,1,1,1]	[2,2,1,1,1,1]	[3,2,1,1,1,1]	[4,4,3,2,1,1]	[5,5,4,3,3,1]	[6,6,5,3,2,1]	["0201031","0201037","0201043","0201031","0201037","0201043"]	["0201044","0201044","0201031","0201031","0201037","0201037"]	["0201039","0201044","0201031","0201031","0201037","0201043"]	["0201034","0201034","0201039","0201044","0201031","0201037"]	[]	[]	0		drop	B	20	1	3
0106056	9006008	[1,1,1,1,1,1.5,1.5,1.5]	[1,1,1,1,1,1.5,1.5,2]	[1,1,1,1,1,1.5,2,2]	[1,1,1,1,1,2,2,2]	[1,1,1,1,1,3,3,3]	240000	{"1":1200000,"2":3600,"3":6000,"4":3000}	9106008	0	0601006	UI_CH00HA56	CH00HA56	1	[0,0,0,0,0,15,5,15]	0	[1,1,1,1,1,1]	[2,2,1,1,1,1]	[3,2,1,1,1,1]	[4,4,3,2,1,1]	[5,5,4,3,3,1]	[6,6,5,3,2,1]	["0201031","0201037","0201043","0201031","0201037","0201043"]	["0201044","0201044","0201031","0201031","0201037","0201037"]	["0201039","0201044","0201031","0201031","0201037","0201043"]	["0201034","0201034","0201039","0201044","0201031","0201037"]	["0201035","0201041","0201046","0201033","0201039","0201043"]	["0201036","0201036","0201047","0201045","0201038","0201037"]	0		v2draw	S	40	2	10
0106057	9006009	[1,1,1,1,1,1.2,1.2,1.2]	[1,1,1,1,1,1.2,1.2,2]	[1,1,1,1,1,1.2,2,2]	[1,1,1,1,1,2,2,2]	[1,1,1,1,1,3,3,3]	160000	{"1":600000,"2":1600,"3":4000,"4":2000}	9106009	0	0601007	UI_CH00HA57	CH00HA57	1	[0,0,0,0,0,5,5,20]	0	[1,1,1,1,1,1]	[2,2,1,1,1,1]	[3,2,1,1,1,1]	[4,4,3,2,1,1]	[5,5,4,3,3,1]	[6,6,5,3,2,1]	["0201031","0201037","0201043","0201031","0201037","0201043"]	["0201044","0201044","0201031","0201031","0201037","0201037"]	["0201039","0201044","0201031","0201031","0201037","0201043"]	["0201034","0201034","0201039","0201044","0201031","0201037"]	["0201035","0201041","0201046","0201033","0201039","0201043"]	[]	0		vdraw	A	30	2	5
0106058	9006010	[1,1,1,1,1,1.2,1.2,1.2]	[1,1,1,1,1,1.2,1.2,2]	[1,1,1,1,1,1.2,2,2]	[1,1,1,1,1,2,2,2]	[1,1,1,1,1,3,3,3]	160000	{"1":600000,"2":1600,"3":4000,"4":2000}	9106010	0	0601008	UI_CH00HA58	CH00HA58	1	[0,0,0,0,0,20,5,5]	0	[1,1,1,1,1,1]	[2,2,1,1,1,1]	[3,2,1,1,1,1]	[4,4,3,2,1,1]	[5,5,4,3,3,1]	[6,6,5,3,2,1]	["0201031","0201037","0201043","0201031","0201037","0201043"]	["0201044","0201044","0201031","0201031","0201037","0201037"]	["0201039","0201044","0201031","0201031","0201037","0201043"]	["0201034","0201034","0201039","0201044","0201031","0201037"]	["0201035","0201041","0201046","0201033","0201039","0201043"]	[]	0		drop	A	30	2	5
0106059	9006011	[1,1,1,1,1,1.5,1.5,1.5]	[1,1,1,1,1,1.5,1.5,2]	[1,1,1,1,1,1.5,2,2]	[1,1,1,1,1,2,2,2]	[1,1,1,1,1,3,3,3]	240000	{"1":1200000,"2":3600,"3":6000,"4":3000}	9106011	0	0601009	UI_CH00HA59	CH00HA59	1	[0,0,0,0,0,5,10,20]	0	[1,1,1,1,1,1]	[2,2,1,1,1,1]	[3,2,1,1,1,1]	[4,4,3,2,1,1]	[5,5,4,3,3,1]	[6,6,5,3,2,1]	["0201031","0201037","0201043","0201031","0201037","0201043"]	["0201044","0201044","0201031","0201031","0201037","0201037"]	["0201039","0201044","0201031","0201031","0201037","0201043"]	["0201034","0201034","0201039","0201044","0201031","0201037"]	["0201035","0201041","0201046","0201033","0201039","0201043"]	["0201042","0201048","0201035","0201033","0201038","0201043"]	0		none	S	40	2	10
0106060	9006012	[1,1,1,1,1,1.5,1.5,1.5]	[1,1,1,1,1,1.5,1.5,2]	[1,1,1,1,1,1.5,2,2]	[1,1,1,1,1,2,2,2]	[1,1,1,1,1,3,3,3]	160000	{"1":600000,"2":1600,"3":4000,"4":2000}	9106012	0	0601010	UI_CH00HA60	CH00HA60	1	[0,0,0,0,0,5,18,5]	0	[1,1,1,1,1,1]	[2,2,1,1,1,1]	[3,2,1,1,1,1]	[4,4,3,2,1,1]	[5,5,4,3,3,1]	[6,6,5,3,2,1]	["0201031","0201037","0201043","0201031","0201037","0201043"]	["0201044","0201044","0201031","0201031","0201037","0201037"]	["0201039","0201044","0201031","0201031","0201037","0201043"]	["0201034","0201034","0201039","0201044","0201031","0201037"]	["0201035","0201041","0201046","0201033","0201039","0201043"]	[]	0		drop	A	30	2	5
0106061	9006013	[1,1,1,1,1,1.5,1.5,1.5]	[1,1,1,1,1,1.5,1.5,2]	[1,1,1,1,1,1.5,2,2]	[1,1,1,1,1,2,2,2]	[1,1,1,1,1,3,3,3]	240000	{"1":1200000,"2":3600,"3":6000,"4":3000}	9106013	0	0601011	UI_CH00HA61	CH00HA61	1	[0,0,0,0,0,20,10,5]	0	[1,1,1,1,1,1]	[2,2,1,1,1,1]	[3,2,1,1,1,1]	[4,4,3,2,1,1]	[5,5,4,3,3,1]	[6,6,5,3,2,1]	["0201031","0201037","0201043","0201031","0201037","0201043"]	["0201044","0201044","0201031","0201031","0201037","0201037"]	["0201039","0201044","0201031","0201031","0201037","0201043"]	["0201034","0201034","0201039","0201044","0201031","0201037"]	["0201035","0201041","0201046","0201033","0201039","0201043"]	["0201042","0201048","0201035","0201033","0201038","0201043"]	0		none	S	40	2	10
0106062	9006014	[1,1,1,1,1,1.5,1.5,1.5]	[1,1,1,1,1,1.5,1.5,2]	[1,1,1,1,1,1.5,2,2]	[1,1,1,1,1,2,2,2]	[1,1,1,1,1,3,3,3]	240000	{"1":1200000,"2":3600,"3":6000,"4":3000}	9106014	0	0601012	UI_CH00HA62	CH00HA62	1	[0,0,0,0,0,12,12,11]	0	[1,1,1,1,1,1]	[2,2,1,1,1,1]	[3,2,1,1,1,1]	[4,4,3,2,1,1]	[5,5,4,3,3,1]	[6,6,5,3,2,1]	["0201031","0201037","0201043","0201031","0201037","0201043"]	["0201044","0201044","0201031","0201031","0201037","0201037"]	["0201039","0201044","0201031","0201031","0201037","0201043"]	["0201034","0201034","0201039","0201044","0201031","0201037"]	["0201035","0201041","0201046","0201033","0201039","0201043"]	["0201042","0201048","0201035","0201033","0201038","0201043"]	0		eshop	S	40	2	10
0106063	9006015	[1,1,1,1,1,1.5,1.5,1.5]	[1,1,1,1,1,1.5,1.5,2]	[1,1,1,1,1,1.5,2,2]	[1,1,1,1,1,2,2,2]	[1,1,1,1,1,3,3,3]	240000	{"1":1200000,"2":3600,"3":6000,"4":3000}	9106015	0		UI_CH00HA63	CH00HA63	1	[0,0,0,0,0,15,15,5]	0	[1,1,1,1,1,1]	[2,2,1,1,1,1]	[3,2,1,1,1,1]	[4,4,3,2,1,1]	[5,5,4,3,3,1]	[6,6,5,3,2,1]	["0201031","0201037","0201043","0201031","0201037","0201043"]	["0201044","0201044","0201031","0201031","0201037","0201037"]	["0201039","0201044","0201031","0201031","0201037","0201043"]	["0201034","0201034","0201039","0201044","0201031","0201037"]	["0201035","0201041","0201046","0201033","0201039","0201043"]	["0201042","0201048","0201035","0201033","0201038","0201043"]	0		none	S	40	2	10
0106064	9006016	[1,1,1,1,1,1.2,1.2,1.2]	[1,1,1,1,1,1.2,1.2,2]	[1,1,1,1,1,1.2,2,2]	[1,1,1,1,1,2,2,2]	[1,1,1,1,1,3,3,3]	160000	{"1":600000,"2":1600,"3":4000,"4":2000}	9106016	0	0601047	UI_CH00HA64	CH00HA64	1	[0,0,0,0,0,20,8,2]	0	[1,1,1,1,1,1]	[2,2,1,1,1,1]	[3,2,1,1,1,1]	[4,4,3,2,1,1]	[5,5,4,3,3,1]	[6,6,5,3,2,1]	["0201031","0201031","0201037","0201037","0201043","0201043"]	["0201032","0201032","0201031","0201031","0201037","0201037"]	["0201033","0201032","0201037","0201037","0201043","0201043"]	["0201034","0201034","0201039","0201038","0201043","0201043"]	["0201041","0201041","0201034","0201033","0201045","0201043"]	[]	0		none	A	30	2	5
0106065	9006017	[1,1,1,1,1,1.5,1.5,1.5]	[1,1,1,1,1,1.5,1.5,2]	[1,1,1,1,1,1.5,2,2]	[1,1,1,1,1,2,2,2]	[1,1,1,1,1,3,3,3]	240000	{"1":1200000,"2":3600,"3":6000,"4":3000}	9106017	0	0601016	UI_CH00HA65	CH00HA65	1	[0,0,0,0,0,10,20,5]	0	[1,1,1,1,1,1]	[2,2,1,1,1,1]	[3,2,1,1,1,1]	[4,4,3,2,1,1]	[5,5,4,3,3,1]	[6,6,5,3,2,1]	["0201031","0201037","0201043","0201031","0201037","0201043"]	["0201044","0201044","0201031","0201031","0201037","0201037"]	["0201039","0201044","0201031","0201031","0201037","0201043"]	["0201034","0201034","0201039","0201044","0201031","0201037"]	["0201035","0201041","0201046","0201033","0201039","0201043"]	["0201042","0201048","0201035","0201033","0201038","0201043"]	0		drop	S	40	2	10
0106066	9006018	[1,1,1,1,1,1.2,1.2,1.2]	[1,1,1,1,1,1.2,1.2,2]	[1,1,1,1,1,1.2,2,2]	[1,1,1,1,1,2,2,2]	[1,1,1,1,1,3,3,3]	160000	{"1":600000,"2":1600,"3":4000,"4":2000}	9106018	0		UI_CH00HA66	CH00HA66	1	[0,0,0,0,0,8,2,20]	1	[1,1,1,1,1,1]	[2,2,1,1,1,1]	[3,2,1,1,1,1]	[4,4,3,2,1,1]	[5,5,4,3,3,1]	[6,6,5,3,2,1]	["0201031","0201037","0201043","0201031","0201037","0201043"]	["0201044","0201044","0201031","0201031","0201037","0201037"]	["0201039","0201044","0201031","0201031","0201037","0201043"]	["0201034","0201034","0201039","0201044","0201031","0201037"]	["0201035","0201041","0201046","0201033","0201039","0201043"]	[]	0		none	A	30	2	5
0106067	9006019	[1,1,1,1,1,1.5,1.5,1.5]	[1,1,1,1,1,1.5,1.5,2]	[1,1,1,1,1,1.5,2,2]	[1,1,1,1,1,2,2,2]	[1,1,1,1,1,3,3,3]	240000	{"1":1200000,"2":3600,"3":6000,"4":3000}	9106019	0	0601025	UI_CH00HA67	CH00HA67	1	[0,0,0,0,0,5,20,10]	0	[1,1,1,1,1,1]	[2,2,1,1,1,1]	[3,2,1,1,1,1]	[4,4,3,2,1,1]	[5,5,4,3,3,1]	[6,6,5,3,2,1]	["0201031","0201037","0201043","0201031","0201037","0201043"]	["0201044","0201044","0201031","0201031","0201037","0201037"]	["0201039","0201044","0201031","0201031","0201037","0201043"]	["0201034","0201034","0201039","0201044","0201031","0201037"]	["0201035","0201041","0201046","0201033","0201039","0201043"]	["0201042","0201048","0201035","0201033","0201038","0201043"]	0		vdraw	S	40	2	10
0106068	9006020	[1,1,1,1,1,1.5,1.5,1.5]	[1,1,1,1,1,1.5,1.5,2]	[1,1,1,1,1,1.5,2,2]	[1,1,1,1,1,2,2,2]	[1,1,1,1,1,3,3,3]	240000	{"1":1200000,"2":3600,"3":6000,"4":3000}	9106020	0	0601024	UI_CH00HA68	CH00HA68	1	[0,0,0,0,0,10,12,8]	0	[1,1,1,1,1,1]	[2,2,1,1,1,1]	[3,2,1,1,1,1]	[4,4,3,2,1,1]	[5,5,4,3,3,1]	[6,6,5,3,2,1]	["0201031","0201037","0201043","0201031","0201037","0201043"]	["0201044","0201044","0201031","0201031","0201037","0201037"]	["0201039","0201044","0201031","0201031","0201037","0201043"]	["0201034","0201034","0201039","0201044","0201031","0201037"]	["0201035","0201041","0201046","0201033","0201039","0201043"]	["0201042","0201048","0201035","0201033","0201038","0201043"]	0		none	S	40	2	10
0106069	9006021	[1,1,1,1,1,1.5,1.5,1.5]	[1,1,1,1,1,1.5,1.5,2]	[1,1,1,1,1,1.5,2,2]	[1,1,1,1,1,2,2,2]	[1,1,1,1,1,3,3,3]	240000	{"1":1200000,"2":3600,"3":6000,"4":3000}	9106021	0	0601026	UI_CH00HA69	CH00HA69	1	[10,0,0,10,0,0,3,3]	0	[1,1,1,1,1,1]	[2,2,1,1,1,1]	[3,2,1,1,1,1]	[4,4,3,2,1,1]	[5,5,4,3,3,1]	[6,6,5,3,2,1]	["0201031","0201037","0201043","0201031","0201037","0201043"]	["0201044","0201044","0201031","0201031","0201037","0201037"]	["0201039","0201044","0201031","0201031","0201037","0201043"]	["0201034","0201034","0201039","0201044","0201031","0201037"]	["0201035","0201041","0201046","0201033","0201039","0201043"]	["0201042","0201048","0201035","0201033","0201038","0201043"]	0		v2draw	S	40	2	10
0106070	9006022	[1,1,1,1,1,1.5,1.5,1.5]	[1,1,1,1,1,1.5,1.5,2]	[1,1,1,1,1,1.5,2,2]	[1,1,1,1,1,2,2,2]	[1,1,1,1,1,3,3,3]	240000	{"1":1200000,"2":3600,"3":6000,"4":3000}	9106022	0	0601060	UI_CH00HA70	CH00HA70	1	[10,10,10,0,0,3,3,3]	1	[1,1,1,1,1,1]	[2,2,1,1,1,1]	[3,2,1,1,1,1]	[4,4,3,2,1,1]	[5,5,4,3,3,1]	[6,6,5,3,2,1]	["0201031","0201037","0201043","0201031","0201037","0201043"]	["0201044","0201044","0201031","0201031","0201037","0201037"]	["0201039","0201044","0201031","0201031","0201037","0201043"]	["0201034","0201034","0201039","0201044","0201031","0201037"]	["0201035","0201041","0201046","0201033","0201039","0201043"]	["0201042","0201048","0201035","0201033","0201038","0201043"]	0		none	S	40	2	10
0106071	9006023	[1,1,1,1,1,1.5,1.5,1.5]	[1,1,1,1,1,1.5,1.5,2]	[1,1,1,1,1,1.5,2,2]	[1,1,1,1,1,2,2,2]	[1,1,1,1,1,3,3,3]	240000	{"1":1200000,"2":3600,"3":6000,"4":3000}	9106023	0		UI_CH00HA71	CH00HA71	1	[0,0,0,0,0,3,2,15]	1	[1,1,1,1,1,1]	[2,2,1,1,1,1]	[3,2,1,1,1,1]	[4,4,3,2,1,1]	[5,5,4,3,3,1]	[6,6,5,3,2,1]	["0201031","0201037","0201043","0201031","0201037","0201043"]	["0201044","0201044","0201031","0201031","0201037","0201037"]	["0201039","0201044","0201031","0201031","0201037","0201043"]	["0201034","0201034","0201039","0201044","0201031","0201037"]	["0201035","0201041","0201046","0201033","0201039","0201043"]	["0201042","0201048","0201035","0201033","0201038","0201043"]	0		none	S	40	2	10
0106072	9006024	[1,1,1,1,1,1.5,1.5,1.5]	[1,1,1,1,1,1.5,1.5,2]	[1,1,1,1,1,1.5,2,2]	[1,1,1,1,1,2,2,2]	[1,1,1,1,1,3,3,3]	240000	{"1":1200000,"2":3600,"3":6000,"4":3000}	9106024	0	0601031	UI_CH00HA72	CH00HA72	1	[0,0,0,0,0,10,5,20]	0	[1,1,1,1,1,1]	[2,2,1,1,1,1]	[3,2,1,1,1,1]	[4,4,3,2,1,1]	[5,5,4,3,3,1]	[6,6,5,3,2,1]	["0201031","0201037","0201043","0201031","0201037","0201043"]	["0201044","0201044","0201031","0201031","0201037","0201037"]	["0201039","0201044","0201031","0201031","0201037","0201043"]	["0201034","0201034","0201039","0201044","0201031","0201037"]	["0201035","0201041","0201046","0201033","0201039","0201043"]	["0201042","0201048","0201035","0201033","0201038","0201043"]	0		v2draw	S	40	2	10
0106073	9006025	[1,1,1,1,1,1.2,1.2,1.2]	[1,1,1,1,1,1.2,1.2,2]	[1,1,1,1,1,1.2,2,2]	[1,1,1,1,1,2,2,2]	[1,1,1,1,1,3,3,3]	160000	{"1":600000,"2":1600,"3":4000,"4":2000}	9106025	0	0601029	UI_CH00HA73	CH00HA73	1	[0,0,0,0,0,7,8,15]	0	[1,1,1,1,1,1]	[2,2,1,1,1,1]	[3,2,1,1,1,1]	[4,4,3,2,1,1]	[5,5,4,3,3,1]	[6,6,5,3,2,1]	["0201031","0201037","0201043","0201031","0201037","0201043"]	["0201044","0201044","0201031","0201031","0201037","0201037"]	["0201039","0201044","0201031","0201031","0201037","0201043"]	["0201034","0201034","0201039","0201044","0201031","0201037"]	["0201035","0201041","0201046","0201033","0201039","0201043"]	[]	0		vdraw	A	30	2	5
0106074	9006026	[1,1,1,1,1,1.5,1.5,1.5]	[1,1,1,1,1,1.5,1.5,2]	[1,1,1,1,1,1.5,2,2]	[1,1,1,1,1,2,2,2]	[1,1,1,1,1,3,3,3]	240000	{"1":1200000,"2":3600,"3":6000,"4":3000}	9106026	0	0601030	UI_CH00HA74	CH00HA74	1	[0,0,0,0,0,13,13,9]	1	[1,1,1,1,1,1]	[2,2,1,1,1,1]	[3,2,1,1,1,1]	[4,4,3,2,1,1]	[5,5,4,3,3,1]	[6,6,5,3,2,1]	["0201031","0201037","0201043","0201031","0201037","0201043"]	["0201044","0201044","0201031","0201031","0201037","0201037"]	["0201039","0201044","0201031","0201031","0201037","0201043"]	["0201034","0201034","0201039","0201044","0201031","0201037"]	["0201035","0201041","0201046","0201033","0201039","0201043"]	["0201042","0201048","0201035","0201033","0201038","0201043"]	0		none	S	40	2	10
0106075	9006027	[1,1,1,1,1,1.5,1.5,1.5]	[1,1,1,1,1,1.5,1.5,2]	[1,1,1,1,1,1.5,2,2]	[1,1,1,1,1,2,2,2]	[1,1,1,1,1,3,3,3]	240000	{"1":1200000,"2":3600,"3":6000,"4":3000}	9106027	0	0601028	UI_CH00HA75	CH00HA75	1	[0,0,0,0,0,8,15,12]	0	[1,1,1,1,1,1]	[2,2,1,1,1,1]	[3,2,1,1,1,1]	[4,4,3,2,1,1]	[5,5,4,3,3,1]	[6,6,5,3,2,1]	["0201031","0201037","0201043","0201031","0201037","0201043"]	["0201044","0201044","0201031","0201031","0201037","0201037"]	["0201039","0201044","0201031","0201031","0201037","0201043"]	["0201034","0201034","0201039","0201044","0201031","0201037"]	["0201035","0201041","0201046","0201033","0201039","0201043"]	["0201042","0201048","0201035","0201033","0201038","0201043"]	0		v2draw	S	40	2	10
0106076	9006028	[1,1,1,1,1,1.5,1.5,1.5]	[1,1,1,1,1,1.5,1.5,2]	[1,1,1,1,1,1.5,2,2]	[1,1,1,1,1,2,2,2]	[1,1,1,1,1,3,3,3]	240000	{"1":1200000,"2":3600,"3":6000,"4":3000}	9106028	0	0601032	UI_CH00HA76	CH00HA76	1	[0,0,0,0,0,5,20,5]	0	[1,1,1,1,1,1]	[2,2,1,1,1,1]	[3,2,1,1,1,1]	[4,4,3,2,1,1]	[5,5,4,3,3,1]	[6,6,5,3,2,1]	["0201031","0201037","0201043","0201031","0201037","0201043"]	["0201044","0201044","0201031","0201031","0201037","0201037"]	["0201039","0201044","0201031","0201031","0201037","0201043"]	["0201034","0201034","0201039","0201044","0201031","0201037"]	["0201035","0201041","0201046","0201033","0201039","0201043"]	["0201042","0201048","0201035","0201033","0201038","0201043"]	0		vdraw	S	30	2	10
0106077	9006029	[1,1,1,1,1,1.2,1.2,1.2]	[1,1,1,1,1,1.2,1.2,2]	[1,1,1,1,1,1.2,2,2]	[1,1,1,1,1,2,2,2]	[1,1,1,1,1,3,3,3]	240000	{"1":1200000,"2":3600,"3":6000,"4":3000}	9106029	0	0601035	UI_CH00HA77	CH00HA77	1	[0,0,0,0,0,5,15,15]	0	[1,1,1,1,1,1]	[2,2,1,1,1,1]	[3,2,1,1,1,1]	[4,4,3,2,1,1]	[5,5,4,3,3,1]	[6,6,5,3,2,1]	["0201031","0201037","0201043","0201031","0201037","0201043"]	["0201044","0201044","0201031","0201031","0201037","0201037"]	["0201039","0201044","0201031","0201031","0201037","0201043"]	["0201034","0201034","0201039","0201044","0201031","0201037"]	["0201035","0201041","0201046","0201033","0201039","0201043"]	["0201042","0201048","0201035","0201033","0201038","0201043"]	0		v2draw	S	40	2	10
0106078	9006030	[1,1,1,1,1,1.5,1.5,1.5]	[1,1,1,1,1,1.5,1.5,2]	[1,1,1,1,1,1.5,2,2]	[1,1,1,1,1,2,2,2]	[1,1,1,1,1,3,3,3]	240000	{"1":1200000,"2":3600,"3":6000,"4":3000}	9106030	0	0601036	UI_CH00HA78	CH00HA78	1	[0,0,0,0,0,15,10,10]	0	[1,1,1,1,1,1]	[2,2,1,1,1,1]	[3,2,1,1,1,1]	[4,4,3,2,1,1]	[5,5,4,3,3,1]	[6,6,5,3,2,1]	["0201031","0201037","0201043","0201031","0201037","0201043"]	["0201044","0201044","0201031","0201031","0201037","0201037"]	["0201039","0201044","0201031","0201031","0201037","0201043"]	["0201034","0201034","0201039","0201044","0201031","0201037"]	["0201035","0201041","0201046","0201033","0201039","0201043"]	["0201042","0201048","0201035","0201033","0201038","0201043"]	0		vdraw	S	40	2	10
0106079	9006031	[1,1,1,1,1,1.2,1.2,1.2]	[1,1,1,1,1,1.2,1.2,2]	[1,1,1,1,1,1.2,2,2]	[1,1,1,1,1,2,2,2]	[1,1,1,1,1,3,3,3]	160000	{"1":600000,"2":1600,"3":4000,"4":2000}	9106031	0	0601037	UI_CH00HA79	CH00HA79	1	[0,0,0,0,0,15,15,0]	0	[1,1,1,1,1,1]	[2,2,1,1,1,1]	[3,2,1,1,1,1]	[4,4,3,2,1,1]	[5,5,4,3,3,1]	[6,6,5,3,2,1]	["0201031","0201037","0201043","0201031","0201037","0201043"]	["0201044","0201044","0201031","0201031","0201037","0201037"]	["0201039","0201044","0201031","0201031","0201037","0201043"]	["0201034","0201034","0201039","0201044","0201031","0201037"]	["0201035","0201041","0201046","0201033","0201039","0201043"]	[]	0		vdraw	A	30	2	5
0106080	9006032	[1,1,1,1,1,1.5,1.5,1.5]	[1,1,1,1,1,1.5,1.5,2]	[1,1,1,1,1,1.5,2,2]	[1,1,1,1,1,2,2,2]	[1,1,1,1,1,3,3,3]	240000	{"1":1200000,"2":3600,"3":6000,"4":3000}	9106032	0	0601038	UI_CH00HA80	CH00HA80	1	[0,0,0,0,0,3,2,25]	0	[1,1,1,1,1,1]	[2,2,1,1,1,1]	[3,2,1,1,1,1]	[4,4,3,2,1,1]	[5,5,4,3,3,1]	[6,6,5,3,2,1]	["0201031","0201031","0201037","0201037","0201043","0201043"]	["0201044","0201044","0201031","0201031","0201037","0201037"]	["0201045","0201044","0201031","0201031","0201037","0201037"]	["0201046","0201046","0201033","0201032","0201037","0201037"]	["0201041","0201041","0201034","0201033","0201045","0201043"]	["0201036","0201036","0201047","0201045","0201038","0201037"]	0		none	S	40	2	10
0106081	9006033	[1,1,1,1,1,1.5,1.5,1.5]	[1,1,1,1,1,1.5,1.5,2]	[1,1,1,1,1,1.5,2,2]	[1,1,1,1,1,2,2,2]	[1,1,1,1,1,3,3,3]	240000	{"1":1200000,"2":3600,"3":6000,"4":3000}	9106033	0	0601040	UI_CH00HA81	CH00HA81	1	[0,0,0,0,0,6,12,12]	0	[1,1,1,1,1,1]	[2,2,1,1,1,1]	[3,2,1,1,1,1]	[4,4,3,2,1,1]	[5,5,4,3,3,1]	[6,6,5,3,2,1]	["0201031","0201037","0201043","0201031","0201037","0201043"]	["0201044","0201044","0201031","0201031","0201037","0201037"]	["0201039","0201044","0201031","0201031","0201037","0201043"]	["0201034","0201034","0201039","0201044","0201031","0201037"]	["0201035","0201041","0201046","0201033","0201039","0201043"]	["0201042","0201048","0201035","0201033","0201038","0201043"]	0		drop	S	30	2	10
0106082	9006034	[1,1,1,1,1,1.5,1.5,1.5]	[1,1,1,1,1,1.5,1.5,2]	[1,1,1,1,1,1.5,2,2]	[1,1,1,1,1,2,2,2]	[1,1,1,1,1,3,3,3]	240000	{"1":1200000,"2":3600,"3":6000,"4":3000}	9106034	0	0601042	UI_CH00HA82	CH00HA82	1	[0,0,0,0,0,15,8,7]	0	[1,1,1,1,1,1]	[2,2,1,1,1,1]	[3,2,1,1,1,1]	[4,4,3,2,1,1]	[5,5,4,3,3,1]	[6,6,5,3,2,1]	["0201031","0201037","0201043","0201031","0201037","0201043"]	["0201044","0201044","0201031","0201031","0201037","0201037"]	["0201039","0201044","0201031","0201031","0201037","0201043"]	["0201034","0201034","0201039","0201044","0201031","0201037"]	["0201035","0201041","0201046","0201033","0201039","0201043"]	["0201042","0201048","0201035","0201033","0201038","0201043"]	0		none	S	30	2	10
0106083	9006035	[1,1,1,1,1,1.5,1.5,1.5]	[1,1,1,1,1,1.5,1.5,2]	[1,1,1,1,1,1.5,2,2]	[1,1,1,1,1,2,2,2]	[1,1,1,1,1,3,3,3]	240000	{"1":1200000,"2":3600,"3":6000,"4":3000}	9106035	0	0601043	UI_CH00HA83	CH00HA83	1	[0,0,0,10,10,0,10,0]	0	[1,1,1,1,1,1]	[2,2,1,1,1,1]	[3,2,1,1,1,1]	[4,4,3,2,1,1]	[5,5,4,3,3,1]	[6,6,5,3,2,1]	["0201031","0201037","0201043","0201031","0201037","0201043"]	["0201044","0201044","0201031","0201031","0201037","0201037"]	["0201039","0201044","0201031","0201031","0201037","0201043"]	["0201034","0201034","0201039","0201044","0201031","0201037"]	["0201035","0201041","0201046","0201033","0201039","0201043"]	["0201042","0201048","0201035","0201033","0201038","0201043"]	0		v2draw	S	40	2	10
0106084	9006036	[1,1,1,1,1,1.5,1.5,1.5]	[1,1,1,1,1,1.5,1.5,2]	[1,1,1,1,1,1.5,2,2]	[1,1,1,1,1,2,2,2]	[1,1,1,1,1,3,3,3]	240000	{"1":1200000,"2":3600,"3":6000,"4":3000}	9106036	0	0601044	UI_CH00HA84	CH00HA84	1	[5,5,5,0,0,0,10,10]	0	[1,1,1,1,1,1]	[2,2,1,1,1,1]	[3,2,1,1,1,1]	[4,4,3,2,1,1]	[5,5,4,3,3,1]	[6,6,5,3,2,1]	["0201031","0201037","0201043","0201031","0201037","0201043"]	["0201044","0201044","0201031","0201031","0201037","0201037"]	["0201039","0201044","0201031","0201031","0201037","0201043"]	["0201034","0201034","0201039","0201044","0201031","0201037"]	["0201035","0201041","0201046","0201033","0201039","0201043"]	["0201042","0201048","0201035","0201033","0201038","0201043"]	0		vdraw	S	40	2	10
0106085	9006037	[1,1,1,1,1,1.5,1.5,1.5]	[1,1,1,1,1,1.5,1.5,2]	[1,1,1,1,1,1.5,2,2]	[1,1,1,1,1,2,2,2]	[1,1,1,1,1,3,3,3]	240000	{"1":1200000,"2":3600,"3":6000,"4":3000}	9106037	0	0601045	UI_CH00HA85	CH00HA85	1	[0,10,0,10,0,10,0,0]	0	[1,1,1,1,1,1]	[2,2,1,1,1,1]	[3,2,1,1,1,1]	[4,4,3,2,1,1]	[5,5,4,3,3,1]	[6,6,5,3,2,1]	["0201031","0201037","0201043","0201031","0201037","0201043"]	["0201044","0201044","0201031","0201031","0201037","0201037"]	["0201039","0201044","0201031","0201031","0201037","0201043"]	["0201034","0201034","0201039","0201044","0201031","0201037"]	["0201035","0201041","0201046","0201033","0201039","0201043"]	["0201042","0201048","0201035","0201033","0201038","0201043"]	0		vdraw	S	40	2	10
0106086	9006038	[1,1,1,1,1,1.5,1.5,1.5]	[1,1,1,1,1,1.5,1.5,2]	[1,1,1,1,1,1.5,2,2]	[1,1,1,1,1,2,2,2]	[1,1,1,1,1,3,3,3]	240000	{"1":1200000,"2":3600,"3":6000,"4":3000}	9106038	0	0601046	UI_CH00HA86	CH00HA86	1	[0,0,10,0,10,0,10,0]	0	[1,1,1,1,1,1]	[2,2,1,1,1,1]	[3,2,1,1,1,1]	[4,4,3,2,1,1]	[5,5,4,3,3,1]	[6,6,5,3,2,1]	["0201031","0201037","0201043","0201031","0201037","0201043"]	["0201044","0201044","0201031","0201031","0201037","0201037"]	["0201039","0201044","0201031","0201031","0201037","0201043"]	["0201034","0201034","0201039","0201044","0201031","0201037"]	["0201035","0201041","0201046","0201033","0201039","0201043"]	["0201042","0201048","0201035","0201033","0201038","0201043"]	0		v2draw	S	40	2	10
0106087	9006039	[1,1,1,1,1,1.2,1.2,1.2]	[1,1,1,1,1,1.2,1.2,2]	[1,1,1,1,1,1.2,2,2]	[1,1,1,1,1,2,2,2]	[1,1,1,1,1,3,3,3]	160000	{"1":600000,"2":1600,"3":4000,"4":2000}	9106039	0	0601048	UI_CH00HA87	CH00HA87	1	[0,10,0,0,0,10,5,15]	0	[1,1,1,1,1,1]	[2,2,1,1,1,1]	[3,2,1,1,1,1]	[4,4,3,2,1,1]	[5,5,4,3,3,1]	[6,6,5,3,2,1]	["0201031","0201037","0201043","0201031","0201037","0201043"]	["0201044","0201044","0201031","0201031","0201037","0201037"]	["0201039","0201044","0201031","0201031","0201037","0201043"]	["0201034","0201034","0201039","0201044","0201031","0201037"]	["0201035","0201041","0201046","0201033","0201039","0201043"]	["0201042","0201048","0201035","0201033","0201038","0201043"]	0		v2draw	S	40	2	10
0106088	9006040	[1,1,1,1,1,1.5,1.5,1.5]	[1,1,1,1,1,1.5,1.5,2]	[1,1,1,1,1,1.5,2,2]	[1,1,1,1,1,2,2,2]	[1,1,1,1,1,3,3,3]	240000	{"1":1200000,"2":3600,"3":6000,"4":3000}	9106040	0	0601049	UI_CH00HA88	CH00HA88	1	[0,10,0,0,0,8,8,9]	0	[1,1,1,1,1,1]	[2,2,1,1,1,1]	[3,2,1,1,1,1]	[4,4,3,2,1,1]	[5,5,4,3,3,1]	[6,6,5,3,2,1]	["0201031","0201037","0201043","0201031","0201037","0201043"]	["0201044","0201044","0201031","0201031","0201037","0201037"]	["0201039","0201044","0201031","0201031","0201037","0201043"]	["0201034","0201034","0201039","0201044","0201031","0201037"]	["0201035","0201041","0201046","0201033","0201039","0201043"]	["0201042","0201048","0201035","0201033","0201038","0201043"]	0		pvp	S	40	2	10
0106089	9006041	[1,1,1,1,1,1.5,1.5,1.5]	[1,1,1,1,1,1.5,1.5,2]	[1,1,1,1,1,1.5,2,2]	[1,1,1,1,1,2,2,2]	[1,1,1,1,1,3,3,3]	240000	{"1":1200000,"2":3600,"3":6000,"4":3000}	9106041	0	0601050	UI_CH00HA89	CH00HA89	1	[10,0,0,0,0,6,8,6]	0	[1,1,1,1,1,1]	[2,2,1,1,1,1]	[3,2,1,1,1,1]	[4,4,3,2,1,1]	[5,5,4,3,3,1]	[6,6,5,3,2,1]	["0201031","0201037","0201043","0201031","0201037","0201043"]	["0201044","0201044","0201031","0201031","0201037","0201037"]	["0201039","0201044","0201031","0201031","0201037","0201043"]	["0201034","0201034","0201039","0201044","0201031","0201037"]	["0201035","0201041","0201046","0201033","0201039","0201043"]	["0201042","0201048","0201035","0201033","0201038","0201043"]	0		vdraw	S	30	2	10
0106090	9006042	[1,1,1,1,1,1.5,1.5,1.5]	[1,1,1,1,1,1.5,1.5,2]	[1,1,1,1,1,1.5,2,2]	[1,1,1,1,1,2,2,2]	[1,1,1,1,1,3,3,3]	240000	{"1":1200000,"2":3600,"3":6000,"4":3000}	9106042	0	0601051	UI_CH00HA90	CH00HA90	1	[0,0,0,0,0,15,5,5]	0	[1,1,1,1,1,1]	[2,2,1,1,1,1]	[3,2,1,1,1,1]	[4,4,3,2,1,1]	[5,5,4,3,3,1]	[6,6,5,3,2,1]	["0201031","0201037","0201043","0201031","0201037","0201043"]	["0201044","0201044","0201031","0201031","0201037","0201037"]	["0201039","0201044","0201031","0201031","0201037","0201043"]	["0201034","0201034","0201039","0201044","0201031","0201037"]	["0201035","0201041","0201046","0201033","0201039","0201043"]	["0201042","0201048","0201035","0201033","0201038","0201043"]	0		v2draw	S	40	2	10
0106091	9006043	[1,1,1,1,1,1.5,1.5,1.5]	[1,1,1,1,1,1.5,1.5,2]	[1,1,1,1,1,1.5,2,2]	[1,1,1,1,1,2,2,2]	[1,1,1,1,1,3,3,3]	240000	{"1":1200000,"2":3600,"3":6000,"4":3000}	9106043	0	0601052	UI_CH00HA91	CH00HA91	1	[5,5,5,0,5,5,5,5]	0	[1,1,1,1,1,1]	[2,2,1,1,1,1]	[3,2,1,1,1,1]	[4,4,3,2,1,1]	[5,5,4,3,3,1]	[6,6,5,3,2,1]	["0201031","0201037","0201043","0201031","0201037","0201043"]	["0201044","0201044","0201031","0201031","0201037","0201037"]	["0201039","0201044","0201031","0201031","0201037","0201043"]	["0201034","0201034","0201039","0201044","0201031","0201037"]	["0201035","0201041","0201046","0201033","0201039","0201043"]	["0201042","0201048","0201035","0201033","0201038","0201043"]	0		v2draw	S	40	2	10
0106092	9006044	[1,1,1,1,1,1.5,1.5,1.5]	[1,1,1,1,1,1.5,1.5,2]	[1,1,1,1,1,1.5,2,2]	[1,1,1,1,1,2,2,2]	[1,1,1,1,1,3,3,3]	240000	{"1":1200000,"2":3600,"3":6000,"4":3000}	9106044	0	0601053	UI_CH00HA92	CH00HA92	1	[0,0,0,0,0,9,13,13]	0	[1,1,1,1,1,1]	[2,2,1,1,1,1]	[3,2,1,1,1,1]	[4,4,3,2,1,1]	[5,5,4,3,3,1]	[6,6,5,3,2,1]	["0201031","0201037","0201043","0201031","0201037","0201043"]	["0201044","0201044","0201031","0201031","0201037","0201037"]	["0201039","0201044","0201031","0201031","0201037","0201043"]	["0201034","0201034","0201039","0201044","0201031","0201037"]	["0201035","0201041","0201046","0201033","0201039","0201043"]	["0201042","0201048","0201035","0201033","0201038","0201043"]	0		none	S	40	2	10
0106093	9006045	[1,1,1,1,1,1.5,1.5,1.5]	[1,1,1,1,1,1.5,1.5,2]	[1,1,1,1,1,1.5,2,2]	[1,1,1,1,1,2,2,2]	[1,1,1,1,1,3,3,3]	240000	{"1":1200000,"2":3600,"3":6000,"4":3000}	9106045	0	0601054	UI_CH00HA93	CH00HA93	1	[0,10,10,0,0,0,10,0]	0	[1,1,1,1,1,1]	[2,2,1,1,1,1]	[3,2,1,1,1,1]	[4,4,3,2,1,1]	[5,5,4,3,3,1]	[6,6,5,3,2,1]	["0201031","0201037","0201043","0201031","0201037","0201043"]	["0201044","0201044","0201031","0201031","0201037","0201037"]	["0201039","0201044","0201031","0201031","0201037","0201043"]	["0201034","0201034","0201039","0201044","0201031","0201037"]	["0201035","0201041","0201046","0201033","0201039","0201043"]	["0201042","0201048","0201035","0201033","0201038","0201043"]	0		none	S	30	2	10
0106094	9006046	[1,1,1,1,1,1.5,1.5,1.5]	[1,1,1,1,1,1.5,1.5,2]	[1,1,1,1,1,1.5,2,2]	[1,1,1,1,1,2,2,2]	[1,1,1,1,1,3,3,3]	240000	{"1":1200000,"2":3600,"3":6000,"4":3000}	9106046	0		UI_CH00HA94	CH00HA94	1	[0,0,0,0,0,0,0,0]	1	[1,1,1,1,1,1]	[2,2,1,1,1,1]	[3,2,1,1,1,1]	[4,4,3,2,1,1]	[5,5,4,3,3,1]	[6,6,5,3,2,1]	["0201031","0201037","0201043","0201031","0201037","0201043"]	["0201044","0201044","0201031","0201031","0201037","0201037"]	["0201039","0201044","0201031","0201031","0201037","0201043"]	["0201034","0201034","0201039","0201044","0201031","0201037"]	["0201035","0201041","0201046","0201033","0201039","0201043"]	["0201042","0201048","0201035","0201033","0201038","0201043"]	0		none	S	40	2	10
0106095	9006047	[1,1,1,1,1,1.5,1.5,1.5]	[1,1,1,1,1,1.5,1.5,2]	[1,1,1,1,1,1.5,2,2]	[1,1,1,1,1,2,2,2]	[1,1,1,1,1,3,3,3]	240000	{"1":1200000,"2":3600,"3":6000,"4":3000}	9106047	0		UI_CH00HA95	CH00HA95	1	[0,0,0,0,0,0,0,0]	1	[1,1,1,1,1,1]	[2,2,1,1,1,1]	[3,2,1,1,1,1]	[4,4,3,2,1,1]	[5,5,4,3,3,1]	[6,6,5,3,2,1]	["0201031","0201037","0201043","0201031","0201037","0201043"]	["0201044","0201044","0201031","0201031","0201037","0201037"]	["0201039","0201044","0201031","0201031","0201037","0201043"]	["0201034","0201034","0201039","0201044","0201031","0201037"]	["0201035","0201041","0201046","0201033","0201039","0201043"]	["0201042","0201048","0201035","0201033","0201038","0201043"]	0		none	S	40	2	10
0106096	9006048	[1,1,1,1,1,1.5,1.5,1.5]	[1,1,1,1,1,1.5,1.5,2]	[1,1,1,1,1,1.5,2,2]	[1,1,1,1,1,2,2,2]	[1,1,1,1,1,3,3,3]	240000	{"1":1200000,"2":3600,"3":6000,"4":3000}	9106048	0		UI_CH00HA96	CH00HA96	1	[0,0,0,0,0,0,0,0]	1	[1,1,1,1,1,1]	[2,2,1,1,1,1]	[3,2,1,1,1,1]	[4,4,3,2,1,1]	[5,5,4,3,3,1]	[6,6,5,3,2,1]	["0201031","0201037","0201043","0201031","0201037","0201043"]	["0201044","0201044","0201031","0201031","0201037","0201037"]	["0201039","0201044","0201031","0201031","0201037","0201043"]	["0201034","0201034","0201039","0201044","0201031","0201037"]	["0201035","0201041","0201046","0201033","0201039","0201043"]	["0201042","0201048","0201035","0201033","0201038","0201043"]	0		none	S	40	2	10
0106097	9006049	[1,1,1,1,1,1.5,1.5,1.5]	[1,1,1,1,1,1.5,1.5,2]	[1,1,1,1,1,1.5,2,2]	[1,1,1,1,1,2,2,2]	[1,1,1,1,1,3,3,3]	240000	{"1":1200000,"2":3600,"3":6000,"4":3000}	9106049	0	0601061	UI_CH00HA97	CH00HA97	1	[0,0,0,0,0,0,0,0]	0	[1,1,1,1,1,1]	[2,2,1,1,1,1]	[3,2,1,1,1,1]	[4,4,3,2,1,1]	[5,5,4,3,3,1]	[6,6,5,3,2,1]	["0201031","0201037","0201043","0201031","0201037","0201043"]	["0201044","0201044","0201031","0201031","0201037","0201037"]	["0201039","0201044","0201031","0201031","0201037","0201043"]	["0201034","0201034","0201039","0201044","0201031","0201037"]	["0201035","0201041","0201046","0201033","0201039","0201043"]	["0201042","0201048","0201035","0201033","0201038","0201043"]	0		none	S	40	2	10
0106098	9006050	[1,1,1,1,1,1.5,1.5,1.5]	[1,1,1,1,1,1.5,1.5,2]	[1,1,1,1,1,1.5,2,2]	[1,1,1,1,1,2,2,2]	[1,1,1,1,1,3,3,3]	240000	{"1":1200000,"2":3600,"3":6000,"4":3000}	9106050	0	0601063	UI_CH00HA98	CH00HA98	1	[0,0,0,0,0,0,0,0]	0	[1,1,1,1,1,1]	[2,2,1,1,1,1]	[3,2,1,1,1,1]	[4,4,3,2,1,1]	[5,5,4,3,3,1]	[6,6,5,3,2,1]	["0201031","0201037","0201043","0201031","0201037","0201043"]	["0201044","0201044","0201031","0201031","0201037","0201037"]	["0201039","0201044","0201031","0201031","0201037","0201043"]	["0201034","0201034","0201039","0201044","0201031","0201037"]	["0201035","0201041","0201046","0201033","0201039","0201043"]	["0201042","0201048","0201035","0201033","0201038","0201043"]	0		none	S	40	2	10
0106099	9006051	[1,1,1,1,1,1.5,1.5,1.5]	[1,1,1,1,1,1.5,1.5,2]	[1,1,1,1,1,1.5,2,2]	[1,1,1,1,1,2,2,2]	[1,1,1,1,1,3,3,3]	240000	{"1":1200000,"2":3600,"3":6000,"4":3000}	9106051	0	0601064	UI_CH00HA99	CH00HA99	1	[0,0,0,0,0,0,0,0]	0	[1,1,1,1,1,1]	[2,2,1,1,1,1]	[3,2,1,1,1,1]	[4,4,3,2,1,1]	[5,5,4,3,3,1]	[6,6,5,3,2,1]	["0201031","0201037","0201043","0201031","0201037","0201043"]	["0201044","0201044","0201031","0201031","0201037","0201037"]	["0201039","0201044","0201031","0201031","0201037","0201043"]	["0201034","0201034","0201039","0201044","0201031","0201037"]	["0201035","0201041","0201046","0201033","0201039","0201043"]	["0201042","0201048","0201035","0201033","0201038","0201043"]	0		none	S	40	2	10
0106100	9006052	[1,1,1,1,1,1.5,1.5,1.5]	[1,1,1,1,1,1.5,1.5,2]	[1,1,1,1,1,1.5,2,2]	[1,1,1,1,1,2,2,2]	[1,1,1,1,1,3,3,3]	240000	{"1":1200000,"2":3600,"3":6000,"4":3000}	9106052	0	0601065	UI_CH00HA100	CH00HA100	1	[0,0,0,0,0,0,0,0]	0	[1,1,1,1,1,1]	[2,2,1,1,1,1]	[3,2,1,1,1,1]	[4,4,3,2,1,1]	[5,5,4,3,3,1]	[6,6,5,3,2,1]	["0201031","0201037","0201043","0201031","0201037","0201043"]	["0201044","0201044","0201031","0201031","0201037","0201037"]	["0201039","0201044","0201031","0201031","0201037","0201043"]	["0201034","0201034","0201039","0201044","0201031","0201037"]	["0201035","0201041","0201046","0201033","0201039","0201043"]	["0201042","0201048","0201035","0201033","0201038","0201043"]	0		none	S	40	2	10
0106101	9006053	[1,1,1,1,1,1.5,1.5,1.5]	[1,1,1,1,1,1.5,1.5,2]	[1,1,1,1,1,1.5,2,2]	[1,1,1,1,1,2,2,2]	[1,1,1,1,1,3,3,3]	240000	{"1":1200000,"2":3600,"3":6000,"4":3000}	9106053	0	0601066	UI_CH00HA101	CH00HA101	1	[0,0,0,0,0,0,0,0]	0	[1,1,1,1,1,1]	[2,2,1,1,1,1]	[3,2,1,1,1,1]	[4,4,3,2,1,1]	[5,5,4,3,3,1]	[6,6,5,3,2,1]	["0201031","0201037","0201043","0201031","0201037","0201043"]	["0201044","0201044","0201031","0201031","0201037","0201037"]	["0201039","0201044","0201031","0201031","0201037","0201043"]	["0201034","0201034","0201039","0201044","0201031","0201037"]	["0201035","0201041","0201046","0201033","0201039","0201043"]	["0201042","0201048","0201035","0201033","0201038","0201043"]	0		none	S	40	2	10
0106651	9006651	[1,1,1,1,1,1.2,1.2,1.2]	[1,1,1,1,1,1.2,1.2,2]	[1,1,1,1,1,1.2,2,2]	[1,1,1,1,1,2,2,2]	[1,1,1,1,1,3,3,3]	160000	{"1":600000,"2":1600,"3":4000,"4":2000}	9106003	0	0601067	UI_CH00HA651	CH00HA651	1	[0,0,0,0,0,18,10,7]	0	[1,1,1,1,1,1]	[2,2,1,1,1,1]	[3,2,1,1,1,1]	[4,4,3,2,1,1]	[5,5,4,3,3,1]	[6,6,5,3,2,1]	["0201031","0201037","0201043","0201031","0201037","0201043"]	["0201044","0201044","0201031","0201031","0201037","0201037"]	["0201039","0201044","0201031","0201031","0201037","0201043"]	["0201034","0201034","0201039","0201044","0201031","0201037"]	["0201035","0201041","0201046","0201033","0201039","0201043"]	[]	0		none	A	30	2	5
0106654	9006654	[1,1,1,1,1,1.2,1.2,1.2]	[1,1,1,1,1,1.2,1.2,2]	[1,1,1,1,1,1.2,2,2]	[1,1,1,1,1,2,2,2]	[1,1,1,1,1,3,3,3]	160000	{"1":600000,"2":1600,"3":4000,"4":2000}	9106006	0	0601068	UI_CH00HA654	CH00HA654	1	[0,0,10,0,0,0,5,15]	0	[1,1,1,1,1,1]	[2,2,1,1,1,1]	[3,2,1,1,1,1]	[4,4,3,2,1,1]	[5,5,4,3,3,1]	[6,6,5,3,2,1]	["0201031","0201037","0201043","0201031","0201037","0201043"]	["0201044","0201044","0201031","0201031","0201037","0201037"]	["0201039","0201044","0201031","0201031","0201037","0201043"]	["0201034","0201034","0201039","0201044","0201031","0201037"]	[]	[]	0		drop	B	20	1	3
0106658	9006658	[1,1,1,1,1,1.5,1.5,1.5]	[1,1,1,1,1,1.5,1.5,2]	[1,1,1,1,1,1.5,2,2]	[1,1,1,1,1,2,2,2]	[1,1,1,1,1,3,3,3]	240000	{"1":1200000,"2":3600,"3":6000,"4":3000}	9106010	0	0601069	UI_CH00HA658	CH00HA658	1	[0,0,0,0,0,20,10,5]	0	[1,1,1,1,1,1]	[2,2,1,1,1,1]	[3,2,1,1,1,1]	[4,4,3,2,1,1]	[5,5,4,3,3,1]	[6,6,5,3,2,1]	["0201031","0201037","0201043","0201031","0201037","0201043"]	["0201044","0201044","0201031","0201031","0201037","0201037"]	["0201039","0201044","0201031","0201031","0201037","0201043"]	["0201034","0201034","0201039","0201044","0201031","0201037"]	["0201035","0201041","0201046","0201033","0201039","0201043"]	["0201042","0201048","0201035","0201033","0201038","0201043"]	0		drop	S	40	2	10
0106660	9006660	[1,1,1,1,1,1.2,1.2,1.2]	[1,1,1,1,1,1.2,1.2,2]	[1,1,1,1,1,1.2,2,2]	[1,1,1,1,1,2,2,2]	[1,1,1,1,1,3,3,3]	160000	{"1":600000,"2":1600,"3":4000,"4":2000}	9106012	0	0601070	UI_CH00HA660	CH00HA660	1	[0,0,0,0,0,5,15,10]	0	[1,1,1,1,1,1]	[2,2,1,1,1,1]	[3,2,1,1,1,1]	[4,4,3,2,1,1]	[5,5,4,3,3,1]	[6,6,5,3,2,1]	["0201031","0201037","0201043","0201031","0201037","0201043"]	["0201044","0201044","0201031","0201031","0201037","0201037"]	["0201039","0201044","0201031","0201031","0201037","0201043"]	["0201034","0201034","0201039","0201044","0201031","0201037"]	[]	[]	0		drop	B	20	1	3
0106664	9006664	[1,1,1,1,1,1.5,1.5,1.5]	[1,1,1,1,1,1.5,1.5,2]	[1,1,1,1,1,1.5,2,2]	[1,1,1,1,1,2,2,2]	[1,1,1,1,1,3,3,3]	240000	{"1":1200000,"2":3600,"3":6000,"4":3000}	9106016	0	0601071	UI_CH00HA664	CH00HA664	1	[0,0,0,0,0,10,10,15]	0	[1,1,1,1,1,1]	[2,2,1,1,1,1]	[3,2,1,1,1,1]	[4,4,3,2,1,1]	[5,5,4,3,3,1]	[6,6,5,3,2,1]	["0201031","0201037","0201043","0201031","0201037","0201043"]	["0201044","0201044","0201031","0201031","0201037","0201037"]	["0201039","0201044","0201031","0201031","0201037","0201043"]	["0201034","0201034","0201039","0201044","0201031","0201037"]	["0201035","0201041","0201046","0201033","0201039","0201043"]	["0201042","0201048","0201035","0201033","0201038","0201043"]	0		none	S	40	2	10
0106680	9006680	[1,1,1,1,1,1.5,1.5,1.5]	[1,1,1,1,1,1.5,1.5,2]	[1,1,1,1,1,1.5,2,2]	[1,1,1,1,1,2,2,2]	[1,1,1,1,1,3,3,3]	240000	{"1":1200000,"2":3600,"3":6000,"4":3000}	9106032	0		UI_CH00HA680	CH00HA680	1	[0,0,0,0,0,3,2,25]	0	[1,1,1,1,1,1]	[2,2,1,1,1,1]	[3,2,1,1,1,1]	[4,4,3,2,1,1]	[5,5,4,3,3,1]	[6,6,5,3,2,1]	["0201031","0201031","0201037","0201037","0201043","0201043"]	["0201044","0201044","0201031","0201031","0201037","0201037"]	["0201045","0201044","0201031","0201031","0201037","0201037"]	["0201046","0201046","0201033","0201032","0201037","0201037"]	["0201041","0201041","0201034","0201033","0201045","0201043"]	["0201036","0201036","0201047","0201045","0201038","0201037"]	0		none	S	40	2	10
0106687	9006687	[1,1,1,1,1,1.2,1.2,1.2]	[1,1,1,1,1,1.2,1.2,2]	[1,1,1,1,1,1.2,2,2]	[1,1,1,1,1,2,2,2]	[1,1,1,1,1,3,3,3]	160000	{"1":600000,"2":1600,"3":4000,"4":2000}	9106687	0	0601073	UI_CH00HA687	CH00HA687	1	[0,0,0,0,0,0,0,0]	0	[1,1,1,1,1,1]	[2,2,1,1,1,1]	[3,2,1,1,1,1]	[4,4,3,2,1,1]	[5,5,4,3,3,1]	[6,6,5,3,2,1]	["0201031","0201037","0201043","0201031","0201037","0201043"]	["0201044","0201044","0201031","0201031","0201037","0201037"]	["0201039","0201044","0201031","0201031","0201037","0201043"]	["0201034","0201034","0201039","0201044","0201031","0201037"]	["0201035","0201041","0201046","0201033","0201039","0201043"]	[]	0		none	A	30	2	5
0106668	9006668	[1,1,1,1,1,1.2,1.2,1.2]	[1,1,1,1,1,1.2,1.2,2]	[1,1,1,1,1,1.2,2,2]	[1,1,1,1,1,2,2,2]	[1,1,1,1,1,3,3,3]	160000	{"1":600000,"2":1600,"3":4000,"4":2000}	9106020	0	0601074	UI_CH00HA668	CH00HA668	1	[0,0,0,0,0,15,12,8]	0	[1,1,1,1,1,1]	[2,2,1,1,1,1]	[3,2,1,1,1,1]	[4,4,3,2,1,1]	[5,5,4,3,3,1]	[6,6,5,3,2,1]	["0201031","0201037","0201043","0201031","0201037","0201043"]	["0201044","0201044","0201031","0201031","0201037","0201037"]	["0201039","0201044","0201031","0201031","0201037","0201043"]	["0201034","0201034","0201039","0201044","0201031","0201037"]	["0201035","0201041","0201046","0201033","0201039","0201043"]	[]	0		none	A	30	2	5
0107001	紙袋	[1,1,1,1,1,1.5,1.5,1.5]	[1,1,1,1,1,1.5,1.5,2]	[1,1,1,1,1,1.5,2,2]	[1,1,1,1,1,2,2,2]	[1,1,1,1,1,3,3,3]	240000	{"1":1200000,"2":3600,"3":6000,"4":3000}	9106053	0		UI_CH00C01	CH00C01	1	[0,0,0,0,0,0,0,0]	0	[1,1,1,1,1,1]	[2,2,1,1,1,1]	[3,2,1,1,1,1]	[4,4,3,2,1,1]	[5,5,4,3,3,1]	[6,6,5,3,2,1]	["0201031","0201037","0201043","0201031","0201037","0201043"]	["0201044","0201044","0201031","0201031","0201037","0201037"]	["0201039","0201044","0201031","0201031","0201037","0201043"]	["0201034","0201034","0201039","0201044","0201031","0201037"]	["0201035","0201041","0201046","0201033","0201039","0201043"]	["0201042","0201048","0201035","0201033","0201038","0201043"]	0		none	S	40	2	10
0107002	貓頭	[1,1,1,1,1,1.5,1.5,1.5]	[1,1,1,1,1,1.5,1.5,2]	[1,1,1,1,1,1.5,2,2]	[1,1,1,1,1,2,2,2]	[1,1,1,1,1,3,3,3]	240000	{"1":1200000,"2":3600,"3":6000,"4":3000}	9106053	0		UI_CH00C02	CH00C02	1	[0,0,0,0,0,0,0,0]	0	[1,1,1,1,1,1]	[2,2,1,1,1,1]	[3,2,1,1,1,1]	[4,4,3,2,1,1]	[5,5,4,3,3,1]	[6,6,5,3,2,1]	["0201031","0201037","0201043","0201031","0201037","0201043"]	["0201044","0201044","0201031","0201031","0201037","0201037"]	["0201039","0201044","0201031","0201031","0201037","0201043"]	["0201034","0201034","0201039","0201044","0201031","0201037"]	["0201035","0201041","0201046","0201033","0201039","0201043"]	["0201042","0201048","0201035","0201033","0201038","0201043"]	0		none	S	40	2	10
0107003	安全帽	[1,1,1,1,1,1.5,1.5,1.5]	[1,1,1,1,1,1.5,1.5,2]	[1,1,1,1,1,1.5,2,2]	[1,1,1,1,1,2,2,2]	[1,1,1,1,1,3,3,3]	240000	{"1":1200000,"2":3600,"3":6000,"4":3000}	9106053	0		UI_CH00C03	CH00C03	1	[0,0,0,0,0,0,0,0]	0	[1,1,1,1,1,1]	[2,2,1,1,1,1]	[3,2,1,1,1,1]	[4,4,3,2,1,1]	[5,5,4,3,3,1]	[6,6,5,3,2,1]	["0201031","0201037","0201043","0201031","0201037","0201043"]	["0201044","0201044","0201031","0201031","0201037","0201037"]	["0201039","0201044","0201031","0201031","0201037","0201043"]	["0201034","0201034","0201039","0201044","0201031","0201037"]	["0201035","0201041","0201046","0201033","0201039","0201043"]	["0201042","0201048","0201035","0201033","0201038","0201043"]	0		none	S	40	2	10
0104001	9004001	[1,1,1,1,1,1.5,1,1]	[1,1,1,1,1,2.5,1,1]	[1,1,1,1,1,4,1,1]	[1,1,1,1,1,5,1,1]	[1,1,1,1,1,6,1,1]	240000	{"1":1200000,"2":3600,"3":6000,"4":3000}	9104001	0		UI_CH00A001	CH00A001	1	[0,0,20,0,0,8,0,0]	0	[1,1,1,1,1,1]	[2,2,1,1,1,1]	[3,2,1,1,1,1]	[4,4,3,2,1,1]	[5,5,4,3,3,1]	[6,6,5,3,2,1]	["0201031","0201037","0201043","0201031","0201037","0201043"]	["0201032","0201032","0201037","0201037","0201043","0201043"]	["0201033","0201032","0201037","0201037","0201043","0201043"]	["0201034","0201034","0201039","0201044","0201037","0201043"]	["0201035","0201035","0201040","0201045","0201039","0201043"]	["0201036","0201036","0201041","0201045","0201044","0201037"]	0		none	S	40	2	10
0104002	9004002	[1,1,1,1,1,1,1.5,1]	[1,1,1,1,1,1,2.5,1]	[1,1,1,1,1,1,4,1]	[1,1,1,1,1,1,5,1]	[1,1,1,1,1,1,6,1]	240000	{"1":1200000,"2":3600,"3":6000,"4":3000}	9104002	0		UI_CH00A002	CH00A002	1	[0,20,0,0,0,0,8,0]	0	[1,1,1,1,1,1]	[2,2,1,1,1,1]	[3,2,1,1,1,1]	[4,4,3,2,1,1]	[5,5,4,3,3,1]	[6,6,5,3,2,1]	["0201031","0201037","0201043","0201031","0201037","0201043"]	["0201038","0201038","0201031","0201031","0201043","0201043"]	["0201039","0201038","0201031","0201031","0201043","0201043"]	["0201040","0201040","0201033","0201044","0201043","0201043"]	["0201041","0201041","0201034","0201045","0201045","0201031"]	["0201042","0201042","0201035","0201045","0201044","0201043"]	0		none	S	40	2	10
0104003	9004003	[1,1,1,1,1,1,1,1.5]	[1,1,1,1,1,1,1,2.5]	[1,1,1,1,1,1,1,4]	[1,1,1,1,1,1,1,5]	[1,1,1,1,1,1,1,6]	240000	{"1":1200000,"2":3600,"3":6000,"4":3000}	9104003	0		UI_CH00A003	CH00A003	1	[20,0,0,0,0,0,0,8]	0	[1,1,1,1,1,1]	[2,2,1,1,1,1]	[3,2,1,1,1,1]	[4,4,3,2,1,1]	[5,5,4,3,3,1]	[6,6,5,3,2,1]	["0201031","0201037","0201043","0201031","0201037","0201043"]	["0201044","0201044","0201031","0201031","0201037","0201037"]	["0201045","0201044","0201031","0201031","0201037","0201037"]	["0201046","0201046","0201033","0201038","0201031","0201037"]	["0201047","0201047","0201034","0201039","0201034","0201037"]	["0201048","0201048","0201035","0201039","0201038","0201031"]	0		none	S	40	2	10
0104004	9004004	[1,1,1,1,1,1.5,1.5,1.5]	[1,1,1,1,1,2.5,2.5,2.5]	[1,1,1,1,1,2.5,2.5,3]	[1,1,1,1,1,3,2.5,3]	[1,1,1,1,1,3,3,3]	160000	{"1":600000,"2":1600,"3":4000,"4":2000}	9104004	0		UI_CH00A004	CH00A004	1	[0,0,0,0,0,3,3,3]	0	[1,1,1,1,1,1]	[2,2,1,1,1,1]	[3,2,1,1,1,1]	[4,4,3,2,1,1]	[5,5,4,3,3,1]	[6,6,5,3,2,1]	["0201031","0201037","0201043","0201031","0201037","0201043"]	["0201032","0201038","0201043","0201031","0201037","0201043"]	["0201045","0201038","0201031","0201031","0201037","0201043"]	["0201034","0201040","0201045","0201044","0201037","0201031"]	[]	[]	0		none	B	20	1	3
0104005	9004005	[1,1,1,1,1,1.2,1.2,1.2]	[1,1,1,1,1,1.2,1.2,2]	[1,1,1,1,1,1.2,2,2]	[1,1,1,1,1,2,2,2]	[1,1,1,1,1,3,3,3]	160000	{"1":600000,"2":1600,"3":4000,"4":2000}	9104005	0		UI_CH00A005	CH00A005	1	[5,5,5,0,0,3,3,3]	0	[1,1,1,1,1,1]	[2,2,1,1,1,1]	[3,2,1,1,1,1]	[4,4,3,2,1,1]	[5,5,4,3,3,1]	[6,6,5,3,2,1]	["0201031","0201037","0201043","0201031","0201037","0201043"]	["0201032","0201038","0201043","0201031","0201037","0201043"]	["0201045","0201038","0201031","0201031","0201037","0201043"]	["0201034","0201040","0201045","0201044","0201037","0201031"]	["0201035","0201041","0201046","0201045","0201039","0201031"]	[]	0		none	A	30	2	5
0401001	9009001	[20]	[30]	[40]	[50]	[60]	1000	{"1":12500,"2":100,"3":200,"4":100}	9109001	20		UI_Supply_020	0	1	[]	0	[]	[]	[]	[]	[]	[]	[]	[]	[]	[]	[]	[]	0		drop		6	1	0
0401002	9009002	[30]	[40]	[50]	[60]	[70]	4000	{"1":40000,"2":200,"3":400,"4":200}	9109002	30		UI_Supply_021	0	1	[]	0	[]	[]	[]	[]	[]	[]	[]	[]	[]	[]	[]	[]	0		drop		6	1	0
0401003	9009003	[40]	[50]	[60]	[70]	[80]	9000	{"1":90000,"2":300,"3":1200,"4":600}	9109003	40		UI_Supply_022	0	1	[]	0	[]	[]	[]	[]	[]	[]	[]	[]	[]	[]	[]	[]	0		drop		6	1	0
0401004	9009004	[50]	[60]	[70]	[80]	[90]	16000	{"1":160000,"2":400,"3":1600,"4":800}	9109004	50		UI_Supply_023	0	1	[]	0	[]	[]	[]	[]	[]	[]	[]	[]	[]	[]	[]	[]	0		drop		6	1	0
0401005	9009005	[60]	[70]	[80]	[90]	[100]	36000	{"1":360000,"2":600,"3":2700,"4":1800}	9109005	70		UI_Supply_024	0	1	[]	0	[]	[]	[]	[]	[]	[]	[]	[]	[]	[]	[]	[]	0		none		6	1	0
0402001	9009006	[0.5]	[0.6]	[0.7]	[0.8]	[0.9]	1000	{"1":12500,"2":100,"3":200,"4":100}	9109006	20		UI_Supply_010	0	1	[]	0	[]	[]	[]	[]	[]	[]	[]	[]	[]	[]	[]	[]	0		drop		6	1	0
0402002	9009007	[0.6]	[0.7]	[0.8]	[0.9]	[1]	4000	{"1":40000,"2":200,"3":400,"4":200}	9109007	30		UI_Supply_011	0	1	[]	0	[]	[]	[]	[]	[]	[]	[]	[]	[]	[]	[]	[]	0		drop		6	1	0
0402003	9009008	[0.7]	[0.8]	[0.9]	[1]	[1.1]	9000	{"1":90000,"2":300,"3":1200,"4":600}	9109008	40		UI_Supply_012	0	1	[]	0	[]	[]	[]	[]	[]	[]	[]	[]	[]	[]	[]	[]	0		drop		6	1	0
0402004	9009009	[0.8]	[0.9]	[1]	[1.1]	[1.2]	16000	{"1":160000,"2":400,"3":1600,"4":800}	9109009	50		UI_Supply_013	0	1	[]	0	[]	[]	[]	[]	[]	[]	[]	[]	[]	[]	[]	[]	0		drop		6	1	0
0402005	9009010	[1]	[1.1]	[1.2]	[1.3]	[1.4]	36000	{"1":360000,"2":600,"3":2700,"4":1800}	9109010	70		UI_Supply_014	0	1	[]	0	[]	[]	[]	[]	[]	[]	[]	[]	[]	[]	[]	[]	0		none		6	1	0
0403001	9009011	[20]	[30]	[40]	[50]	[60]	1000	{"1":12500,"2":100,"3":200,"4":100}	9109011	20		UI_Supply_030	0	1	[]	0	[]	[]	[]	[]	[]	[]	[]	[]	[]	[]	[]	[]	0		drop		6	1	0
0403002	9009012	[30]	[40]	[50]	[60]	[70]	4000	{"1":40000,"2":200,"3":400,"4":200}	9109012	30		UI_Supply_031	0	1	[]	0	[]	[]	[]	[]	[]	[]	[]	[]	[]	[]	[]	[]	0		drop		6	1	0
0403003	9009013	[40]	[50]	[60]	[70]	[80]	9000	{"1":90000,"2":300,"3":1200,"4":600}	9109013	40		UI_Supply_032	0	1	[]	0	[]	[]	[]	[]	[]	[]	[]	[]	[]	[]	[]	[]	0		drop		6	1	0
0403004	9009014	[50]	[60]	[70]	[80]	[90]	16000	{"1":160000,"2":400,"3":1600,"4":800}	9109014	50		UI_Supply_033	0	1	[]	0	[]	[]	[]	[]	[]	[]	[]	[]	[]	[]	[]	[]	0		drop		6	1	0
0403005	9009015	[60]	[70]	[80]	[90]	[100]	36000	{"1":360000,"2":600,"3":2700,"4":1800}	9109015	70		UI_Supply_034	0	1	[]	0	[]	[]	[]	[]	[]	[]	[]	[]	[]	[]	[]	[]	0		none		6	1	0
0404001	9009016	[10]	[15]	[20]	[25]	[30]	1000	{"1":12500,"2":100,"3":200,"4":100}	9109016	20		UI_Supply_040	0	1	[]	0	[]	[]	[]	[]	[]	[]	[]	[]	[]	[]	[]	[]	0		pvp		6	1	0
0404002	9009017	[12]	[18]	[25]	[30]	[35]	4000	{"1":40000,"2":200,"3":400,"4":200}	9109017	30		UI_Supply_041	0	1	[]	0	[]	[]	[]	[]	[]	[]	[]	[]	[]	[]	[]	[]	0		pvp		6	1	0
0404003	9009018	[14]	[20]	[27]	[35]	[40]	9000	{"1":90000,"2":300,"3":1200,"4":600}	9109018	40		UI_Supply_042	0	1	[]	0	[]	[]	[]	[]	[]	[]	[]	[]	[]	[]	[]	[]	0		pvp		6	1	0
0404004	9009019	[16]	[23]	[29]	[38]	[45]	16000	{"1":160000,"2":400,"3":1600,"4":800}	9109019	50		UI_Supply_043	0	1	[]	0	[]	[]	[]	[]	[]	[]	[]	[]	[]	[]	[]	[]	0		pvp		6	1	0
0404005	9009020	[20]	[25]	[30]	[40]	[50]	36000	{"1":360000,"2":600,"3":2700,"4":1800}	9109020	70		UI_Supply_044	0	1	[]	0	[]	[]	[]	[]	[]	[]	[]	[]	[]	[]	[]	[]	0		none		6	1	0
0405001	9009021	[50]	[60]	[70]	[80]	[90]	1000	{"1":12500,"2":100,"3":200,"4":100}	9109021	20		UI_Supply_050	0	1	[]	0	[]	[]	[]	[]	[]	[]	[]	[]	[]	[]	[]	[]	0		drop		6	1	0
0405002	9009022	[100]	[120]	[130]	[140]	[150]	4000	{"1":40000,"2":200,"3":400,"4":200}	9109022	30		UI_Supply_051	0	1	[]	0	[]	[]	[]	[]	[]	[]	[]	[]	[]	[]	[]	[]	0		drop		6	1	0
0405003	9009023	[150]	[180]	[210]	[240]	[270]	9000	{"1":90000,"2":300,"3":1200,"4":600}	9109023	40		UI_Supply_052	0	1	[]	0	[]	[]	[]	[]	[]	[]	[]	[]	[]	[]	[]	[]	0		drop		6	1	0
0405004	9009024	[200]	[250]	[300]	[350]	[400]	16000	{"1":160000,"2":400,"3":1600,"4":800}	9109024	50		UI_Supply_053	0	1	[]	0	[]	[]	[]	[]	[]	[]	[]	[]	[]	[]	[]	[]	0		drop		6	1	0
0405005	9009025	[250]	[350]	[450]	[550]	[650]	36000	{"1":360000,"2":600,"3":2700,"4":1800}	9109025	70		UI_Supply_054	0	1	[]	0	[]	[]	[]	[]	[]	[]	[]	[]	[]	[]	[]	[]	0		drop		6	1	0